:0200000480007A
:1000000037F135F0130101BA370504F01305050087
:10001000B75505F0938505A1379605F0130606A997
:10002000EF00C032374504F013050500B74504F072
:1000300093850510379605F0130606A9B7D605F087
:10004000938606A9130710009307000437180000D1
:10005000EF008033374504F013050520B74504F061
:1000600093850530376604F013060630B78604F032
:100070009386063037C704F013070730B7D705F06B
:10008000938707A937D815F0130808A9EF00803D1A
:1000900037D515F0130505A9B7050400EF0000706A
:1000A00037C504F013050540B7C504F09385055026
:1000B00037E604F013060650B70605F0938606509F
:1000C000374705F013070750B7D715F0938707A9EF
:1000D00037D825F0130808A9EF00C03837D525F028
:1000E000130505A9B7050400EF00406B37D525F0CF
:1000F000130505A9B7D535F0938505A9EF00C07E96
:10010000374505F013050560B75505F0938505A043
:1001100037D635F0130606A9B7D635F0938606B95B
:10012000130700049307400013081000EF00C025D8
:1001300037D535F0130505B993054000EF00C06FC2
:10014000B7D235F0938202B907A5020087A5420015
:1001500007A6820087A6C200379305F0130303A108
:100160002720A3002722B3002724C3002726D3007B
:10017000D392A5A093030000638602005385B520A7
:1001800093031000D312A6A0638602005305C62075
:1001900093032000D392A6A063840200930330004F
:1001A000B79205F023A072A2B70158D09381010045
:1001B0009302F00F23805100E30800FE13000000BB
:1001C00013000000130000001300000013000000E3
:1001D00013000000130000001300000013000000D3
:1001E00013000000130000001300000013000000C3
:1001F00013000000130000001300000013000000B3
:1002000013000000130000001300000013000000A2
:100210001300000013000000130000001300000092
:100220001300000013000000130000001300000082
:100230001300000013000000130000001300000072
:100240001300000013000000130000001300000062
:100250001300000013000000130000001300000052
:100260001300000013000000130000001300000042
:100270001300000013000000130000001300000032
:100280001300000013000000130000001300000022
:100290001300000013000000130000001300000012
:1002A0001300000013000000130000001300000002
:1002B00013000000130000001300000013000000F2
:1002C00013000000130000001300000013000000E2
:1002D00013000000130000001300000013000000D2
:1002E00013000000130000001300000013000000C2
:1002F00013000000130000001300000013000000B2
:1003000013000000130000001300000013000000A1
:100310001300000013000000130000001300000091
:100320001300000013000000130000001300000081
:100330001300000013000000130000001300000071
:10034000130000001300000013000000B7120000AB
:100350001303050093830500130E06006384020255
:10036000832E0300139F2E00B38FE30107A50F0018
:100370002720AE0013034300130E4E009382F2FFBA
:100380006FF0DFFD67800000130141FE2320810034
:100390002322910023242101232631012328410116
:1003A000232A5101232C61011304050093840500C5
:1003B0001309060093890600130A0700938A0700B1
:1003C000130B0800630E0B06138E0A00938E0400B5
:1003D000138F0900630A0E0407A50E00B38FCA41EC
:1003E000B38F4F03939F2F00B30FF40193020900C3
:1003F00013030A006300030287A50F0007A602008B
:1004000043F5C550938F4F00938242001303F3FFCF
:100410006FF05FFE2720AF00938E4E00130F4F004A
:10042000130EFEFF6FF01FFB93122A0033095900D1
:1004300093922A00B3895900130BFBFF6FF09FF8CA
:100440000324010083244100032981008329C10082
:10045000032A0101832A4101032B81011301C101F8
:1004600067800000130101FD232011002322810079
:10047000232491002326210123283101232A41012D
:10048000232C5101232E6101232071032322810398
:10049000232491032326A10313040500938405005C
:1004A0001309060093890600130A0700938A0700C0
:1004B000130B0800930B00009302000463D45B2A23
:1004C00093922B00B302540007A50200EF00804571
:1004D00097E2357027A8A26C5304A520B7F235F037
:1004E000138C42DA930C00009302000263DE5C106E
:1004F00093020002B3825B02B382920193922200C4
:10050000B382540007A50200EF00C041D314A52018
:1005100093020002B3825B02B382920193922200A3
:10052000B302590007A90200D3F98410537A891045
:1005300053853921EF00003FD30AA52053054A21F6
:10054000EF00004953FBAA1053054A21EF00404F2A
:10055000D3FBAA1093020002B3825B02B382920122
:1005600013032000B382620293922200B3825900E7
:1005700087A5020007A64200B79205F007A042A88F
:10058000D3700B0853817B21D3F1151053722610C1
:10059000D3F1410853F22510D37216105372520052
:1005A000D3F2941053732911D3F2620053F39110D4
:1005B000D37322115373730053735318D373921070
:1005C000D3F62111D3F3D308D3F3531893922C000D
:1005D00037F335F033035300272233BB37F335F0BD
:1005E00033035300272243C337F335F0330353005B
:1005F000272263CA37F335F033035300272273D21F
:10060000938C1C006FF05FEE930C0000130D0C0038
:10061000B712000063DC5C0AD30700F0130D000082
:100620009302000263565D0893122D0037F335F0F4
:1006300033035300872943BA37F335F033035300AC
:10064000072A43C237F335F033035300872A43CADE
:1006500037F335F033035300072B43D253F50CD057
:1006600053753511EF00002CD30BA52053F50CD09A
:1006700053754511EF00C03553F0AB1053F50CD056
:1006800053754511EF00C03BD3F0AB1053F10A1086
:10069000D3711B1053713108379305F0872183A85C
:1006A00053F12110D3F72700130D1D006FF05FF7F2
:1006B000B7120000B382924193922C00B3025C0007
:1006C00027A0F200938C1C006FF09FF493922B00F4
:1006D000B3025A0087A40200930C0000B712000076
:1006E00063DE5C0693020004B3825C02B382720193
:1006F00093922200B3825A0007A50200D3F7A410F8
:10070000130D000063CCAC0393122D00B3025C0008
:1007100087A50200B382AC4113030004B3826202D6
:10072000B382720193922200B3825A0007A602009C
:10073000C3F7C578130D1D006FF0DFFC93020004B2
:10074000B3825C02B382720193922200B3025B0017
:1007500027A0F200938C1C006FF05FF8938B1B00B6
:100760006FF09FD583200100032441008324810082
:100770000329C10083290101032A4101832A810140
:10078000032BC101832B0102032C4102832C810224
:10079000032DC1021301010367800000130181FFD3
:1007A00023201100232281001304050093840500F7
:1007B0001301C1FF23209100938405006382040686
:1007C000072504005370A5105370A010B79205F0D0
:1007D00087A042A25370101053700500B79205F025
:1007E00087A082A25370101053050020EF00402D07
:1007F000B79205F087A042A85375150007210400A1
:100800005375A110B79205F087A0C2A253751510B9
:100810002720A400130444009384F4FF6FF01FFA10
:1008200083240100130141000324410083200100BF
:100830001301810067800000130141FF2320110094
:1008400023228100232491001304050093840500D2
:10085000072504009302100063D292021393220032
:100860003303640007200300D31305A0638403004F
:1008700053050020938212006FF01FFE5304A52041
:10088000D30600F0930200001303040063D2920227
:100890000725030053758508EF00C0082720A30033
:1008A000D3F6A60013034300938212006FF01FFEDD
:1008B000930200001303040063DE92000725030087
:1008C0005375D5182720A300130343009382120009
:1008D0006FF09FFE032441008324810083200100E8
:1008E0001301C10067800000B71200009382F2FF7D
:1008F00013030004B3826202939222003305550071
:1009000093020004638E02000720050027A0050063
:1009100013054500938545009382F2FF6FF09FFE1B
:1009200067800000B79205F087A002A35393A0A0B0
:10093000630A0300B79205F003A382A3530503F0F3
:1009400067800000B79205F087A042A3531315A05B
:1009500063060300530500F067800000B79205F0BE
:1009600087A0C2A353711510D30301C0D3F103D0E4
:10097000B79205F007A202A4D3F2411053705508B4
:10098000B79205F087A542A5B79205F007A602A584
:10099000C375B060B79205F007A6C2A4C375B06076
:1009A000B79205F007A682A4C375B060B79205F0B0
:1009B00007A642A4C375B0604375B0609383F30784
:1009C00093937301D38003F0537515106780000073
:1009D000B79205F087A0C2A7B79205F007A102A8B9
:1009E000D371251053A301C0D37103D0D3F11110DB
:1009F00053753508B79205F087A082A75393A0A03E
:100A00006306030053751508537515085370A51038
:100A1000B79205F087A042A6B79205F007A102A6FB
:100A2000C3701010B79205F007A1C2A5C3701010D3
:100A3000B79205F007A182A54375101067800000EA
:100A4000D313A5205325A520B79205F087A0C2A7F0
:100A5000B79205F007A102A8D371251053A301C0D6
:100A6000D37103D0D3F1111053753508B79205F047
:100A700087A082A75393A0A06306030053751508AF
:100A8000537515085370A510B79205F087A042A7BB
:100A9000B79205F007A102A7C3701010B79205F036
:100AA00007A1C2A6C3701010B79205F007A182A6D5
:100AB000C370101053751510532575206780000002
:100AC000130181FF2720A1005320A520B79205F034
:100AD00087A0C2A8531310A063080302B79205F0C1
:100AE00087A082A853751510EFF0DFE3B79205F0E9
:100AF00087A042A853711508D3711500537531189A
:100B0000130181006780000087250100B79205F07E
:100B100007A542A85305B520130181006780000096
:02000004F00406
:10000000000000000100000041000000400000006E
:1000100080000000C0000000C1000000810000005E
:1000200082000000C2000000C30000008300000046
:100030004300000042000000020000000300000036
:10004000040000004400000045000000050000001E
:100050000600000007000000470000004600000006
:100060008600000087000000C7000000C6000000F6
:10007000C50000008500000084000000C4000000EE
:1000800004010000440100004501000005010000DA
:1000900006010000070100004701000046010000C2
:1000A0008601000087010000C7010000C6010000B2
:1000B000C50100008501000084010000C4010000AA
:1000C000C3010000C20100008201000083010000A2
:1000D0004301000003010000020100004201000092
:1000E000410100000101000000010000400100008A
:1000F0008001000081010000C1010000C00100007A
:100100000002000040020000410200000102000065
:10011000020200000302000043020000420200004D
:100120008202000083020000C3020000C20200003D
:10013000C10200008102000080020000C002000035
:100140000003000001030000410300004003000021
:1001500080030000C0030000C10300008103000011
:1001600082030000C2030000C303000083030000F9
:1001700043030000420300000203000003030000E9
:1001800004030000050300004503000044030000D1
:1001900084030000C4030000C503000085030000C1
:1001A00086030000C6030000C703000087030000A9
:1001B0004703000046030000060300000703000099
:1001C000C70200008702000086020000C60200008D
:1001D000C5020000C4020000840200008502000085
:1001E0004502000044020000040200000502000075
:1001F000060200004602000047020000070200005D
:100200000802000048020000490200000902000044
:100210000A0200000B0200004B0200004A0200002C
:100220008A0200008B020000CB020000CA0200001C
:10023000C90200008902000088020000C802000014
:100240000803000009030000490300004803000000
:1002500088030000C8030000C903000089030000F0
:100260008A030000CA030000CB0300008B030000D8
:100270004B0300004A0300000A0300000B030000C8
:100280000C0300000D0300004D0300004C030000B0
:100290008C030000CC030000CD0300008D030000A0
:1002A0008E030000CE030000CF0300008F03000088
:1002B0004F0300004E0300000E0300000F03000078
:1002C000CF0200008F0200008E020000CE0200006C
:1002D000CD020000CC0200008C0200008D02000064
:1002E0004D0200004C0200000C0200000D02000054
:1002F0000E0200004E0200004F0200000F0200003C
:10030000CF010000CE0100008E0100008F0100002F
:100310004F0100000F0100000E0100004E0100001F
:100320004D0100000D0100000C0100004C01000017
:100330008C0100008D010000CD010000CC01000007
:10034000CB0100008B0100008A010000CA010000FF
:10035000C9010000C80100008801000089010000F7
:1003600049010000480100000801000009010000E7
:100370000A0100004A0100004B0100000B010000CF
:10038000CB0000008B0000008A000000CA000000C3
:10039000C9000000C80000008800000089000000BB
:1003A00049000000480000000800000009000000AB
:1003B0000A0000004A0000004B0000000B00000093
:1003C0000C0000000D0000004D0000004C0000007B
:1003D0008C000000CC000000CD0000008D0000006B
:1003E0008E000000CE000000CF0000008F00000053
:1003F0004F0000004E0000000E0000000F00000043
:10040000100000005000000051000000110000002A
:100410001200000013000000530000005200000012
:100420009200000093000000D3000000D200000002
:10043000D10000009100000090000000D0000000FA
:1004400010010000110100005101000050010000E6
:1004500090010000D0010000D101000091010000D6
:1004600092010000D2010000D301000093010000BE
:1004700053010000520100001201000013010000AE
:100480001401000015010000550100005401000096
:1004900094010000D4010000D50100009501000086
:1004A00096010000D6010000D7010000970100006E
:1004B000570100005601000016010000170100005E
:1004C000D70000009700000096000000D600000052
:1004D000D5000000D400000094000000950000004A
:1004E000550000005400000014000000150000003A
:1004F0001600000056000000570000001700000022
:100500001800000019000000590000005800000009
:1005100098000000D8000000D900000099000000F9
:100520009A000000DA000000DB0000009B000000E1
:100530005B0000005A0000001A0000001B000000D1
:100540001C0000005C0000005D0000001D000000B9
:100550001E0000001F0000005F0000005E000000A1
:100560009E0000009F000000DF000000DE00000091
:10057000DD0000009D0000009C000000DC00000089
:100580001C0100005C0100005D0100001D01000075
:100590001E0100001F0100005F0100005E0100005D
:1005A0009E0100009F010000DF010000DE0100004D
:1005B000DD0100009D0100009C010000DC01000045
:1005C000DB010000DA0100009A0100009B0100003D
:1005D0005B0100001B0100001A0100005A0100002D
:1005E0005901000019010000180100005801000025
:1005F0009801000099010000D9010000D801000015
:100600001802000019020000590200005802000000
:1006100098020000D8020000D902000099020000F0
:100620009A020000DA020000DB0200009B020000D8
:100630005B0200005A0200001A0200001B020000C8
:100640001C0200005C0200005D0200001D020000B0
:100650001E0200001F0200005F0200005E02000098
:100660009E0200009F020000DF020000DE02000088
:10067000DD0200009D0200009C020000DC02000080
:100680001C0300005C0300005D0300001D0300006C
:100690001E0300001F0300005F0300005E03000054
:1006A0009E0300009F030000DF030000DE03000044
:1006B000DD0300009D0300009C030000DC0300003C
:1006C000DB030000DA0300009A0300009B03000034
:1006D0005B0300001B0300001A0300005A03000024
:1006E000590300001903000018030000580300001C
:1006F0009803000099030000D9030000D80300000C
:10070000D70300009703000096030000D603000003
:10071000D5030000D40300009403000095030000FB
:1007200055030000540300001403000015030000EB
:1007300016030000560300005703000017030000D3
:10074000D7020000D60200009602000097020000C7
:1007500057020000170200001602000056020000B7
:1007600055020000150200001402000054020000AF
:100770009402000095020000D5020000D40200009F
:10078000D3020000D2020000920200009302000097
:100790005302000013020000120200005202000087
:1007A000510200001102000010020000500200007F
:1007B0009002000091020000D1020000D00200006F
:1007C000100300005003000051030000110300005B
:1007D0001203000013030000530300005203000043
:1007E0009203000093030000D3030000D203000033
:1007F000D10300009103000090030000D00300002B
:100800001004000050040000510400001104000016
:1008100012040000130400005304000052040000FE
:100820009204000093040000D3040000D2040000EE
:10083000D10400009104000090040000D0040000E6
:1008400010050000110500005105000050050000D2
:1008500090050000D0050000D105000091050000C2
:1008600092050000D2050000D305000093050000AA
:10087000530500005205000012050000130500009A
:100880001405000015050000550500005405000082
:1008900094050000D4050000D50500009505000072
:1008A00096050000D6050000D7050000970500005A
:1008B000570500005605000016050000170500004A
:1008C000D70400009704000096040000D60400003E
:1008D000D5040000D4040000940400009504000036
:1008E0005504000054040000140400001504000026
:1008F000160400005604000057040000170400000E
:1009000018040000190400005904000058040000F5
:1009100098040000D8040000D904000099040000E5
:100920009A040000DA040000DB0400009B040000CD
:100930005B0400005A0400001A0400001B040000BD
:100940001C0400005C0400005D0400001D040000A5
:100950001E0400001F0400005F0400005E0400008D
:100960009E0400009F040000DF040000DE0400007D
:10097000DD0400009D0400009C040000DC04000075
:100980001C0500005C0500005D0500001D05000061
:100990001E0500001F0500005F0500005E05000049
:1009A0009E0500009F050000DF050000DE05000039
:1009B000DD0500009D0500009C050000DC05000031
:1009C000DB050000DA0500009A0500009B05000029
:1009D0005B0500001B0500001A0500005A05000019
:1009E0005905000019050000180500005805000011
:1009F0009805000099050000D9050000D805000001
:100A000018060000190600005906000058060000EC
:100A100098060000D8060000D906000099060000DC
:100A20009A060000DA060000DB0600009B060000C4
:100A30005B0600005A0600001A0600001B060000B4
:100A40001C0600005C0600005D0600001D0600009C
:100A50001E0600001F0600005F0600005E06000084
:100A60009E0600009F060000DF060000DE06000074
:100A7000DD0600009D0600009C060000DC0600006C
:100A80001C0700005C0700005D0700001D07000058
:100A90001E0700001F0700005F0700005E07000040
:100AA0009E0700009F070000DF070000DE07000030
:100AB000DD0700009D0700009C070000DC07000028
:100AC000DB070000DA0700009A0700009B07000020
:100AD0005B0700001B0700001A0700005A07000010
:100AE0005907000019070000180700005807000008
:100AF0009807000099070000D9070000D8070000F8
:100B0000D70700009707000096070000D6070000EF
:100B1000D5070000D40700009407000095070000E7
:100B200055070000540700001407000015070000D7
:100B300016070000560700005707000017070000BF
:100B4000D7060000D60600009606000097060000B3
:100B500057060000170600001606000056060000A3
:100B6000550600001506000014060000540600009B
:100B70009406000095060000D5060000D40600008B
:100B8000D3060000D2060000920600009306000083
:100B90005306000013060000120600005206000073
:100BA000510600001106000010060000500600006B
:100BB0009006000091060000D1060000D00600005B
:100BC0001007000050070000510700001107000047
:100BD000120700001307000053070000520700002F
:100BE0009207000093070000D3070000D20700001F
:100BF000D10700009107000090070000D007000017
:100C0000CF070000CE0700008E0700008F0700000E
:100C10004F0700000F0700000E0700004E070000FE
:100C20004D0700000D0700000C0700004C070000F6
:100C30008C0700008D070000CD070000CC070000E6
:100C4000CB0700008B0700008A070000CA070000DE
:100C5000C9070000C80700008807000089070000D6
:100C600049070000480700000807000009070000C6
:100C70000A0700004A0700004B0700000B070000AE
:100C8000CB0600008B0600008A060000CA060000A2
:100C9000C9060000C806000088060000890600009A
:100CA000490600004806000008060000090600008A
:100CB0000A0600004A0600004B0600000B06000072
:100CC0000C0600000D0600004D0600004C0600005A
:100CD0008C060000CC060000CD0600008D0600004A
:100CE0008E060000CE060000CF0600008F06000032
:100CF0004F0600004E0600000E0600000F06000022
:100D0000CF0500008F0500008E050000CE05000015
:100D1000CD050000CC0500008C0500008D0500000D
:100D20004D0500004C0500000C0500000D050000FD
:100D30000E0500004E0500004F0500000F050000E5
:100D4000CF040000CE0400008E0400008F040000D9
:100D50004F0400000F0400000E0400004E040000C9
:100D60004D0400000D0400000C0400004C040000C1
:100D70008C0400008D040000CD040000CC040000B1
:100D8000CB040000CA0400008A0400008B040000A9
:100D90004B0400000B0400000A0400004A04000099
:100DA0004904000009040000080400004804000091
:100DB0008804000089040000C9040000C804000081
:100DC000080500004805000049050000090500006D
:100DD0000A0500000B0500004B0500004A05000055
:100DE0008A0500008B050000CB050000CA05000045
:100DF000C90500008905000088050000C80500003D
:100E0000C70500008705000086050000C605000034
:100E1000C5050000C405000084050000850500002C
:100E2000450500004405000004050000050500001C
:100E30000605000046050000470500000705000004
:100E4000C7040000C60400008604000087040000F8
:100E500047040000070400000604000046040000E8
:100E600045040000050400000404000044040000E0
:100E70008404000085040000C5040000C4040000D0
:100E8000C3040000C20400008204000083040000C8
:100E900043040000030400000204000042040000B8
:100EA00041040000010400000004000040040000B0
:100EB0008004000081040000C1040000C0040000A0
:100EC000000500004005000041050000010500008C
:100ED0000205000003050000430500004205000074
:100EE0008205000083050000C3050000C205000064
:100EF000C10500008105000080050000C00500005C
:100F00000006000001060000410600004006000047
:100F100080060000C0060000C10600008106000037
:100F200082060000C2060000C3060000830600001F
:100F3000430600004206000002060000030600000F
:100F400004060000440600004506000005060000F7
:100F500006060000070600004706000046060000DF
:100F60008606000087060000C7060000C6060000CF
:100F7000C50600008506000084060000C4060000C7
:100F800004070000440700004507000005070000B3
:100F9000060700000707000047070000460700009B
:100FA0008607000087070000C7070000C60700008B
:100FB000C50700008507000084070000C407000083
:100FC000C3070000C207000082070000830700007B
:100FD000430700000307000002070000420700006B
:100FE0004107000001070000000700004007000063
:100FF0008007000081070000C1070000C007000053
:10100000000800004008000041080000010800003E
:101010000208000003080000430800004208000026
:101020008208000083080000C3080000C208000016
:10103000C10800008108000080080000C00800000E
:1010400000090000010900004109000040090000FA
:1010500080090000C0090000C109000081090000EA
:1010600082090000C2090000C309000083090000D2
:1010700043090000420900000209000003090000C2
:1010800004090000050900004509000044090000AA
:1010900084090000C4090000C5090000850900009A
:1010A00086090000C6090000C70900008709000082
:1010B0004709000046090000060900000709000072
:1010C000C70800008708000086080000C608000066
:1010D000C5080000C408000084080000850800005E
:1010E000450800004408000004080000050800004E
:1010F0000608000046080000470800000708000036
:10110000080800000908000049080000480800001D
:1011100088080000C8080000C9080000890800000D
:101120008A080000CA080000CB0800008B080000F5
:101130004B0800004A0800000A0800000B080000E5
:101140000C0800004C0800004D0800000D080000CD
:101150000E0800000F0800004F0800004E080000B5
:101160008E0800008F080000CF080000CE080000A5
:10117000CD0800008D0800008C080000CC0800009D
:101180000C0900004C0900004D0900000D09000089
:101190000E0900000F0900004F0900004E09000071
:1011A0008E0900008F090000CF090000CE09000061
:1011B000CD0900008D0900008C090000CC09000059
:1011C000CB090000CA0900008A0900008B09000051
:1011D0004B0900000B0900000A0900004A09000041
:1011E0004909000009090000080900004809000039
:1011F0008809000089090000C9090000C809000029
:10120000080A0000090A0000490A0000480A000014
:10121000880A0000C80A0000C90A0000890A000004
:101220008A0A0000CA0A0000CB0A00008B0A0000EC
:101230004B0A00004A0A00000A0A00000B0A0000DC
:101240000C0A00004C0A00004D0A00000D0A0000C4
:101250000E0A00000F0A00004F0A00004E0A0000AC
:101260008E0A00008F0A0000CF0A0000CE0A00009C
:10127000CD0A00008D0A00008C0A0000CC0A000094
:101280000C0B00004C0B00004D0B00000D0B000080
:101290000E0B00000F0B00004F0B00004E0B000068
:1012A0008E0B00008F0B0000CF0B0000CE0B000058
:1012B000CD0B00008D0B00008C0B0000CC0B000050
:1012C000CB0B0000CA0B00008A0B00008B0B000048
:1012D0004B0B00000B0B00000A0B00004A0B000038
:1012E000490B0000090B0000080B0000480B000030
:1012F000880B0000890B0000C90B0000C80B000020
:10130000C70B0000870B0000860B0000C60B000017
:10131000C50B0000C40B0000840B0000850B00000F
:10132000450B0000440B0000040B0000050B0000FF
:10133000060B0000460B0000470B0000070B0000E7
:10134000C70A0000C60A0000860A0000870A0000DB
:10135000470A0000070A0000060A0000460A0000CB
:10136000450A0000050A0000040A0000440A0000C3
:10137000840A0000850A0000C50A0000C40A0000B3
:10138000C30A0000C20A0000820A0000830A0000AB
:10139000430A0000030A0000020A0000420A00009B
:1013A000410A0000010A0000000A0000400A000093
:1013B000800A0000810A0000C10A0000C00A000083
:1013C000000B0000400B0000410B0000010B00006F
:1013D000020B0000030B0000430B0000420B000057
:1013E000820B0000830B0000C30B0000C20B000047
:1013F000C10B0000810B0000800B0000C00B00003F
:10140000000C0000010C0000410C0000400C00002A
:10141000800C0000C00C0000C10C0000810C00001A
:10142000820C0000C20C0000C30C0000830C000002
:10143000430C0000420C0000020C0000030C0000F2
:10144000040C0000440C0000450C0000050C0000DA
:10145000060C0000070C0000470C0000460C0000C2
:10146000860C0000870C0000C70C0000C60C0000B2
:10147000C50C0000850C0000840C0000C40C0000AA
:10148000040D0000440D0000450D0000050D000096
:10149000060D0000070D0000470D0000460D00007E
:1014A000860D0000870D0000C70D0000C60D00006E
:1014B000C50D0000850D0000840D0000C40D000066
:1014C000C30D0000C20D0000820D0000830D00005E
:1014D000430D0000030D0000020D0000420D00004E
:1014E000410D0000010D0000000D0000400D000046
:1014F000800D0000810D0000C10D0000C00D000036
:10150000000E0000400E0000410E0000010E000021
:10151000020E0000030E0000430E0000420E000009
:10152000820E0000830E0000C30E0000C20E0000F9
:10153000C10E0000810E0000800E0000C00E0000F1
:10154000000F0000010F0000410F0000400F0000DD
:10155000800F0000C00F0000C10F0000810F0000CD
:10156000820F0000C20F0000C30F0000830F0000B5
:10157000430F0000420F0000020F0000030F0000A5
:10158000040F0000050F0000450F0000440F00008D
:10159000840F0000C40F0000C50F0000850F00007D
:1015A000860F0000C60F0000C70F0000870F000065
:1015B000470F0000460F0000060F0000070F000055
:1015C000C70E0000870E0000860E0000C60E000049
:1015D000C50E0000C40E0000840E0000850E000041
:1015E000450E0000440E0000040E0000050E000031
:1015F000060E0000460E0000470E0000070E000019
:10160000080E0000480E0000490E0000090E000000
:101610000A0E00000B0E00004B0E00004A0E0000E8
:101620008A0E00008B0E0000CB0E0000CA0E0000D8
:10163000C90E0000890E0000880E0000C80E0000D0
:10164000080F0000090F0000490F0000480F0000BC
:10165000880F0000C80F0000C90F0000890F0000AC
:101660008A0F0000CA0F0000CB0F00008B0F000094
:101670004B0F00004A0F00000A0F00000B0F000084
:101680000C0F00000D0F00004D0F00004C0F00006C
:101690008C0F0000CC0F0000CD0F00008D0F00005C
:1016A0008E0F0000CE0F0000CF0F00008F0F000044
:1016B0004F0F00004E0F00000E0F00000F0F000034
:1016C000CF0E00008F0E00008E0E0000CE0E000028
:1016D000CD0E0000CC0E00008C0E00008D0E000020
:1016E0004D0E00004C0E00000C0E00000D0E000010
:1016F0000E0E00004E0E00004F0E00000F0E0000F8
:10170000CF0D0000CE0D00008E0D00008F0D0000EB
:101710004F0D00000F0D00000E0D00004E0D0000DB
:101720004D0D00000D0D00000C0D00004C0D0000D3
:101730008C0D00008D0D0000CD0D0000CC0D0000C3
:10174000CB0D00008B0D00008A0D0000CA0D0000BB
:10175000C90D0000C80D0000880D0000890D0000B3
:10176000490D0000480D0000080D0000090D0000A3
:101770000A0D00004A0D00004B0D00000B0D00008B
:10178000CB0C00008B0C00008A0C0000CA0C00007F
:10179000C90C0000C80C0000880C0000890C000077
:1017A000490C0000480C0000080C0000090C000067
:1017B0000A0C00004A0C00004B0C00000B0C00004F
:1017C0000C0C00000D0C00004D0C00004C0C000037
:1017D0008C0C0000CC0C0000CD0C00008D0C000027
:1017E0008E0C0000CE0C0000CF0C00008F0C00000F
:1017F0004F0C00004E0C00000E0C00000F0C0000FF
:10180000100C0000110C0000510C0000500C0000E6
:10181000900C0000D00C0000D10C0000910C0000D6
:10182000920C0000D20C0000D30C0000930C0000BE
:10183000530C0000520C0000120C0000130C0000AE
:10184000140C0000540C0000550C0000150C000096
:10185000160C0000170C0000570C0000560C00007E
:10186000960C0000970C0000D70C0000D60C00006E
:10187000D50C0000950C0000940C0000D40C000066
:10188000140D0000540D0000550D0000150D000052
:10189000160D0000170D0000570D0000560D00003A
:1018A000960D0000970D0000D70D0000D60D00002A
:1018B000D50D0000950D0000940D0000D40D000022
:1018C000D30D0000D20D0000920D0000930D00001A
:1018D000530D0000130D0000120D0000520D00000A
:1018E000510D0000110D0000100D0000500D000002
:1018F000900D0000910D0000D10D0000D00D0000F2
:10190000100E0000500E0000510E0000110E0000DD
:10191000120E0000130E0000530E0000520E0000C5
:10192000920E0000930E0000D30E0000D20E0000B5
:10193000D10E0000910E0000900E0000D00E0000AD
:10194000100F0000110F0000510F0000500F000099
:10195000900F0000D00F0000D10F0000910F000089
:10196000920F0000D20F0000D30F0000930F000071
:10197000530F0000520F0000120F0000130F000061
:10198000140F0000150F0000550F0000540F000049
:10199000940F0000D40F0000D50F0000950F000039
:1019A000960F0000D60F0000D70F0000970F000021
:1019B000570F0000560F0000160F0000170F000011
:1019C000D70E0000970E0000960E0000D60E000005
:1019D000D50E0000D40E0000940E0000950E0000FD
:1019E000550E0000540E0000140E0000150E0000ED
:1019F000160E0000560E0000570E0000170E0000D5
:101A0000180E0000580E0000590E0000190E0000BC
:101A10001A0E00001B0E00005B0E00005A0E0000A4
:101A20009A0E00009B0E0000DB0E0000DA0E000094
:101A3000D90E0000990E0000980E0000D80E00008C
:101A4000180F0000190F0000590F0000580F000078
:101A5000980F0000D80F0000D90F0000990F000068
:101A60009A0F0000DA0F0000DB0F00009B0F000050
:101A70005B0F00005A0F00001A0F00001B0F000040
:101A80001C0F00001D0F00005D0F00005C0F000028
:101A90009C0F0000DC0F0000DD0F00009D0F000018
:101AA0009E0F0000DE0F0000DF0F00009F0F000000
:101AB0005F0F00005E0F00001E0F00001F0F0000F0
:101AC000DF0E00009F0E00009E0E0000DE0E0000E4
:101AD000DD0E0000DC0E00009C0E00009D0E0000DC
:101AE0005D0E00005C0E00001C0E00001D0E0000CC
:101AF0001E0E00005E0E00005F0E00001F0E0000B4
:101B0000DF0D0000DE0D00009E0D00009F0D0000A7
:101B10005F0D00001F0D00001E0D00005E0D000097
:101B20005D0D00001D0D00001C0D00005C0D00008F
:101B30009C0D00009D0D0000DD0D0000DC0D00007F
:101B4000DB0D00009B0D00009A0D0000DA0D000077
:101B5000D90D0000D80D0000980D0000990D00006F
:101B6000590D0000580D0000180D0000190D00005F
:101B70001A0D00005A0D00005B0D00001B0D000047
:101B8000DB0C00009B0C00009A0C0000DA0C00003B
:101B9000D90C0000D80C0000980C0000990C000033
:101BA000590C0000580C0000180C0000190C000023
:101BB0001A0C00005A0C00005B0C00001B0C00000B
:101BC0001C0C00001D0C00005D0C00005C0C0000F3
:101BD0009C0C0000DC0C0000DD0C00009D0C0000E3
:101BE0009E0C0000DE0C0000DF0C00009F0C0000CB
:101BF0005F0C00005E0C00001E0C00001F0C0000BB
:101C0000DF0B00009F0B00009E0B0000DE0B0000AE
:101C1000DD0B0000DC0B00009C0B00009D0B0000A6
:101C20005D0B00005C0B00001C0B00001D0B000096
:101C30001E0B00005E0B00005F0B00001F0B00007E
:101C4000DF0A0000DE0A00009E0A00009F0A000072
:101C50005F0A00001F0A00001E0A00005E0A000062
:101C60005D0A00001D0A00001C0A00005C0A00005A
:101C70009C0A00009D0A0000DD0A0000DC0A00004A
:101C8000DB0A0000DA0A00009A0A00009B0A000042
:101C90005B0A00001B0A00001A0A00005A0A000032
:101CA000590A0000190A0000180A0000580A00002A
:101CB000980A0000990A0000D90A0000D80A00001A
:101CC000180B0000580B0000590B0000190B000006
:101CD0001A0B00001B0B00005B0B00005A0B0000EE
:101CE0009A0B00009B0B0000DB0B0000DA0B0000DE
:101CF000D90B0000990B0000980B0000D80B0000D6
:101D0000D70B0000D60B0000960B0000970B0000CD
:101D1000570B0000170B0000160B0000560B0000BD
:101D2000550B0000150B0000140B0000540B0000B5
:101D3000940B0000950B0000D50B0000D40B0000A5
:101D4000D30B0000930B0000920B0000D20B00009D
:101D5000D10B0000D00B0000900B0000910B000095
:101D6000510B0000500B0000100B0000110B000085
:101D7000120B0000520B0000530B0000130B00006D
:101D8000D30A0000930A0000920A0000D20A000061
:101D9000D10A0000D00A0000900A0000910A000059
:101DA000510A0000500A0000100A0000110A000049
:101DB000120A0000520A0000530A0000130A000031
:101DC000140A0000150A0000550A0000540A000019
:101DD000940A0000D40A0000D50A0000950A000009
:101DE000960A0000D60A0000D70A0000970A0000F1
:101DF000570A0000560A0000160A0000170A0000E1
:101E0000D7090000D60900009609000097090000D4
:101E100057090000170900001609000056090000C4
:101E200055090000150900001409000054090000BC
:101E30009409000095090000D5090000D4090000AC
:101E4000D30900009309000092090000D2090000A4
:101E5000D1090000D009000090090000910900009C
:101E6000510900005009000010090000110900008C
:101E70001209000052090000530900001309000074
:101E8000D30800009308000092080000D208000068
:101E9000D1080000D0080000900800009108000060
:101EA0005108000050080000100800001108000050
:101EB0001208000052080000530800001308000038
:101EC0001408000015080000550800005408000020
:101ED00094080000D4080000D50800009508000010
:101EE00096080000D6080000D708000097080000F8
:101EF00057080000560800001608000017080000E8
:101F000018080000580800005908000019080000CF
:101F10001A0800001B0800005B0800005A080000B7
:101F20009A0800009B080000DB080000DA080000A7
:101F3000D90800009908000098080000D80800009F
:101F4000180900001909000059090000580900008B
:101F500098090000D8090000D9090000990900007B
:101F60009A090000DA090000DB0900009B09000063
:101F70005B0900005A0900001A0900001B09000053
:101F80001C0900001D0900005D0900005C0900003B
:101F90009C090000DC090000DD0900009D0900002B
:101FA0009E090000DE090000DF0900009F09000013
:101FB0005F0900005E0900001E0900001F09000003
:101FC000DF0800009F0800009E080000DE080000F7
:101FD000DD080000DC0800009C0800009D080000EF
:101FE0005D0800005C0800001C0800001D080000DF
:101FF0001E0800005E0800005F0800001F080000C7
:1020000020080000600800006108000021080000AE
:102010002208000023080000630800006208000096
:10202000A2080000A3080000E3080000E208000086
:10203000E1080000A1080000A0080000E00800007E
:10204000200900002109000061090000600900006A
:10205000A0090000E0090000E1090000A10900005A
:10206000A2090000E2090000E3090000A309000042
:102070006309000062090000220900002309000032
:10208000240900002509000065090000640900001A
:10209000A4090000E4090000E5090000A50900000A
:1020A000A6090000E6090000E7090000A7090000F2
:1020B00067090000660900002609000027090000E2
:1020C000E7080000A7080000A6080000E6080000D6
:1020D000E5080000E4080000A4080000A5080000CE
:1020E00065080000640800002408000025080000BE
:1020F00026080000660800006708000027080000A6
:10210000280800002908000069080000680800008D
:10211000A8080000E8080000E9080000A90800007D
:10212000AA080000EA080000EB080000AB08000065
:102130006B0800006A0800002A0800002B08000055
:102140002C0800006C0800006D0800002D0800003D
:102150002E0800002F0800006F0800006E08000025
:10216000AE080000AF080000EF080000EE08000015
:10217000ED080000AD080000AC080000EC0800000D
:102180002C0900006C0900006D0900002D090000F9
:102190002E0900002F0900006F0900006E090000E1
:1021A000AE090000AF090000EF090000EE090000D1
:1021B000ED090000AD090000AC090000EC090000C9
:1021C000EB090000EA090000AA090000AB090000C1
:1021D0006B0900002B0900002A0900006A090000B1
:1021E00069090000290900002809000068090000A9
:1021F000A8090000A9090000E9090000E809000099
:10220000280A0000290A0000690A0000680A000084
:10221000A80A0000E80A0000E90A0000A90A000074
:10222000AA0A0000EA0A0000EB0A0000AB0A00005C
:102230006B0A00006A0A00002A0A00002B0A00004C
:102240002C0A00006C0A00006D0A00002D0A000034
:102250002E0A00002F0A00006F0A00006E0A00001C
:10226000AE0A0000AF0A0000EF0A0000EE0A00000C
:10227000ED0A0000AD0A0000AC0A0000EC0A000004
:102280002C0B00006C0B00006D0B00002D0B0000F0
:102290002E0B00002F0B00006F0B00006E0B0000D8
:1022A000AE0B0000AF0B0000EF0B0000EE0B0000C8
:1022B000ED0B0000AD0B0000AC0B0000EC0B0000C0
:1022C000EB0B0000EA0B0000AA0B0000AB0B0000B8
:1022D0006B0B00002B0B00002A0B00006A0B0000A8
:1022E000690B0000290B0000280B0000680B0000A0
:1022F000A80B0000A90B0000E90B0000E80B000090
:10230000E70B0000A70B0000A60B0000E60B000087
:10231000E50B0000E40B0000A40B0000A50B00007F
:10232000650B0000640B0000240B0000250B00006F
:10233000260B0000660B0000670B0000270B000057
:10234000E70A0000E60A0000A60A0000A70A00004B
:10235000670A0000270A0000260A0000660A00003B
:10236000650A0000250A0000240A0000640A000033
:10237000A40A0000A50A0000E50A0000E40A000023
:10238000E30A0000E20A0000A20A0000A30A00001B
:10239000630A0000230A0000220A0000620A00000B
:1023A000610A0000210A0000200A0000600A000003
:1023B000A00A0000A10A0000E10A0000E00A0000F3
:1023C000200B0000600B0000610B0000210B0000DF
:1023D000220B0000230B0000630B0000620B0000C7
:1023E000A20B0000A30B0000E30B0000E20B0000B7
:1023F000E10B0000A10B0000A00B0000E00B0000AF
:10240000200C0000210C0000610C0000600C00009A
:10241000A00C0000E00C0000E10C0000A10C00008A
:10242000A20C0000E20C0000E30C0000A30C000072
:10243000630C0000620C0000220C0000230C000062
:10244000240C0000640C0000650C0000250C00004A
:10245000260C0000270C0000670C0000660C000032
:10246000A60C0000A70C0000E70C0000E60C000022
:10247000E50C0000A50C0000A40C0000E40C00001A
:10248000240D0000640D0000650D0000250D000006
:10249000260D0000270D0000670D0000660D0000EE
:1024A000A60D0000A70D0000E70D0000E60D0000DE
:1024B000E50D0000A50D0000A40D0000E40D0000D6
:1024C000E30D0000E20D0000A20D0000A30D0000CE
:1024D000630D0000230D0000220D0000620D0000BE
:1024E000610D0000210D0000200D0000600D0000B6
:1024F000A00D0000A10D0000E10D0000E00D0000A6
:10250000200E0000600E0000610E0000210E000091
:10251000220E0000230E0000630E0000620E000079
:10252000A20E0000A30E0000E30E0000E20E000069
:10253000E10E0000A10E0000A00E0000E00E000061
:10254000200F0000210F0000610F0000600F00004D
:10255000A00F0000E00F0000E10F0000A10F00003D
:10256000A20F0000E20F0000E30F0000A30F000025
:10257000630F0000620F0000220F0000230F000015
:10258000240F0000250F0000650F0000640F0000FD
:10259000A40F0000E40F0000E50F0000A50F0000ED
:1025A000A60F0000E60F0000E70F0000A70F0000D5
:1025B000670F0000660F0000260F0000270F0000C5
:1025C000E70E0000A70E0000A60E0000E60E0000B9
:1025D000E50E0000E40E0000A40E0000A50E0000B1
:1025E000650E0000640E0000240E0000250E0000A1
:1025F000260E0000660E0000670E0000270E000089
:10260000280E0000680E0000690E0000290E000070
:102610002A0E00002B0E00006B0E00006A0E000058
:10262000AA0E0000AB0E0000EB0E0000EA0E000048
:10263000E90E0000A90E0000A80E0000E80E000040
:10264000280F0000290F0000690F0000680F00002C
:10265000A80F0000E80F0000E90F0000A90F00001C
:10266000AA0F0000EA0F0000EB0F0000AB0F000004
:102670006B0F00006A0F00002A0F00002B0F0000F4
:102680002C0F00002D0F00006D0F00006C0F0000DC
:10269000AC0F0000EC0F0000ED0F0000AD0F0000CC
:1026A000AE0F0000EE0F0000EF0F0000AF0F0000B4
:1026B0006F0F00006E0F00002E0F00002F0F0000A4
:1026C000EF0E0000AF0E0000AE0E0000EE0E000098
:1026D000ED0E0000EC0E0000AC0E0000AD0E000090
:1026E0006D0E00006C0E00002C0E00002D0E000080
:1026F0002E0E00006E0E00006F0E00002F0E000068
:10270000EF0D0000EE0D0000AE0D0000AF0D00005B
:102710006F0D00002F0D00002E0D00006E0D00004B
:102720006D0D00002D0D00002C0D00006C0D000043
:10273000AC0D0000AD0D0000ED0D0000EC0D000033
:10274000EB0D0000AB0D0000AA0D0000EA0D00002B
:10275000E90D0000E80D0000A80D0000A90D000023
:10276000690D0000680D0000280D0000290D000013
:102770002A0D00006A0D00006B0D00002B0D0000FB
:10278000EB0C0000AB0C0000AA0C0000EA0C0000EF
:10279000E90C0000E80C0000A80C0000A90C0000E7
:1027A000690C0000680C0000280C0000290C0000D7
:1027B0002A0C00006A0C00006B0C00002B0C0000BF
:1027C0002C0C00002D0C00006D0C00006C0C0000A7
:1027D000AC0C0000EC0C0000ED0C0000AD0C000097
:1027E000AE0C0000EE0C0000EF0C0000AF0C00007F
:1027F0006F0C00006E0C00002E0C00002F0C00006F
:10280000300C0000310C0000710C0000700C000056
:10281000B00C0000F00C0000F10C0000B10C000046
:10282000B20C0000F20C0000F30C0000B30C00002E
:10283000730C0000720C0000320C0000330C00001E
:10284000340C0000740C0000750C0000350C000006
:10285000360C0000370C0000770C0000760C0000EE
:10286000B60C0000B70C0000F70C0000F60C0000DE
:10287000F50C0000B50C0000B40C0000F40C0000D6
:10288000340D0000740D0000750D0000350D0000C2
:10289000360D0000370D0000770D0000760D0000AA
:1028A000B60D0000B70D0000F70D0000F60D00009A
:1028B000F50D0000B50D0000B40D0000F40D000092
:1028C000F30D0000F20D0000B20D0000B30D00008A
:1028D000730D0000330D0000320D0000720D00007A
:1028E000710D0000310D0000300D0000700D000072
:1028F000B00D0000B10D0000F10D0000F00D000062
:10290000300E0000700E0000710E0000310E00004D
:10291000320E0000330E0000730E0000720E000035
:10292000B20E0000B30E0000F30E0000F20E000025
:10293000F10E0000B10E0000B00E0000F00E00001D
:10294000300F0000310F0000710F0000700F000009
:10295000B00F0000F00F0000F10F0000B10F0000F9
:10296000B20F0000F20F0000F30F0000B30F0000E1
:10297000730F0000720F0000320F0000330F0000D1
:10298000340F0000350F0000750F0000740F0000B9
:10299000B40F0000F40F0000F50F0000B50F0000A9
:1029A000B60F0000F60F0000F70F0000B70F000091
:1029B000770F0000760F0000360F0000370F000081
:1029C000F70E0000B70E0000B60E0000F60E000075
:1029D000F50E0000F40E0000B40E0000B50E00006D
:1029E000750E0000740E0000340E0000350E00005D
:1029F000360E0000760E0000770E0000370E000045
:102A0000380E0000780E0000790E0000390E00002C
:102A10003A0E00003B0E00007B0E00007A0E000014
:102A2000BA0E0000BB0E0000FB0E0000FA0E000004
:102A3000F90E0000B90E0000B80E0000F80E0000FC
:102A4000380F0000390F0000790F0000780F0000E8
:102A5000B80F0000F80F0000F90F0000B90F0000D8
:102A6000BA0F0000FA0F0000FB0F0000BB0F0000C0
:102A70007B0F00007A0F00003A0F00003B0F0000B0
:102A80003C0F00003D0F00007D0F00007C0F000098
:102A9000BC0F0000FC0F0000FD0F0000BD0F000088
:102AA000BE0F0000FE0F0000FF0F0000BF0F000070
:102AB0007F0F00007E0F00003E0F00003F0F000060
:102AC000FF0E0000BF0E0000BE0E0000FE0E000054
:102AD000FD0E0000FC0E0000BC0E0000BD0E00004C
:102AE0007D0E00007C0E00003C0E00003D0E00003C
:102AF0003E0E00007E0E00007F0E00003F0E000024
:102B0000FF0D0000FE0D0000BE0D0000BF0D000017
:102B10007F0D00003F0D00003E0D00007E0D000007
:102B20007D0D00003D0D00003C0D00007C0D0000FF
:102B3000BC0D0000BD0D0000FD0D0000FC0D0000EF
:102B4000FB0D0000BB0D0000BA0D0000FA0D0000E7
:102B5000F90D0000F80D0000B80D0000B90D0000DF
:102B6000790D0000780D0000380D0000390D0000CF
:102B70003A0D00007A0D00007B0D00003B0D0000B7
:102B8000FB0C0000BB0C0000BA0C0000FA0C0000AB
:102B9000F90C0000F80C0000B80C0000B90C0000A3
:102BA000790C0000780C0000380C0000390C000093
:102BB0003A0C00007A0C00007B0C00003B0C00007B
:102BC0003C0C00003D0C00007D0C00007C0C000063
:102BD000BC0C0000FC0C0000FD0C0000BD0C000053
:102BE000BE0C0000FE0C0000FF0C0000BF0C00003B
:102BF0007F0C00007E0C00003E0C00003F0C00002B
:102C0000FF0B0000BF0B0000BE0B0000FE0B00001E
:102C1000FD0B0000FC0B0000BC0B0000BD0B000016
:102C20007D0B00007C0B00003C0B00003D0B000006
:102C30003E0B00007E0B00007F0B00003F0B0000EE
:102C4000FF0A0000FE0A0000BE0A0000BF0A0000E2
:102C50007F0A00003F0A00003E0A00007E0A0000D2
:102C60007D0A00003D0A00003C0A00007C0A0000CA
:102C7000BC0A0000BD0A0000FD0A0000FC0A0000BA
:102C8000FB0A0000FA0A0000BA0A0000BB0A0000B2
:102C90007B0A00003B0A00003A0A00007A0A0000A2
:102CA000790A0000390A0000380A0000780A00009A
:102CB000B80A0000B90A0000F90A0000F80A00008A
:102CC000380B0000780B0000790B0000390B000076
:102CD0003A0B00003B0B00007B0B00007A0B00005E
:102CE000BA0B0000BB0B0000FB0B0000FA0B00004E
:102CF000F90B0000B90B0000B80B0000F80B000046
:102D0000F70B0000F60B0000B60B0000B70B00003D
:102D1000770B0000370B0000360B0000760B00002D
:102D2000750B0000350B0000340B0000740B000025
:102D3000B40B0000B50B0000F50B0000F40B000015
:102D4000F30B0000B30B0000B20B0000F20B00000D
:102D5000F10B0000F00B0000B00B0000B10B000005
:102D6000710B0000700B0000300B0000310B0000F5
:102D7000320B0000720B0000730B0000330B0000DD
:102D8000F30A0000B30A0000B20A0000F20A0000D1
:102D9000F10A0000F00A0000B00A0000B10A0000C9
:102DA000710A0000700A0000300A0000310A0000B9
:102DB000320A0000720A0000730A0000330A0000A1
:102DC000340A0000350A0000750A0000740A000089
:102DD000B40A0000F40A0000F50A0000B50A000079
:102DE000B60A0000F60A0000F70A0000B70A000061
:102DF000770A0000760A0000360A0000370A000051
:102E0000F7090000F6090000B6090000B709000044
:102E10007709000037090000360900007609000034
:102E2000750900003509000034090000740900002C
:102E3000B4090000B5090000F5090000F40900001C
:102E4000F3090000B3090000B2090000F209000014
:102E5000F1090000F0090000B0090000B10900000C
:102E600071090000700900003009000031090000FC
:102E700032090000720900007309000033090000E4
:102E8000F3080000B3080000B2080000F2080000D8
:102E9000F1080000F0080000B0080000B1080000D0
:102EA00071080000700800003008000031080000C0
:102EB00032080000720800007308000033080000A8
:102EC0003408000035080000750800007408000090
:102ED000B4080000F4080000F5080000B508000080
:102EE000B6080000F6080000F7080000B708000068
:102EF0007708000076080000360800003708000058
:102F0000380800007808000079080000390800003F
:102F10003A0800003B0800007B0800007A08000027
:102F2000BA080000BB080000FB080000FA08000017
:102F3000F9080000B9080000B8080000F80800000F
:102F400038090000390900007909000078090000FB
:102F5000B8090000F8090000F9090000B9090000EB
:102F6000BA090000FA090000FB090000BB090000D3
:102F70007B0900007A0900003A0900003B090000C3
:102F80003C0900003D0900007D0900007C090000AB
:102F9000BC090000FC090000FD090000BD0900009B
:102FA000BE090000FE090000FF090000BF09000083
:102FB0007F0900007E0900003E0900003F09000073
:102FC000FF080000BF080000BE080000FE08000067
:102FD000FD080000FC080000BC080000BD0800005F
:102FE0007D0800007C0800003C0800003D0800004F
:102FF0003E0800007E0800007F0800003F08000037
:10300000FF070000FE070000BE070000BF0700002A
:103010007F0700003F0700003E0700007E0700001A
:103020007D0700003D0700003C0700007C07000012
:10303000BC070000BD070000FD070000FC07000002
:10304000FB070000BB070000BA070000FA070000FA
:10305000F9070000F8070000B8070000B9070000F2
:1030600079070000780700003807000039070000E2
:103070003A0700007A0700007B0700003B070000CA
:10308000FB060000BB060000BA060000FA060000BE
:10309000F9060000F8060000B8060000B9060000B6
:1030A00079060000780600003806000039060000A6
:1030B0003A0600007A0600007B0600003B0600008E
:1030C0003C0600003D0600007D0600007C06000076
:1030D000BC060000FC060000FD060000BD06000066
:1030E000BE060000FE060000FF060000BF0600004E
:1030F0007F0600007E0600003E0600003F0600003E
:10310000FF050000BF050000BE050000FE05000031
:10311000FD050000FC050000BC050000BD05000029
:103120007D0500007C0500003C0500003D05000019
:103130003E0500007E0500007F0500003F05000001
:10314000FF040000FE040000BE040000BF040000F5
:103150007F0400003F0400003E0400007E040000E5
:103160007D0400003D0400003C0400007C040000DD
:10317000BC040000BD040000FD040000FC040000CD
:10318000FB040000FA040000BA040000BB040000C5
:103190007B0400003B0400003A0400007A040000B5
:1031A00079040000390400003804000078040000AD
:1031B000B8040000B9040000F9040000F80400009D
:1031C0003805000078050000790500003905000089
:1031D0003A0500003B0500007B0500007A05000071
:1031E000BA050000BB050000FB050000FA05000061
:1031F000F9050000B9050000B8050000F805000059
:10320000F7050000B7050000B6050000F605000050
:10321000F5050000F4050000B4050000B505000048
:103220007505000074050000340500003505000038
:103230003605000076050000770500003705000020
:10324000F7040000F6040000B6040000B704000014
:103250007704000037040000360400007604000004
:1032600075040000350400003404000074040000FC
:10327000B4040000B5040000F5040000F4040000EC
:10328000F3040000F2040000B2040000B3040000E4
:1032900073040000330400003204000072040000D4
:1032A00071040000310400003004000070040000CC
:1032B000B0040000B1040000F1040000F0040000BC
:1032C00030050000700500007105000031050000A8
:1032D0003205000033050000730500007205000090
:1032E000B2050000B3050000F3050000F205000080
:1032F000F1050000B1050000B0050000F005000078
:103300003006000031060000710600007006000063
:10331000B0060000F0060000F1060000B106000053
:10332000B2060000F2060000F3060000B30600003B
:10333000730600007206000032060000330600002B
:103340003406000074060000750600003506000013
:1033500036060000370600007706000076060000FB
:10336000B6060000B7060000F7060000F6060000EB
:10337000F5060000B5060000B4060000F4060000E3
:1033800034070000740700007507000035070000CF
:1033900036070000370700007707000076070000B7
:1033A000B6070000B7070000F7070000F6070000A7
:1033B000F5070000B5070000B4070000F40700009F
:1033C000F3070000F2070000B2070000B307000097
:1033D0007307000033070000320700007207000087
:1033E000710700003107000030070000700700007F
:1033F000B0070000B1070000F1070000F00700006F
:10340000EF070000AF070000AE070000EE07000066
:10341000ED070000EC070000AC070000AD0700005E
:103420006D0700006C0700002C0700002D0700004E
:103430002E0700006E0700006F0700002F07000036
:10344000EF060000EE060000AE060000AF0600002A
:103450006F0600002F0600002E0600006E0600001A
:103460006D0600002D0600002C0600006C06000012
:10347000AC060000AD060000ED060000EC06000002
:10348000EB060000EA060000AA060000AB060000FA
:103490006B0600002B0600002A0600006A060000EA
:1034A00069060000290600002806000068060000E2
:1034B000A8060000A9060000E9060000E8060000D2
:1034C00028070000680700006907000029070000BE
:1034D0002A0700002B0700006B0700006A070000A6
:1034E000AA070000AB070000EB070000EA07000096
:1034F000E9070000A9070000A8070000E80700008E
:10350000E7070000E6070000A6070000A707000085
:103510006707000027070000260700006607000075
:10352000650700002507000024070000640700006D
:10353000A4070000A5070000E5070000E40700005D
:10354000E3070000A3070000A2070000E207000055
:10355000E1070000E0070000A0070000A10700004D
:10356000610700006007000020070000210700003D
:103570002207000062070000630700002307000025
:10358000E3060000A3060000A2060000E206000019
:10359000E1060000E0060000A0060000A106000011
:1035A0006106000060060000200600002106000001
:1035B00022060000620600006306000023060000E9
:1035C00024060000250600006506000064060000D1
:1035D000A4060000E4060000E5060000A5060000C1
:1035E000A6060000E6060000E7060000A7060000A9
:1035F0006706000066060000260600002706000099
:10360000E7050000E6050000A6050000A70500008C
:10361000670500002705000026050000660500007C
:103620006505000025050000240500006405000074
:10363000A4050000A5050000E5050000E405000064
:10364000E3050000A3050000A2050000E20500005C
:10365000E1050000E0050000A0050000A105000054
:103660006105000060050000200500002105000044
:10367000220500006205000063050000230500002C
:10368000E3040000A3040000A2040000E204000020
:10369000E1040000E0040000A0040000A104000018
:1036A0006104000060040000200400002104000008
:1036B00022040000620400006304000023040000F0
:1036C00024040000250400006504000064040000D8
:1036D000A4040000E4040000E5040000A5040000C8
:1036E000A6040000E6040000E7040000A7040000B0
:1036F00067040000660400002604000027040000A0
:103700002804000068040000690400002904000087
:103710002A0400002B0400006B0400006A0400006F
:10372000AA040000AB040000EB040000EA0400005F
:10373000E9040000A9040000A8040000E804000057
:103740002805000029050000690500006805000043
:10375000A8050000E8050000E9050000A905000033
:10376000AA050000EA050000EB050000AB0500001B
:103770006B0500006A0500002A0500002B0500000B
:103780002C0500002D0500006D0500006C050000F3
:10379000AC050000EC050000ED050000AD050000E3
:1037A000AE050000EE050000EF050000AF050000CB
:1037B0006F0500006E0500002E0500002F050000BB
:1037C000EF040000AF040000AE040000EE040000AF
:1037D000ED040000EC040000AC040000AD040000A7
:1037E0006D0400006C0400002C0400002D04000097
:1037F0002E0400006E0400006F0400002F0400007F
:10380000EF030000AF030000AE030000EE03000072
:10381000ED030000EC030000AC030000AD0300006A
:103820006D0300006C0300002C0300002D0300005A
:103830002E0300006E0300006F0300002F03000042
:10384000EF020000EE020000AE020000AF02000036
:103850006F0200002F0200002E0200006E02000026
:103860006D0200002D0200002C0200006C0200001E
:10387000AC020000AD020000ED020000EC0200000E
:10388000EB020000EA020000AA020000AB02000006
:103890006B0200002B0200002A0200006A020000F6
:1038A00069020000290200002802000068020000EE
:1038B000A8020000A9020000E9020000E8020000DE
:1038C00028030000680300006903000029030000CA
:1038D0002A0300002B0300006B0300006A030000B2
:1038E000AA030000AB030000EB030000EA030000A2
:1038F000E9030000A9030000A8030000E80300009A
:10390000E7030000E6030000A6030000A703000091
:103910006703000027030000260300006603000081
:103920006503000025030000240300006403000079
:10393000A4030000A5030000E5030000E403000069
:10394000E3030000A3030000A2030000E203000061
:10395000E1030000E0030000A0030000A103000059
:103960006103000060030000200300002103000049
:103970002203000062030000630300002303000031
:10398000E3020000A3020000A2020000E202000025
:10399000E1020000E0020000A0020000A10200001D
:1039A000610200006002000020020000210200000D
:1039B00022020000620200006302000023020000F5
:1039C00024020000250200006502000064020000DD
:1039D000A4020000E4020000E5020000A5020000CD
:1039E000A6020000E6020000E7020000A7020000B5
:1039F00067020000660200002602000027020000A5
:103A0000E7010000E6010000A6010000A701000098
:103A10006701000027010000260100006601000088
:103A20006501000025010000240100006401000080
:103A3000A4010000A5010000E5010000E401000070
:103A4000E3010000A3010000A2010000E201000068
:103A5000E1010000E0010000A0010000A101000060
:103A60006101000060010000200100002101000050
:103A70002201000062010000630100002301000038
:103A8000E3000000A3000000A2000000E20000002C
:103A9000E1000000E0000000A0000000A100000024
:103AA0006100000060000000200000002100000014
:103AB00022000000620000006300000023000000FC
:103AC00024000000250000006500000064000000E4
:103AD000A4000000E4000000E5000000A5000000D4
:103AE000A6000000E6000000E7000000A7000000BC
:103AF00067000000660000002600000027000000AC
:103B00002800000068000000690000002900000093
:103B10002A0000002B0000006B0000006A0000007B
:103B2000AA000000AB000000EB000000EA0000006B
:103B3000E9000000A9000000A8000000E800000063
:103B4000280100002901000069010000680100004F
:103B5000A8010000E8010000E9010000A90100003F
:103B6000AA010000EA010000EB010000AB01000027
:103B70006B0100006A0100002A0100002B01000017
:103B80002C0100002D0100006D0100006C010000FF
:103B9000AC010000EC010000ED010000AD010000EF
:103BA000AE010000EE010000EF010000AF010000D7
:103BB0006F0100006E0100002E0100002F010000C7
:103BC000EF000000AF000000AE000000EE000000BB
:103BD000ED000000EC000000AC000000AD000000B3
:103BE0006D0000006C0000002C0000002D000000A3
:103BF0002E0000006E0000006F0000002F0000008B
:103C00003000000031000000710000007000000072
:103C1000B0000000F0000000F1000000B100000062
:103C2000B2000000F2000000F3000000B30000004A
:103C3000730000007200000032000000330000003A
:103C40003400000074000000750000003500000022
:103C5000360000003700000077000000760000000A
:103C6000B6000000B7000000F7000000F6000000FA
:103C7000F5000000B5000000B4000000F4000000F2
:103C800034010000740100007501000035010000DE
:103C900036010000370100007701000076010000C6
:103CA000B6010000B7010000F7010000F6010000B6
:103CB000F5010000B5010000B4010000F4010000AE
:103CC000F3010000F2010000B2010000B3010000A6
:103CD0007301000033010000320100007201000096
:103CE000710100003101000030010000700100008E
:103CF000B0010000B1010000F1010000F00100007E
:103D00003002000070020000710200003102000069
:103D10003202000033020000730200007202000051
:103D2000B2020000B3020000F3020000F202000041
:103D3000F1020000B1020000B0020000F002000039
:103D40003003000031030000710300007003000025
:103D5000B0030000F0030000F1030000B103000015
:103D6000B2030000F2030000F3030000B3030000FD
:103D700073030000720300003203000033030000ED
:103D800034030000350300007503000074030000D5
:103D9000B4030000F4030000F5030000B5030000C5
:103DA000B6030000F6030000F7030000B7030000AD
:103DB000770300007603000036030000370300009D
:103DC000F7020000B7020000B6020000F602000091
:103DD000F5020000F4020000B4020000B502000089
:103DE0007502000074020000340200003502000079
:103DF0003602000076020000770200003702000061
:103E00003802000078020000790200003902000048
:103E10003A0200003B0200007B0200007A02000030
:103E2000BA020000BB020000FB020000FA02000020
:103E3000F9020000B9020000B8020000F802000018
:103E40003803000039030000790300007803000004
:103E5000B8030000F8030000F9030000B9030000F4
:103E6000BA030000FA030000FB030000BB030000DC
:103E70007B0300007A0300003A0300003B030000CC
:103E80003C0300003D0300007D0300007C030000B4
:103E9000BC030000FC030000FD030000BD030000A4
:103EA000BE030000FE030000FF030000BF0300008C
:103EB0007F0300007E0300003E0300003F0300007C
:103EC000FF020000BF020000BE020000FE02000070
:103ED000FD020000FC020000BC020000BD02000068
:103EE0007D0200007C0200003C0200003D02000058
:103EF0003E0200007E0200007F0200003F02000040
:103F0000FF010000FE010000BE010000BF01000033
:103F10007F0100003F0100003E0100007E01000023
:103F20007D0100003D0100003C0100007C0100001B
:103F3000BC010000BD010000FD010000FC0100000B
:103F4000FB010000BB010000BA010000FA01000003
:103F5000F9010000F8010000B8010000B9010000FB
:103F600079010000780100003801000039010000EB
:103F70003A0100007A0100007B0100003B010000D3
:103F8000FB000000BB000000BA000000FA000000C7
:103F9000F9000000F8000000B8000000B9000000BF
:103FA00079000000780000003800000039000000AF
:103FB0003A0000007A0000007B0000003B00000097
:103FC0003C0000003D0000007D0000007C0000007F
:103FD000BC000000FC000000FD000000BD0000006F
:103FE000BE000000FE000000FF000000BF00000057
:103FF0007F0000007E0000003E0000003F00000047
:1040000079E22D3F62E08D3F99576A3F1FCF853F90
:1040100029BD783F6B1B3CBF6F6566BFBF169D3ED9
:10402000013C673E65668B3FDB1F623EAED819BF21
:10403000D233BCBEB34CBF3F34DF533F483E33BFE7
:10404000FD43EE3D9B3215BD3A0E0E3F8445BDBE8D
:1040500046533C3FE9EC623F216EB0BF7E96683E1E
:10406000B6FF1FBFD931B9BF44CF3A3E56B37EBF6A
:10407000B9AE843ECE2B86BF8825463FB3B7CD3F31
:1040800021CD77BF3435803BC5F950BFFA413B3F66
:1040900092CA29BF0CC5193F14EF883F9B049DBFEE
:1040A00022DBB2BF6DEB58BFFA115FBF0190F13E4A
:1040B000589BAA3DAFCBDB3E01E264BF1FC61C404C
:1040C000D088C5BD87AFB8BF1267663E03E12ABF7F
:1040D000867A4E3EC41BA63F60F6E23D096E8A3FDB
:1040E000D20CB5BFF34B2E3FA469DABF2816CC3EE5
:1040F0003997293F9F4F4ABEE849BC3F4F619D3EDB
:1041000068A178BE406FF63EA491E03DD7D1BCBE19
:10411000D892273EE67246BE8B2A1A3FD70F6D3FD4
:10412000B1AF4C3FF8100CBFD0E8C73E9B1B6D3EB3
:104130001C6F86BE8FCFF8BE8CD353BF706E8B3D85
:104140003E5B133ED3AAA1BE8197623F70BA89BD80
:10415000F0C16A3F4E71C9BE29674A3F6642AF3E11
:1041600077F52D3EE7C072BEA1AE46BFB5AB2DBF01
:10417000C4CA5B3F36D66EBE613F20BF52D81F3FD8
:1041800098AE18BE6CAC1C3F8796393E7A3039BF6A
:1041900067FC3E3F7DCD3CBF4F562FBF7F666BBD5A
:1041A0008871EEBE30CB60BF07DA1D3C26ADB23E53
:1041B00030184FBDD20C18BF8BFC783EFA82A13E5E
:1041C0009C9C713FD9BAE13E08BFC83DE431D53E61
:1041D0006E6CCDBE3D023DBF671DD83E94D6143FE8
:1041E0005AF7653FA461C9BE29BC853E2FE0673FF1
:1041F000F3048A3E0E9B4BBFC6F79D3E860AFD3EEA
:10420000822878C0960C94C0CD0FB1C0E03ECFC0DC
:10421000E89BBFC0F2514AC04C19B6C0DE47A1C0EE
:10422000A15394C0299384C0F163B2C0960438C0EE
:1042300010EA44C066E7C8C087485EC0DEE4CBC071
:10424000BADE43C0B2F2C3C0193B6DC0008A64C07D
:1042500001C6A2C09A2ED2C08A3BAAC0052930C08E
:1042600080021FC01496B6C0B75995C0EC7899C0AB
:104270006D8927C05498B0C0DB6185C0DFA023C022
:104280004C1416C0DE1A92C01DD263C0525D26C007
:1042900035E272C0A5A8A6C0CC37D6C0F1209FC019
:1042A000C3DDD6C0EC97C5C0EAEA1AC0D16CBFC066
:1042B0001631C4C0029EB8C0C4A950C0B1C6AEC0B9
:1042C00041F46CC034DAA6C062A0D2C0EA7989C0D9
:1042D000B50659C063CCADC071F075C06383D8C05A
:1042E000B798C1C0F48439C00C7EBEC0452C86C0CE
:1042F000451563C04A334FC021D3A0C02210D4C09B
:104300004B8242BF982A52BFDD580ABFE4BC24BF8B
:10431000678428BF46505BBF5CF38BBF9F8720BF7D
:10432000EABC3CBF6B8F32BF829E28BFEB7B56BF7F
:104330009BFD54BF5CF928BF18792BBF0B6042BFAF
:10434000F0704CBF823F47BF844C28BFDAE236BFD3
:10435000476046BF688F20BF7DF61DBF456B30BFED
:10436000245436BFC7394DBF67AD2DBF746C3BBFFA
:10437000F88030BF4DE952BFB6D13FBF8B9038BFF8
:1043800086E126BFF4ADEEBECE368EBFB1F4A7BF38
:10439000E6669CBF26F9B6BFCD00BDBE5E9C8FBF52
:1043A0008602AABF646039BFA8C5D1BEA1C527BF18
:1043B0000F4263BF96B171BF5D352EBF8B4E10BFEC
:1043C000AC3B66BF51BA8BBF712903BF1C0553BFFD
:1043D000B1A13BBF1AA205BFD03631BF6C801FBF51
:1043E00012D512BFF7176BBFFB7510BF729236BFA5
:1043F0007A7B4DBF190C37BF5F472DBFCA2141BF24
:10440000045A47BFA0264FBF2EDB55BF7AD76EBFD9
:104410003C8C57BF41EC6DBFA95B3FBF360C62BF00
:10442000982D79BF48977ABF78B399BF4D6E81BFF9
:10443000981D6CBFD2AA90BF43E7B9BE9F5C71BF05
:104440007BF57ABF996180BFFD7BA4BF4FE789BF31
:10445000873398BFEFB9B8BF064A88BFFABA41BFE1
:10446000CBBF01BF24DA31BF99BD19BFB9C53EBF6B
:10447000438334BFB26725BF02BB48BF305B56BF22
:10448000427B12BF16A681BF3C3659BF75B545BFEA
:10449000402324BFD21314BFF18B49BF06FB58BF82
:1044A0009F4083BF5B7239BF96DF67BF56F938BF45
:1044B0009EFE43BFA3FC80BF203969BF199250BF45
:1044C00095032DBF9A7654BF9B244BBF14D726BFAC
:1044D0001D1E3CBF34DF32BFD31C3BBF665870BFCC
:1044E000893693BF6EED90BF029585BF27E033BF3D
:1044F0003EBB89BFD4AC3EBF6B6F27BFD25292BFC9
:10450000914247BF852A78BF0B70C4BFC98A71BF6B
:10451000693689BFA97F38BF26E7F5BF0E981DBF52
:1045200068C4C5BF3B916EBF48FE6FBF839F3CBF51
:104530009F9A53BFDAF40FBFEBC212BFA15C4ABF10
:10454000A35A61BF179550BF08E4C4BFAB63ACBFAB
:1045500076F28CBFEACCB1BFDE269BBF265713BFD5
:10456000C42D76BF500428BFA33B0EBFC6326CBF1C
:104570000D21FABE8226C8BE508898BFB0046EBF17
:1045800040257DBF735F80BF2FD738BF91E0D6BE77
:1045900074A90EBF392142BF5EE149BF48F13CBF5B
:1045A0000A965CBF99C34EBFAEC92BBFBF2028BFC0
:1045B0001F0F32BFE1D82BBFBEC70FBFE9CF35BF3A
:1045C00051C133BFA69647BF615955BFE9BE45BF2C
:1045D000183831BF752849BF8F4E32BF7F5D14BF79
:1045E000FA2A46BF7A412BBF764913BFA5D829BF07
:1045F000288550BF4BFE22BF1C1A1FBFD77543BF73
:10460000396028BF76D80FBF280803BFBB1836BF54
:104610005CC91EBF94E444BF82612EBF37DB39BF43
:10462000799928BF89805EBFF5255BBF66C6E4BE69
:10463000130F71BF48414BBFE70C58BF91222BBFEE
:10464000AE6D41BFCBDC37BFE2E14CBFAFC17FBF36
:10465000882F43BFD49055BF830834BFBD5C3ABF99
:1046600037FB75BF506525BF104D6BBF7C662BBFF8
:10467000E84B26BF90863CBF60591CBF1D9034BFDD
:104680009FE535BFD2342DBF672D2DBF00762DBFDE
:104690001F5B35BF306935BF69A62FBF57AC2FBF31
:1046A000228934BF9FEC2EBF9CDB33BF0B2431BF6C
:1046B0009A9E31BF0FE432BF991233BF4E5731BFBC
:1046C000BD7D30BF792D30BF221F32BF184E32BFA3
:1046D000EE0E32BFED3632BFA0B830BF633230BF0E
:1046E0002A2C30BF621532BF2B7231BF7EE431BF3E
:1046F000487C31BFE16831BFFA3C31BF009C31BF1B
:1047000099A437BF45F42FBFD1E627BFACA43FBF64
:10471000BFA53FBF3C8C4EBFB09B4EBF8A5F2FBF33
:104720005B8961BFC62B4EBFDA9269BF873D2EBF42
:10473000035F5ABF4A3347BFC55168BFAC2A3CBF6D
:104740005CD251BF2D063DBF0E473ABF93503ABFD2
:10475000701527BFEB463EBF50E52DBFAE4F3BBFA8
:10476000EEE03EBFCB1C33BF2AC534BFDCAD35BF46
:1047700026CB31BF094A2DBF702538BF533D33BF0B
:10478000829237BFD24032BFBE1E54BF531488BF7F
:10479000965847BFE3F37FBF894D1FBFB77B52BF1A
:1047A000F4D273BFD44027BF228439BFF39E41BFE8
:1047B000D8C34CBF004E36BF675A37BFC46D26BF43
:1047C0008E3336BF75B83CBFBC3D42BF50F930BFD9
:1047D00001EA47BF93984BBF40D841BF441F35BF44
:1047E00028FC3BBFB54F21BFD81429BF911429BF66
:1047F00047FA33BFF55E1CBFD64527BF497B38BF9C
:10480000023233BFC8304FBF1D8836BF9C722FBFE6
:1048100024371EBF9B362EBF8AAD6EBF0C0B26BF42
:10482000E43362BF82163BBF605D31BF40D450BFEE
:104830000FFB50BF5DCD36BFCA3C53BFFEFA2BBF46
:1048400048DB2EBFB9CC0EBFED9349BFF6C729BFD9
:10485000BC4A29BFEF412ABF6B8D4EBF9C794CBF2C
:10486000EBB119BF5F3752BFDD652EBFC60C2BBF42
:10487000DC571FBFBE654DBFAF8829BF3A3921BF86
:10488000550E30BFCDCF6BBFB1E83DBFB7D84BBFE2
:10489000711825BFA4B624BF71B82CBFD5683DBF21
:1048A0001DA933BF845B1EBF93BB54BFE84450BFF8
:1048B00049FE19BF274D2DBF6CB233BF304133BF06
:1048C0000A8345BFB0DE28BFE4B63DBF6D0A3EBFD8
:1048D000956128BF2E8225BF724232BF529424BFF9
:1048E000E98A2EBFDB1342BFAA3C3ABFCC8B41BF43
:1048F000952A39BF846931BFF5EC2DBFAD5632BF63
:104900001F0A26BF79D539BF8FBB02BF6FCE2CBF20
:1049100064C21BBFA1C313BF17893FBF06B922BF23
:10492000F03A33BFAA3728BFF57438BFF6E91ABF8B
:104930001FE647BF3CEC3DBF5E4729BFD9C81ABF41
:10494000177A2ABFF77446BFD2F625BF53192DBF79
:1049500078B24FBF292338BFAC3D38BF278231BF63
:1049600003DC44BF506826BF9C2431BF5CF53EBFCA
:10497000D95239BFD7742FBFE54844BF417520BF16
:10498000A1F0D6BE3DFA8ABFD0FF5BBFACEB93BFB0
:10499000AD7D8DBF4C491BBFDF1943BF8C7B03BF6F
:1049A000788B62BFA65C7FBF4C4C84BFA7E3B8BFC7
:1049B000DDC5B8BF5DB2CABF88600FBFF7430EBF89
:1049C0004045F2BE058622BFD2074BBFBAC97DBFA4
:1049D00073D847BFB4DED2BFE4C7B4BF0DBF90BF2A
:1049E000F3D85DBFC6F5C7BFB5FF74BF6FFDB1BFDC
:1049F000090EBFBFE1D970BF9AA451BFFBFA85BFB2
:104A0000F83939BF617158BF183053BFC75032BF32
:104A1000621148BF494324BF11F958BFC8F236BFDD
:104A200086C43BBF79E921BFADC249BF69A248BF77
:104A30006A876CBFEBF71DBF487839BF1F2D24BFB5
:104A4000313445BF89AE2BBF6E114FBF4C0B2BBF0E
:104A5000B1054ABF99AE40BF923748BF6D0634BF1B
:104A6000FE2317BFD60734BF02114ABF9A5921BF90
:104A7000EBA144BFE3E33DBF39AC34BF1CC654BF18
:104A8000887E40BFEA48FBBE43F283BFE89D57BF24
:104A90007F638ABFC3A735BF2580A8BF261487BF01
:104AA0004FF901BF0960B9BF3DE2C4BFEE539DBFDE
:104AB000B922B4BF169CE4BFCFFC96BF4744A5BF44
:104AC0008D7387BF274F19BF6C4E98BF27708CBF5F
:104AD0003CCD0EBFF024CBBED96649BF657F34BF45
:104AE000F260D5BFC64BBDBF2845A7BE80301FBFF3
:104AF000B27557BF0883CDBF5F2ED5BFA77BA0BFC0
:104B000019AE23BFF73F26BF616124BFC87726BF18
:104B1000DF4342BF1D9740BF69F642BF52E645BF23
:104B20003F6A17BF5E2E48BF8FBB37BFF0BB1CBFAD
:104B3000AE192EBFB04449BFDC7537BFC3DC3CBFE4
:104B40001CA841BF34A024BF7D1637BF27ED3CBF52
:104B5000D6C633BF41102ABFD30629BFB28934BF9E
:104B6000AAF844BF316E34BF416A47BF86FF37BFE2
:104B7000FE254ABF342E35BFB4423EBF175534BF61
:104B8000D11934BFBA6A33BF07C035BF9FF72FBFF3
:104B90000EC432BFDD312ABFC8252ABF48F92FBF56
:104BA0004C2638BFB15C37BF6CCD4CBFA68A1CBF4A
:104BB00077FD2FBF371639BF19E333BF1F5F3ABFE9
:104BC0005BC333BF18582CBF10B21EBFD9FD4FBFF7
:104BD00041F056BFB7F627BFB68550BFCA1F47BFC3
:104BE0003A7C12BFAF6731BF12A244BF2BCA38BF95
:104BF000FDBA35BFC77B2CBF45E62CBFA70B3ABF1C
:104C0000A03632BFC30836BFEBCA32BF34BA31BF99
:104C1000282843BF43D939BFCC9031BF35222EBF9E
:104C200068F641BF97B231BF3AFF2FBF56FB3CBF7A
:104C3000CBFE30BF4CA82FBFFAA035BF9A8F36BF2E
:104C400098BD32BFF98A2FBFAE7633BF688228BFC6
:104C5000DA4835BFB6A037BFCEA13ABF52B526BF9E
:104C600081EB2FBFF08532BF6AD72ABF6FBA30BF42
:104C7000F3A43CBF7E952FBFD56E27BFFEDA39BFA8
:104C8000495422BF55EE20BF92803BBF73343BBFD7
:104C9000FD5E3BBFB1BD5BBF35DD46BF86C345BFD3
:104CA000C4A63EBFAF7933BFF21436BF468F22BFD2
:104CB000AF9444BF28BF41BFDC1940BF9D8C2FBFBC
:104CC000CF065ABFBC083FBF81F320BFBABA3FBF6F
:104CD000154F30BFC2B53ABF8ED529BF617F17BF10
:104CE000385843BF57C729BFBAF432BF4BA81EBFBD
:104CF000BAB83DBF872F3EBFDCD932BFA1822DBFDE
:104D0000187231BF187231BF187231BF187231BFBB
:104D1000187231BF187231BF187231BF187231BFAB
:104D2000187231BF187231BF187231BF187231BF9B
:104D3000187231BF187231BF187231BF187231BF8B
:104D4000187231BF187231BF187231BF187231BF7B
:104D5000187231BF187231BF187231BF187231BF6B
:104D6000187231BF187231BF187231BF187231BF5B
:104D7000187231BF187231BF187231BF187231BF4B
:104D800041FB31BFA83C63BFB8C938BF5DE64DBF2A
:104D9000F4EF7CBFAC819CBFC3F31FBF0D5D5FBF51
:104DA0009B8491BFEEBD8DBF398902BF000AA5BFAC
:104DB0001655CCBF8E3339BFC9DF9FBF8BFCA4BF54
:104DC000740B77BF65762CBF8ADE9ABF197C6EBFE5
:104DD000B0E682BFA0C176BFE4E281BF586FAABF30
:104DE000E4F34BBFD8A08FBF90B17EBF82A085BF38
:104DF000DBB68DBFD92674BF25EDEEBEA6148FBFDE
:104E000065112FBF348CAFBF3075D7BF2ABE02C02B
:104E1000BC6CC4BF7C7922BF6B5E3BBF95610FBF8A
:104E2000141E46BF685073BF921490BF6315D7BF5E
:104E3000D8B108BF648851BF44C911BF3EEB57BF0A
:104E400020A16ABFCA6261BFA26754BFF42B19BF19
:104E5000D90D5FBFEE3774BFD53AE0BE9E984BBF09
:104E6000906B36BFD51B27BFB22821BF2FF846BF96
:104E7000BF2437BF471EC8BEA74083BF754C81BF44
:104E80001DBD25BF0E5A25BF83B23EBFFB6F1FBF9E
:104E9000355E44BF98953EBFEFE348BF796D1FBFB5
:104EA000AE1B4CBF179E42BF685341BF1C712DBF44
:104EB000332D3EBF1EB02BBF9A203FBFAB803DBFFE
:104EC000193126BFAB693EBF964C36BF0CD01BBF15
:104ED000E82521BFF3FF42BF24303EBFD0D729BF12
:104EE00052CB29BF00A434BFE42435BFF8D034BF6F
:104EF00059022EBFAE7535BF8C692BBF62BD38BF5E
:104F000020442EBFE32C5CBF2E5439BFDA6058BF5B
:104F1000DA0137BF346C21BF0B2F3ABFD72F21BF27
:104F20001DB030BFB88D0DBF57E235BFE50C4CBF8B
:104F30000E4A48BF8FE04DBF219040BFE06B31BFAC
:104F4000B0D834BF066133BF26E121BF599B2ABFC9
:104F5000F0B639BF688A49BFEA9334BF5B433ABFB2
:104F6000D10548BF61CC2CBF04C93FBF803D32BFD3
:104F70004CEE3BBFE39A43BFB05633BFA1A437BF4B
:104F8000108472BF780B47BF43D384BFE9FB80BF57
:104F9000364BC1BF08665CBFD6E5CDBF1FF5B8BFB5
:104FA0006B3D81BF9ED473BF01898DBF13252FBF79
:104FB00043FE63BEC1E0AEBF36D3F6BF5523ADBFDF
:104FC0006B48CDBE82D0BEBF997EA7BF6D7997BF1B
:104FD0007B37AABF56FCC5BFDFAAB8BFB66ACABF37
:104FE000E33BD9BFA42EC1BF2EBAB4BFBD95E0BD6F
:104FF000A0EA7ABEAF3550BFB60E5ABF5AAF6FBFE8
:105000002BB035BF596B35BFC17D2FBF19C831BF1C
:10501000F1FC2FBF096B30BF61F030BF697232BF46
:105020005B7830BF686D31BF398631BFEF6731BF04
:10503000F46131BF5A8431BF906B31BFF68431BF08
:105040000F6231BFC44231BFFE6631BF013931BF8B
:10505000D95E31BF375231BF735A31BF9F8431BFE0
:10506000A78431BFC57731BF677A31BFCF6931BF00
:10507000D26D31BF147231BF105E31BFB77431BF12
:10508000785B20BFC4E21FBF8B8E18BFA3CE68BF62
:10509000B3EE4FBF10FB5BBFC46106BF930686BF74
:1050A00064E585BF14879DBF2BF08ABF1D4993BF60
:1050B000393A6ABFF78660BF684B6CBF60088DBF26
:1050C000F76719BFB7097EBF6C7F86BF1F21C4BEBB
:1050D000A8B501BF39E922BF95E619BF75C559BF0B
:1050E000504478BFFAC91DBF0BEE4DBFE85A40BF10
:1050F0004A6847BF7A4864BF80EF4BBFD7BE63BFE3
:10510000B34421BF486B1BBF1A5544BF635040BF17
:10511000CFB71FBF1C9918BF737B42BFA89417BF9E
:10512000647342BF30CB23BF54064BBFD30843BF89
:1051300032BA2CBF679A30BF0E4339BF5F0740BFFA
:105140005A143DBFBBEC46BFF98335BF77C63CBFA1
:10515000320431BF752B3ABF483E38BFCB503CBFFD
:105160006B242BBF1DAA34BF1A264BBF293F36BF65
:1051700034E249BF67733ABF215944BF4DFD37BF81
:10518000B3AF54BFD0064ABF03044CBFBFD0A4BFC7
:10519000EBE456BF48BE97BFE95CDFBE8B0F9ABFFA
:1051A000F90928BFE0B986BECBA5A6BF99C7C7BF7E
:1051B0004C4EF1BF8E78BBBF0685D4BFE1F21BBD5C
:1051C000991DA2BF4B9AA1BF7535B2BF6427C1BF5D
:1051D000D480C5BFF98D36BE1B2493BFBB218BBFC6
:1051E0007587A8BFB0278ABFA32986BF575C3BBF7E
:1051F0002A6994BFA56457BF285026BFF1398DBFD7
:10520000F63128BF319141BFC55E2FBFC0AE85BF0B
:10521000C08701BF8979F0BE58975ABF6FFC29BF7C
:10522000A5483FBFDEA01ABF7CC649BFB82F4DBFFF
:105230006CF22BBFD1AE49BF2B9F40BF89C31FBFAC
:10524000783435BF27E83CBF8FB916BFCB1227BFD4
:105250000ED246BF9E9443BF785A2DBF4FE32CBF5A
:10526000C2352FBFEAFB44BFFB1A3FBFD4C623BFE2
:105270004D5B3EBF64F026BFC80550BF13BF3BBFA8
:10528000E6C046BF97BAD2BFAA8FCBBF3F576EBF0B
:10529000917322BF6AED1ABFB3CA1CBF208B17BF20
:1052A00023A81CBFA38B18BF5E5130BF872F34BF0C
:1052B000B39E56BFA03210BFDD4E33BF449221BF14
:1052C0009B1E44BFDDAA1FBF18E221BFC2A62FBF8D
:1052D0005C6446BF0114D5BE36502CBFF41538BFF0
:1052E000671991BFA028D0BF3848D8BFAAC494BFBF
:1052F00069017FBF5EF546BF1C535DBFC1A83DBFBE
:105300003C8B27BFF14D0ABFA94E47BFCCB224BF8B
:10531000FF7C2EBF4D1F4EBFD63A2FBFC73F0FBFDA
:10532000F0BA2CBFFC5B3CBF26F64EBF501546BF03
:10533000D69625BFDF142FBFCF3A32BF050834BF42
:10534000455022BF27CD51BF073433BFA34E44BFC2
:10535000C50340BFCABC33BF622137BFF61458BF74
:1053600050BB36BFF45A25BFD6DE28BF150426BF72
:10537000BB2717BF235724BFBF2608BFE6E822BFBD
:10538000173822BF967E22BFB01B21BF5DAF40BF42
:10539000D3F846BFB09521BFE24A26BF184848BFA0
:1053A0006D053EBF233C40BF8FEC21BF575723BF45
:1053B0003B3841BF061B3CBFD42C41BF7C3321BFCF
:1053C000858B45BF169F23BF1DC940BFD89143BFE2
:1053D00036FF28BF789D3FBF658127BFE1A549BF44
:1053E000E07120BF04CA42BF585E38BFA13141BF3F
:1053F0009F3324BFC20A3FBF55621FBF11AA1EBF01
:1054000010C72EBFFF9416BF2F4230BF510437BFC5
:105410003C7903BFAA4C38BFE13926BF2AF237BF17
:10542000DBDF52BFD91456BF97AB4CBFF18E16BF0E
:105430002CE25CBFCCE229BFD1AE52BF2FFC2BBF08
:10544000FD912EBF0F2C1CBFEB462CBFC3A52EBF5A
:10545000EAE434BF232D29BF8C8342BF2EAE3EBF6A
:10546000504D34BF13C338BFED9635BFF2133DBF67
:10547000B5622ABFB85230BF08B65ABF21622EBFEC
:10548000CC1042BF121D3ABF62951CBFAD571DBF65
:10549000677040BF489639BFC8E825BF9A6823BFE8
:1054A0000C894ABF2B8D25BFD25022BFEA4D2BBF9E
:1054B000102E47BF8D1127BF68061ABFFC3712BFD9
:1054C0001A8323BFC08141BF5A3336BF5FE747BF4E
:1054D0000B2C30BF7A3C2CBF44712DBF29B41BBFAD
:1054E00048071ABF10EE33BF275F48BF9DBC4DBFB2
:1054F000902234BFFB013CBF25FD33BF5B2C3ABF7C
:105500005F264EBF7EDB3BBF0AB17EBFC99143BF62
:10551000B78D92BF6F744CBF36044ABF4B2B19BF77
:10552000B1731CBFBFA105BFFF1D2EBF9B9948BF14
:10553000C48A3EBFCFF42BBFFC932DBFA6DD26BF90
:10554000CC7732BFD2B245BF5B8842BF535C25BF28
:105550003DFC32BFD2761ABFF5B13EBFCB582ABF51
:1055600026B531BF53252ABF6E533CBFF20731BF6A
:1055700079812BBFAF7023BF51AE4CBF150841BF1F
:10558000223929BFD42A55BF685120BF8E4135BF6B
:10559000DA7F3EBF418601BFB6B65EBFCAAF90BFDD
:1055A00002DF8BBFA96C8ABF1CAA12BFE6A172BF23
:1055B000127B93BFCE3F20BF758B9ABF0E089EBF54
:1055C0005198AABF7F795EBFA28A9ABF8ED833BF97
:1055D000EEA7EDBEB20868BF3C4375BF71088CBF33
:1055E000C2A877BFCCF69BBF13DA6FBFD74D41BFC0
:1055F000C4BF5ABF857438BF792063BFDEBE08BF01
:105600002EDC1EBF1FAB53BF0BAC41BF4A543DBF86
:10561000F6AD1DBFFEF790BF485286BFAFF270BF18
:105620001F5084BF05D786BF88E976BF3E89FBBE81
:105630006E5DB3BF1E4D4ABFFA0535BF66027FBF20
:10564000058691BF99469BBFB4A6B4BF202FF6BE76
:10565000543C37BFAA6C42BF9A854FBF866786BF4E
:10566000936493BF341B14BF822071BF520A30BFB2
:10567000F148D0BE934581BF18CF23BF03E095BF4B
:105680002D00FBBEA8016DBF9E5652BF68D106BF5C
:10569000B37238BF319940BFD121BFBF9BCDBDBFD1
:1056A000AE379EBF964E79BF162487BFD30DA8BFD5
:1056B000F505A7BFAEE55BBFE1B367BF299484BF23
:1056C0006B284BBFE79B83BF192261BF5D92A7BFC9
:1056D000C10BAEBF7FB5A1BF59899FBFF50799BF69
:1056E000E4217DBF3C2282BF113955BFC5200CBFCC
:1056F0005B811BBFF9B66CBF7BF436BFE75C34BF80
:105700000CFE2DBF02EF51BF281641BF2472B8BC5A
:105710002BFEACBF53BF82BFADB753BFBC23E3BEAC
:1057200075F688BF76321ABF9E0F2CBF2C0A39BF80
:10573000EB1879BFAEE6AFBF13D9CBBF9C7263BF86
:10574000DD5089BF9D9F44BF8BAE8DBF20B13DBF53
:10575000A6B2CABEC008B3BFFBC3A5BF624380BF29
:10576000277A51BFB96C84BFE66FA9BF525CBBBF3B
:10577000C5B29ABFB62859BF5F6686BF9BFA61BFA4
:105780000A372ABFE96B3BBF9D642BBFC0D83DBF22
:10579000557738BF36B12ABFC9482BBFD36F3BBF3F
:1057A000497927BF70F237BF18B42ABFDE5127BF2F
:1057B00037CD25BFB10B29BF4C6536BFA8A835BF73
:1057C00091B134BF148735BF97BC31BF45E531BFB8
:1057D000B0CB49BF292564BFB7751FBF19AA72BFD7
:1057E0005DE941BF32E13DBF600D2BBFA3A839BFCA
:1057F00061E328BF72B339BF6BE638BF1CAB34BF5F
:10580000CF4D2FBFC349A6BFF5694FBFF83E31BF8B
:10581000DB5B12BF716A48BFAA8230BFDB9535BF20
:10582000EFBE1BBF135422BF4DB23FBF4BAE20BFD4
:1058300052461FBFA6583EBFCF5143BF2BCF1ABF02
:10584000D3122FBF124C13BFBE0724BFE45729BF8A
:10585000B82F2DBFFCBB57BF9C694BBF4BAD2EBFB4
:105860009D0949BF171B50BFE7B936BF28AD23BFFD
:10587000B29631BF95C13CBF829F5ABF685829BFBD
:10588000ACFF28BF275925BF23133CBF31F040BFD1
:10589000473335BF3F190DBF3E550DBF54142BBFC5
:1058A00017383EBFB06006BFC32518BF309C19BF74
:1058B000208321BFBFAB3BBFEE2931BF56E628BFD7
:1058C0008FCB28BF8F4024BFF1F51DBF26EA2CBF28
:1058D000714B11BFE39529BFB8EF3ABF865926BF78
:1058E0007BE52EBF2A041DBF35F229BF771E2FBFCF
:1058F000A47B28BFC4DE2CBF1F3F2FBFF3AD2EBF3C
:10590000780C30BF009B36BFB41935BFF5A954BF22
:10591000F5131FBFBAA751BF7D03E3BE14053FBFF8
:10592000F4FF6BBFC7653EBF32B9AFBEBE3640BFE6
:105930000F4F6BBF2C6D1ABF91F953BF922816BF42
:10594000F6D160BF1F767BBFE999F1BEF21261BF4D
:105950005E272EBF275535BF1FE141BFE0F825BFA9
:10596000976238BF16CD23BFA04A22BF0C2416BFB2
:10597000394928BF47EB2CBFBAF88ABFD11631BFCF
:10598000E7A537BF0EA728BF52F83ABF18953EBF0C
:10599000D5E83DBF6FC1FCBE1EB055BF6E78A2BF3B
:1059A000281573BF3ADDF3BEAC304EBFB92D34BFFE
:1059B0007F3B20BF62D94FBF01474DBF80CBFEBEAA
:1059C0007EB380BFEC6945BFD99F30BFD94C42BF81
:1059D000DB9635BF39BB22BF3FF72DBFEA162DBF7F
:1059E0008C082BBFDEA61FBFD2E03ABFC12F29BF54
:1059F000C1F13FBF19F727BF4F251EBFB45854BF91
:105A000099FF50BF0A05A1BFEC8EDDBFE1F905BFCC
:105A1000B1730EBF4EC334BF39A21DBF0B8733BF56
:105A2000C1EE17BFE625EDBE12F715BF6FCE2CBF36
:105A3000C0554ABFF3DBFCBEB53F22BF225D24BF89
:105A4000882328BF9F1C2EBFD7071FBFBC8A47BF14
:105A5000E04D01BFCCE832BFBE341EBF40B325BF0E
:105A6000528617BF0DA70ABF0E4040BF385520BF52
:105A7000931920BF296021BF5E3F21BFA5162BBF10
:105A800007B1CCBE81A5FCBF044EFFBF28EC0BC004
:105A900032D71CC0C37E08C052218ABF0B2501C06B
:105AA0002871DABF80A3CCBF568BD4BF664303C036
:105AB0003A9A04C0BA531DC059780FBFD751A8BF36
:105AC000760A01C0D92B12C0EC6FDDBF486BB5BFA1
:105AD000DBB101C01A5FABBF9888EABF99C0C9BFEC
:105AE0001BECB5BFA6B1B2BFA0592ABFC4E460BFCA
:105AF000EEF897BF1C34DEBE462D79BF25EDBEBF44
:105B0000E4B225BFC98B3BBFA48F2ABF498535BFEF
:105B100059CB27BF95DA32BF5D222CBF487A38BFF8
:105B2000BDFF29BF30A028BF27EE2FBF22E238BF1C
:105B300098E439BF0BD328BF97642DBF5A8336BF73
:105B4000545C38BF9A5225BFB6E82FBF3B2038BF00
:105B5000DF6E2CBF5BE34ABFA70B21BF88E624BFE3
:105B600001542FBF28B02ABFB9D724BF4B2836BF56
:105B7000AE672FBF221F28BFF94434BF17E240BFD2
:105B80001AD248BF08989FBFC802A7BF043B5DBF99
:105B9000C3F28FBF38F396BFFD979DBF90DDC6BFA0
:105BA0005BCEA5BF8CB87FBFDDD08EBFB28603BFF2
:105BB0003B4D57BF4AA47ABFE73687BF697C89BF90
:105BC000C4B858BF068526BF5B1C4BBF94E231BFEB
:105BD000970735BF9DA63EBFF23E3CBFC25164BF92
:105BE0009C8009BFFF721BBF2C5D41BFD4202DBF1D
:105BF000F3B033BFADE31BBF3DF451BF3DB25DBF5A
:105C000043FD1DBF4F6E40BFF8E350BFDCD716BF4A
:105C10001E8EA6BFCC1350BF3A8342BFBAFA31BF23
:105C2000F15E66BF6D4265BFEBF83CBFDB715CBFE8
:105C3000405A1FBFE5C682BF687257BF3796CCBEB9
:105C4000A8D40CBF6E211EBFA16D41BF504820BF1C
:105C5000B3F51ABF63714FBF66123BBFBE183FBF9B
:105C60008C2A3FBFF6492EBFCB4B32BF11781BBFEA
:105C700001D81EBF5FD637BF6E7642BF5F7258BF76
:105C80001CCC3BBF6F8634BFBF243ABF992C6CBF7E
:105C90001629CABF734C57BFA1E73BBFFD1F54BFB6
:105CA000BEFB59BF88FC3ABF907E11BF5CEB2BBF97
:105CB000CCCF1DBFEE3E2FBF5A7C26BFF11A39BF95
:105CC00024A119BF30CE1DBFF0CE15BF8D803EBFC1
:105CD000ED394CBF031622BF21175ABF97372FBF8C
:105CE0001D2F45BF3B2A31BF3A982CBF0C2D30BF2A
:105CF0009C7D39BF77092BBF77DA44BF8C7D21BFEC
:105D0000068338BF67AB2BBF81BC39BFE51140BFED
:105D1000F59A47BFCEC30ABF9FC521BFA41B33BF9F
:105D2000587735BF2F6F42BFBAA236BF17A83ABF08
:105D3000F47935BF004631BF83F12FBFCB7F3BBF26
:105D4000958736BF9C6D33BFBE0A37BF35DA4CBF6F
:105D50003B803ABFC04511BF357227BF390633BFFC
:105D600064E727BF384D35BF14AF24BF19A146BF24
:105D7000A8102CBF4AD227BFAAB63BBF46872EBF6A
:105D80003D961BBFE4263FBF2AE22BBFDA3132BF6C
:105D9000627E50BF295872BF9B161CBF74E52ABF94
:105DA0002A6613BFED38A8BDF2F59EBFCB171FBF03
:105DB00036E69EBFC15268BF363B34BF10140EBFDB
:105DC00061221FBF3F744BBFF499ADBF44EDBFBF0D
:105DD000E6ACA0BFF04A97BF98858FBF1A58A4BF02
:105DE000CFEAC0BED8E08CBF8B4368BFDF624EBF36
:105DF0001D3D65BF7FC485BF584D37BF88BB6CBF95
:105E000014C831BFC6F230BF3FED2DBFD7EC29BF5C
:105E100045592FBF8EC435BFD5AB31BF933C31BF81
:105E2000CF2631BFEF5234BFFD7339BF7B6729BF27
:105E30004F562DBF344143BFC4F432BF419A2FBFE8
:105E4000763223BFCB163ABFA86332BF2D902EBF48
:105E50008CC22ABFB1A940BFEC7C3EBF661030BFE8
:105E6000F9942DBFF4DF3EBFB69434BF494A40BF1A
:105E7000BA2D32BF827C32BFA7DA2DBF4F8130BF2F
:105E800048E430BFAE4049BFEF9626BF8BA639BF6E
:105E90004E7AA7BF0A3A99BFB28A4EBF4C815EBF05
:105EA000372D35BF503C2EBFBE0C6FBF96D97DBF7E
:105EB000D4A5A0BF04723FBF665D00BF0537BEBE5C
:105EC00034D906BF63219DBF578D6BBF5C1F8ABF4E
:105ED000C90E88BF36694FBFD4B4DEBEEFB064BF11
:105EE000258A80BF334889BFF5592FBF185772BF25
:105EF000C00022BF825C35BF0F4F7ABFD6658DBF11
:105F0000AB2337BF075E3CBF5E4E37BF3B5B2ABF4C
:105F100004713CBF1E9030BFB77B21BF642068BFB7
:105F2000AD7877BFFAA5FDBED5E856BF7C6A86BFBF
:105F300036541EBF5AB21ABFEBBB3EBF9C9851BF2E
:105F400071E051BF12439CBF00EC9BBF5A09C7BE12
:105F50001C3D6FBF69CA29BF860A34BEA26A42BF10
:105F6000E54324BFCBDC93BF044E8CBF86FF80BFCC
:105F7000B2307CBFB44704BFDC8047BFA37681BF8B
:105F800012231FBFA14647BF41401EBFC7DD20BF30
:105F900023033EBF3D9B46BF18214CBF205C27BF5B
:105FA000C62330BFDFCF3ABFD01546BFA8434DBF91
:105FB000D25930BFAE2246BFAB4C38BFD97B2EBFC3
:105FC000210B2DBF079C27BFAE164ABFF15028BF3B
:105FD000E89D17BF69DE33BF223C2FBFFE2D3BBFBC
:105FE00085BF34BF468D1EBFD8BA3ABF63EE2FBF00
:105FF0007B2F2ABF847739BF2E053ABF52E833BFC3
:1060000079D712BFEBE57FBF634654BF53B542BF9C
:10601000967C1ABFE937BBBFCFD3B2BF8E3AADBFB4
:10602000EBB4C3BF5CA2B2BFE2FABEBF909549BF5A
:10603000521148BF7EAE87BF3A867FBF9174B1BF11
:106040001291C5BF4B6EA9BF7187B2BF7E6FCABF29
:106050000038AABFC255C2BF2F01C5BF4414B7BF85
:1060600015F174BFCC7BAFBF9AC756BF39D4A7BF59
:1060700044B295BF422B6CBFF934BABF13ECB9BF21
:10608000124935BFF19331BF077E31BFC66E31BFB4
:10609000BA6F31BFDE6B31BFF87531BFE97331BF05
:1060A000B17031BF767231BFF77031BF3E7031BF12
:1060B000F97131BFE57231BF5B7231BFF87131BF29
:1060C000977231BF7C7131BFED7131BFE07131BF6B
:1060D000F27131BFE87131BFAB7131BF087231BFAE
:1060E000217231BF227231BF947131BF237231BF2F
:1060F0001C7231BF197231BF377231BF117231BF9B
:106100006E7A36BF27D64ABFC9D714BFA2450ABF89
:106110001F4C25BF255B4BBFFA1D35BFD5CA2DBF10
:106120004DC536BFC5BD4EBF57251EBFB08A40BF47
:10613000EAD81BBF77E51ABFBC8238BFA63D32BF85
:10614000DB0B37BFA0F35DBF03C630BF5E865CBF0D
:10615000142F38BF79FA35BF832B33BFCBF93BBF40
:10616000C6CE33BF985444BF8DF631BF1A5722BFF5
:10617000D3713DBF22E618BF933925BFDBB935BFC8
:106180009FDD32BF2B7F42BFA72A2DBFD7352EBF41
:10619000247E37BF3CBA2EBF069F29BF29912BBF53
:1061A000573037BF763031BFD35142BF6D5B37BFF9
:1061B0000EE237BFAE342FBFE2F744BFCFB62ABFDF
:1061C0001C1A36BFD2452EBFD6A637BF372F33BFD6
:1061D000FB5037BF5E122FBF90513EBF05963CBFAC
:1061E0002BAD2DBFEB6734BF0EB33BBFE58E29BF90
:1061F000C39D30BFF2F43CBF2A0326BFF86A2EBF0E
:10620000C9FF49BFD2CC63BF856E82BF659F5BBFAC
:106210001E0971BFC00A9CBFF6CCA1BFBB2EABBF8D
:10622000FA09C2BF3082DCBF7981CEBFE95CA6BF6C
:10623000215A56BFF1BAA0BF059171BF270887BF89
:1062400044CE32BFE6D71ABF7CCE3FBFB6BD4ABFF1
:106250000DF483BF97B672BF7E94A0BF71607FBFFD
:10626000314EE5BE530962BF0B23ECBEDA713FBF6E
:10627000260744BFDED334BF309B69BFA1A43DBF16
:10628000324F3EBFBD7846BF18BB29BF980B28BF11
:10629000B5653EBF6D502FBFE37F3EBFCCD05ABF28
:1062A000F65921BF4D3346BF5F4E51BF4E4F2FBFF2
:1062B00004C738BFC65C09BFA23532BF4DF2FFBE6E
:1062C000CA0A6ABF0A180CBF531F25BFD87239BF4C
:1062D000F08A3BBF79F541BF1D5334BF87AA37BF52
:1062E0003D5319BF4DCB1DBFE3E742BF04D335BFBC
:1062F0007AD42DBF49DF43BFC2F429BF456D31BFFA
:10630000221041BDBA8F46402741CB40D2C4144130
:10631000EA0D494152247E412D959741C0A7B041D5
:106320003B79C8416DD4E14144F9FA4133410A4215
:106330000C6C1642888A23423F0A30423C7F3C4222
:1063400034B74942056755422B61624244656E424B
:10635000B7487B4217D3834257688A42925E904285
:1063600032D0964243DB9C42FD4EA342279CA94279
:10637000DBF2AF421712B642956ABC42B7D4C242B2
:10638000262C12BCBF5752408DD0C840AF1B1441C1
:1063900045684A4106267A41C48E9141022FAD419B
:1063A00079EBC7419C43E3416EFDFD41E32A0B427B
:1063B000255A15422BE92242AECF2F42E6843B42BA
:1063C000FC1D4A429D20564256BD624288556E428F
:1063D000335F7A4226F8834255328A42634B9042B9
:1063E0004F8C96423CF09C427E71A342C29CA942D3
:1063F000DCB6AF4220DEB5428F6BBC421FDBC2422F
:10640000D60EB63DB3055640E170BE40088B18412C
:10641000142447417F3B7F418B1497417FDFB0417C
:10642000B4C8C941E04BE041F072FC4143C40842AA
:10643000368D17422CED234230872E420B473D42CA
:10644000DF8A4942B0255542BED0624229F06C42F3
:10645000C4477C42A7C983421E108A421C3890421E
:1064600064B79642B71F9D421F3EA342D780A94200
:106470000B16B0422A93B6422553BC420E6EC2425E
:10648000235F483D54D93F405FF6C64032E0164195
:10649000231A4D41D1BF794154F5954163ECB04188
:1064A000E01CCA41913DDF4132D0FB415BBC094257
:1064B0005108174261B12242FC412F42EBC93C42D4
:1064C000451849422752554289546242B0C56E422E
:1064D0003F5A7B42F2F383425D9A8A42DB4290420A
:1064E000FD3B974270F79C426828A3425305A9429E
:1064F00027DBAF429983B542146BBD42D61CC34221
:106500008775B9BDA5CE4640E4DAD540DF99134181
:106510004DBA4C4112DC74413F6F98415160AC411F
:106520008574C741C286E341B523FA4117810A4207
:10653000D858174204EB2242CEB92F42971E3D4253
:10654000B7214A42132156426FA662426E637042DF
:10655000B096784204B783420CC58942B3E19042B9
:106560009EB69742F7BF9C4219DAA342CC5FA9427C
:1065700088BEAF424048B6421FB1BC4206A2C142EB
:10658000C63E373E66A94C40C7A3C940185D1241BC
:10659000B1C74641089D7A410E3B9541B835AF41A0
:1065A000C3F3C9415372E1414D16FB4100750A42E4
:1065B000DC581642446F24425E3C304243DB3C428E
:1065C000F63C494293775542330B624273926E42D6
:1065D00057997A428AE7834267228A423968904211
:1065E000700C974226479D426034A3422288A942FC
:1065F000AFD6AF425C94B642C755BC42CD1CC34235
:10660000B749083D67E64740CB2BCA40015B1341C1
:106610002B6249412ECF7B41C0709541E581B1414C
:10662000F3CDC741870AE341F311FC4157180B42F0
:10663000783216425A1E24421BC22F4255ED3B426D
:106640007DAD4842DFB455420C9B6142FF366F423C
:10665000E57A7A4290B483420BD9894267BF90426F
:10666000AC9F9642195E9D423864A3423922AA42E9
:10667000ECD6AF42A20FB642C797BC4269EDC24208
:10668000D9798EBC382D4A40719AC9404688164146
:1066900019F648413F287B41C1E6964152F6AF4189
:1066A000BF2FC941DA18E2412454FB41693A0A423A
:1066B000F5C416425763234249EB2F426D803C429A
:1066C0005A0849426BAA55420632624262C16E4282
:1066D0005C547B4216F4834271378A423D87904274
:1066E0009DC8964211149D42335DA3422FA4A94236
:1066F00051EFAF42E736B642467DBC42E3C7C242E5
:106700009A00B33CB69446407729C9400D681641BB
:1067100067F74A41A78A7C41D3B496413253B141CD
:1067200020DAC841D604E241D272FA41A1F209420C
:106730002C62174283BF224204E02F429A223C423D
:106740003F6549429C1A564232A16242DD6E6E425A
:10675000B85B7B42671D8442B6228A422E7C9042FF
:1067600002BE9642BC0F9D42C329A3424785A9425F
:106770007E09B0425C14B6424692BC42E6DAC2429E
:106780003D1BF73C5BA7434096C8CD40E0B71A419C
:10679000A6184741993D7A41B4829641BD41B04126
:1067A000C3C8C741A37CE24130B4FB41E6B00A4212
:1067B000BF7F164296F923424F49304223C33C42E1
:1067C00033A949426FB65542B0F8614263D46E4274
:1067D000E9497B42E919844228838A429A5B9042C4
:1067E0009E0B9742C0149D425B56A34285A3A942CB
:1067F000B8FBAF42F85BB6429E7DBC424CCFC24272
:10680000D121BABBC7A149400895C840FDE6154152
:106810001F3C4941F4827A41874C9641C1B9AF414E
:1068200003C5C8417333E2412B86FB4153CD094276
:10683000EBBA1642028423429B5E3042BA103D42BC
:106840009A334942706A55426258624252DD6E4242
:106850003EB87B42C027844266168A428B539042E0
:106860008BAB964271149D4211ABA34246EFA942F5
:106870004FBFAF42F15AB6423A3CBC421AEEC24256
:106880000802E8BBA7124A400E7AC7405B8C17414A
:106890000A314841CE267B4104CD9541BF97B04196
:1068A0008CCDC9413349E1418605FC41AD130A4213
:1068B000679A164291D92242F1D82F4230233C42A6
:1068C00075BE4942DDB955421BF56142BB906E422F
:1068D000E6327B4285F48342212C8A42A17C90429D
:1068E000A2C49642303A9D42A885A3424B56A94283
:1068F000B3DAAF426D4EB642B4B7BC42D9F4C2422D
:106900004E7B253DD7934B4011F3C840D6CE144162
:106910005F4D4941E5E17B41DC3F9741AC21AF410F
:1069200012F9C841AC63E141C23CFC4130E6094286
:1069300074E01642F84223424413304200233C42A2
:106940009E2E494247D85542C7F56142FE1B6F4211
:10695000C1227B42A7F6834262578A4218B4904212
:1069600098C296425B359D421871A342B1A6A942D6
:10697000DEEBAF42EA51B6429376BC42D1F3C2425B
:10698000B26A8BBE01F922409D56CE406E591B4122
:10699000CCC546417FD2804135CE9541D41EB14110
:1069A0004B1CC841155EDF41BCA1FB412AA10A4234
:1069B00052ED1542E9C2234220D12F4299453C4273
:1069C0001FB04842789855427EB9614220CE70424D
:1069D0009BD07D4206FD8342F99A89426D329042F6
:1069E000645B9742F5349D426296A342C05DAA4221
:1069F0001481AF423DF4B542724DBC42EC6CC242D0
:106A0000627E1DBD46EF4A405822D3409F8115410A
:106A1000F560484127BA7C4164FF9641AE36AF41EC
:106A20004373C8416049E241E74AFB4185060A4297
:106A300065F8164244BB2342A5FE2F42392B3C4247
:106A400070374942B2CE55429930624231B76E42F8
:106A500038767B42F719844212638A424497904207
:106A600001D396422B1B9D42C83BA342C7C3A942F8
:106A7000D410B042521EB642B5AABC421C97C242C4
:106A80007F7F5FBD26D73D405601CC40474711412F
:106A9000C00A4941186A78415AE996411196AE41B7
:106AA000734CC8413C36E3415639FB41FB0D0C4267
:106AB000A96B1742ED1B22423F8930425D913A4259
:106AC0007DA34A427D5D5742032C6242343A6F42B5
:106AD00043367B42127D844294538942612D914218
:106AE0008366964215649C422A4CA342FBB5A94298
:106AF000DB49AF42F837B64225B7BB421A33C3422F
:106B0000A45443BDD4CC4A401D2FCA40B698174167
:106B10005DC04841A05F7C414A559641F727AF418F
:106B2000DABFC9410A17E2415AB9FB4158560A4235
:106B300048C11642FFB623429CBC2F426C753C42B2
:106B400037F14842E8F05542C7F9614279F66E42A2
:106B5000A5907B4207E08342262F8A42617E9042C5
:106B600025C796421E209D428D5EA342AC93A9424A
:106B70003EF1AF42C13FB6424E7EBC42659FC2422B
:106B8000CCA640BC417B4D400AA1CA4078131741B6
:106B9000B5814A41766D7B41946D974180F1AF415B
:106BA000D2C2C8414A05E2418154FB4191670A4281
:106BB000E7EE1642963223429AE62F42367E3C4258
:106BC00037174942A2E955422F276242A87D6E42FB
:106BD00093D87B42D2B58342F00B8A421C989042F4
:106BE00014A49642C1149D421C3CA34272A1A94226
:106BF000BF02B042183EB642ED7ABC4242F8C242F1
:106C0000501A17BB9D8249403046CA40CFF4164106
:106C1000776B494163377B41C03A964142D1AF41DE
:106C2000158FC941CFBAE1417F37FB4157180A425E
:106C30002ABF1642B07A234244B72F4290C13C4249
:106C4000950C4942429155425E1A624276F26E427A
:106C500079767B4248E88342B74E8A4282869042E8
:106C60002FDF964276089D425C5FA3428698A94238
:106C700034EEAF42E63EB642C870BC4233A8C242D0
:106C80009EB551BDA1144C408C12C940E7CF1441B0
:106C900030CF4741A77C7A41DF309641FC05B041B7
:106CA0006FE8C8415B50E241B23BFC41413B0A42C4
:106CB0009F3C1742AEEF224227CD2F42B5B43C4253
:106CC0008D0C494285785542CDF6614205CD6E4224
:106CD00059657B4218E48342484A8A42E9739042EC
:106CE00052EA964251FA9C42246BA342F5C3A94250
:106CF0000A0AB042CF22B6429E70BC4260C9C2426C
:106D000000000000DB0F4940DB0FC940E4CB164117
:106D1000DB0F4941D2537B41E4CB9641E0EDAF41DB
:106D2000DB0FC941D631E241D253FB41E73A0A4277
:106D3000E4CB1642E25C2342E0ED2F42DD7E3C4292
:106D4000DB0F4942D9A05542D6316242D4C26E42CD
:106D5000D2537B4268F28342E73A8A42658390428B
:106D6000E4CB964263149D42E25CA34261A5A94232
:106D7000E0EDAF425E36B642DD7EBC425CC7C24249
:106D80001BE3FEBB38774940B719C8404FFF154198
:106D90003D104A41F7C97B418D5C98418737B2412C
:106DA000A5CDC94187ECE2411D9FFA4167270B42FF
:106DB000787A154207C12142E9632F42D4363D4219
:106DC000C1C046422019564288F86242C5606D42F1
:106DD00042E97942DCA88442F6A28942291E904207
:106DE0000F3596420FC69C426250A342EACAA9429E
:106DF0005C7BB042D88DB542F2AFBD42A961C342BF
:106E00001B03FD3DFA1265401DC3D0405A021341D9
:106E1000F65B3E412C117D41760599411BF2AE4156
:106E200056CDCA418072E141610CF94175A80A4210
:106E3000288E16425F2D2342DE0E314241503C42E5
:106E400011DE4842CAFC5542A12B624296BB6E42FB
:106E5000EB6A7B4261A0834210408A428F0D9042D0
:106E6000CEBA974249019D428149A34205CBA9422E
:106E70002B66B0429DE1B542621ABC42F0B1C242FB
:106E80000F9815BD0F744B40A545C740A4D51541BB
:106E9000BAA1484178D27A41131197419E84AF41FB
:106EA000EC93C841BF04E241F88EFB414F470A42D0
:106EB0003C831642EE942342FA4B30424B5D3C42F7
:106EC0000CF34842A276554276236242DB026F42BF
:106ED000DB057B4267F7834296588A42589090427E
:106EE000DEFE9642A1289D426C66A3427398A94299
:106EF000B3FCAF42E95DB6426991BC42AED7C24233
:106F000033BC09BBFA4A3C408854C940770D17414D
:106F10006D794641757E7D41049A964176B3AF41C5
:106F2000ADDCC941263BE24195E5F94106800942C5
:106F300005C81642DEF72342097930422CD53C427F
:106F4000403D494260D75542FC3B6242E9266E42D1
:106F5000628D7B42080F8442440C8A42483690423C
:106F600015D2964274559D422D5CA3425099A94278
:106F7000F315B0420674B6423889BC423BCBC242DC
:106F80009A68283EE28E3A405D5FD440E5BE1B41E0
:106F90006EE24941E6C98041F9DE9741B65CAF41F6
:106FA0000B66C6411547DF412895FA416D450A42F7
:106FB000FC761542E3AE2542ADF43042AEF03C42E1
:106FC0000A774B428CC0564230F06242542B6D42DD
:106FD0007A407B4252C28342CEE38942FB579142C0
:106FE000006296422CCA9C428D27A3423904AA42D1
:106FF000958CB0429CA2B542DFDABC42377FC242D8
:1070000062A7863C77F0494068D3C8409BDD1641B3
:107010005BFD484175567B41A3D49641ABEFAF4130
:107020008E0CC9415C2FE2416354FB41763D0A421C
:1070300021CA1642985B2342DAEC2F42C4803C42BC
:10704000880F4942C6A05542F731624225C26E42BE
:107050008F547B42BFF28342533A8A420384904268
:10706000CECB9642BE149D42265DA34283A5A94283
:107070004EEEAF423836B642E77EBC4214C7C2423B
:10708000E4428B3DD67F48407367C640B6941441B6
:107090005FFA4641657D774180DB9741D0B7AF41CC
:1070A0000760C641F6DCE3416199FC41E2FA0A421D
:1070B000E6B6164275252442DCAF2E4266D53C4228
:1070C000F4B74A42719C5542C5F26242363D6E4267
:1070D00072E17B42B977834285F88942C5189042B4
:1070E000C3079742F5669D42CB30A342076BA94286
:1070F00075F3AF421171B6429892BC4224A1C242CC
:10710000DD8CA5BD02EE4240274BC64092001841DF
:1071100033614A419EC67C41B94796414D92B04188
:107120005D7EC941A913E341DCEDFB4130600A42B9
:1071300067261742F3F82242CE982F4243583C422A
:10714000FD32494291785542A89B6242EFBA6E42A5
:10715000D92E7B4282D08342B65C8A42F56490424B
:10716000B8C09642CF139D42E157A342DDC7A94262
:10717000CDC5AF425766B642606FBC4288B2C242CC
:10718000B45517BE784A52408BA9C4404E2D1741C2
:107190004B7C47419A8A7B4133979641E18BAF41C3
:1071A0007954CC414955E241C4630042D21A0942A4
:1071B00040D616420122214246382E426CCE3C4235
:1071C0007BA848424F6B5742E4F061422DD16E429A
:1071D000DD937B428E5183429511894209AA9042E8
:1071E00074B59642A8EE9D429A9CA342DE87AA42BD
:1071F0002A3BB0427752B6420F26BD428D32C24280
:107200000B354C3BA6BF4C406C9ECD402B341641F9
:10721000C3D649411CAF7C41516E964186F6AF41C1
:1072200031E2C841B531E141395DFC41C4810942D7
:10723000BAF4164215AD2342117F2F42907B3C4297
:10724000CF0D494285FA5542DC2A624250BE6E4259
:10725000034C7B423FFF83426B628A42B2C590423D
:107260009AD69642EC1E9D428672A3429FC6A942C0
:10727000B3D2AF424238B6422397BC423CDBC24253
:10728000D7FEB23D91E14A40B493CB40DE4F12416C
:1072900082A1494149317A4157A297410F84B041B7
:1072A000435DC841A24AE241CBF1FA4129600A425A
:1072B000D74D1642375F234278043042C0433C42E8
:1072C0007DD9474213035642B9436242693F6F4238
:1072D000130F7C428AC58342D22289428CFA9142A2
:1072E000B1A09642D8FE9D4216A5A24255CAA94217
:1072F0007BF7AF42E8DBB5422F5CBC424534C3426A
:10730000109A263D3EB05740DADEC940AD20174105
:1073100019254B41A6FA7941F0B79641D3D2AF4136
:107320004F84C9410162E141A9F5FA41E8E60A4208
:107330009B7316420250234205672F4264C53C42AC
:10734000D21F49425F8E55420350624293AF6E4254
:107350007B237C42DE088442C0678A4219799042CE
:107360000BDC9642C0EC9C421A5CA342178CA942EB
:1073700082DFAF426A1AB642C4A4BC428BC1C24289
:1073800047EA793D00DC4C4063BFCA406CC11741FD
:10739000AB0B484147557A4153599641F663B0418A
:1073A000E3A4C841B8AEE2413AE8FA4107F909421C
:1073B000670317428D8A2342581F304235B33C423F
:1073C000C217494202D55542AB726242658A6E428B
:1073D000B2967B42E4D083422B188A42E9A69042BF
:1073E00091D0964291ED9C429089A342C58EA942CC
:1073F00026F6AF426E12B6421F9BBC4237A9C2426C
:1074000008EC83BBEB5A48401A23C540A232164110
:107410008D994A41D89E7941277697416A88B04133
:10742000786AC8411255E2417AE9FA413EA509421B
:10743000A4FC1642622423424D1E304259A63C420F
:1074400005C74942AB3E5642602F6242B3CE6E4200
:10745000AF257B422636844289268A4242A090424A
:1074600058FA9642D53B9D42D16BA342E9A6A94268
:1074700049D3AF428624B6429931BC42DCCCC242E9
:10748000AA6F8ABD6E554140B288CA40971919410A
:107490000817474188437A41849A9641872FAF4124
:1074A0005C3EC941EEF3E1412E23FB413F830A429A
:1074B000C2251642FA5C2342AAD02F42EE993C42E2
:1074C00098B64842E19555428932624262CB6E429B
:1074D0000A567B42DD0D8442C03F8A421714914216
:1074E00050B8964281659D424A69A342D9D7A942C4
:1074F0004302B042D557B642D8B0BC4233ADC242C7
:107500006C75C63D77193F40D799C04022C20F41E4
:107510003BEE47417B447941350694419EC9B041D9
:107520005B3AC841DDE6E1415733FC41D3CD094226
:107530008AEE1642D3D72242A0F92F42F84F3C429E
:107540004D384942E02E5542AE07624295BC6E422C
:10755000E1937B4261E6834243348A427A829042DD
:107560001BBE96426AFC9C42278CA34225C2A942BC
:1075700045EFAF425F04B6427876BC42C0CFC2420C
:10758000F123F4BC25F33940E08FC84084BC14419A
:1075900066754741C7827D414F8598418B50B24106
:1075A0004171C7410BC4DE415123FA41C9300B423E
:1075B0004B2C1742A33725428A0F3042F03A3B4208
:1075C000C00E4A423EA85642A825614261486F4219
:1075D00071F87B42A3BA8342F6528942B34B904280
:1075E0000DFE964276039D4281B0A2429F27AA4299
:1075F000E55DB0427A91B64275D0BC4284B5C242D4
:107600006447873D679E604041BCC54039F81541DD
:107610005EFD4A41F25F7841F809964143A4AF41CB
:10762000B10CCA41109DDF415561FD41FF580A422E
:107630004B001642A7B622423260304271BF3C4234
:10764000A73A4842E05655420AD361428FF76E424C
:107650001D437B4297C78342AC318A4276559042A4
:10766000DCE79642F1CA9D42A745A34215EAA9422A
:107670007312B0420FF4B5424234BD42579FC2422A
:107680007A129EBE45B24F406132D64041831D41C1
:10769000DB014C415B077E41C78296417103B141DA
:1076A000F2DAC64134DBE041B1ACFD41E4D90A4233
:1076B000E2ED16425B8A224284662F42D24A3C4265
:1076C00038A747427E20554285D662423B9D6D4297
:1076D0008B9B7A42B5608442350C8A426850914255
:1076E0009BBC9742301A9D424349A34236E4A942CB
:1076F0001D98B0429EBAB5421BACBC429CD3C2425C
:107700008B5FD53B97AF39409495C7402709194106
:10771000DAA04441AFDF7541B0279641E507AE419D
:10772000B240CC41780EE34180D3FA41CC390B42D0
:1077300019D0154253A8204203682E425E7D3B4279
:10774000D72A48425BA9534289A66442748F6D428E
:10775000D4937A429BDE8342F5BE8A42B3FB9042C9
:107760006BCB9642427A9C428DABA34208A1A942C0
:1077700057A0AF42F00FB6420F0EBD429DCBC242A2
:107780004162073D41C346400F17C840AA681741F0
:10779000281B494135957A410D7F964188F5AF41C7
:1077A00026A4C841496AE2418E5EFB41C64E0A42A8
:1077B000E4D71642387423424DE82F42539F3C428F
:1077C0005823494224B55542D5496242E7246F42C5
:1077D000C2927B425FC68342172B8A42794F904206
:1077E00056C79642CA069D42B04CA3428899A94208
:1077F00037D5AF421E26B6427271BC427CB8C24237
:10780000B99CBBBA9E854E40DF6CD140280914411B
:10781000BF9A4941CE267A4193299641D67BB14100
:107820007459C9417494E24103CEFB4161BA0A42E2
:10783000FCAD16425D7F234217F22F4278613C4235
:1078400054214942A10356422C67624227D46E421A
:107850007D2C7B426C538342EB518A42EA57904223
:107860008B799642A9539D429659A342B4B2A9423C
:10787000DDFAAF42EDF5B542AE55BC425DC3C24242
:10788000BF27E83C5BAB47401B61CC40AB0E1641C9
:10789000FD5E46416A4F794118DB9541B255B041D2
:1078A000196FC8419F2DE24167F3FA41BB690A4253
:1078B0004AA816425444234225E12F42F4513C4247
:1078C00031ED4842736D55429B866242CFD36E4282
:1078D00080447B421CDE8342746F8A42326C904249
:1078E0007DDF96429F519D42763BA342F589A94296
:1078F0008BF8AF42D72AB642C16DBC4268D1C242B2
:10790000AE5EA0BA3CE14540319FC740F6C8174182
:1079100098EC464118B47F410C7298411597AF41DD
:107920000EDFC941F284E3413179FD41ABEC0A42FB
:107930001214164283812442CADF2E42E3E93B42FD
:1079400045894942D07455420BBB624233C36D42F4
:10795000477F7A423CB583421A6F8A42A57B9042A8
:1079600040FF9642B60B9D42797EA342199AA942E6
:10797000B2A9AF428B35B6427916BC4238CFC2426B
:107980003DFDF53CF6F14D40659FC440E02D1941A9
:10799000A7DE484153FA7C4137939541A438AF4163
:1079A000D03DCA4182A7E0415493FC41C7FC094243
:1079B0004B8216428F09234292D42F429FD03C42E1
:1079C00043864842F9515542332062422EF56E42B9
:1079D00094027C423AB8834287028A428A5090429B
:1079E0002AF89642C9159D420C84A342C592A94229
:1079F0005C15B042DE66B642367EBC4261B6C2421B
:107A000006861EBEE6D9524037DDD0408946054184
:107A1000FF7D494101E176417EB99841B2E3AE4133
:107A2000DE69CA41DEECE1414B5EFB41F2260A42CF
:107A30002DB7164277BA23426EA12F4249B53C4278
:107A40006BCB4942BB385542D2C26142FF326E42D3
:107A500036B37A42D1FA8342D8FF8942E420904279
:107A60004AAE9642250A9D42AF20A342C89EA94233
:107A7000FE04B042D14CB642C8D6BC4293BCC2420E
:107A8000C8A8333E67843A40F962C34063841A4110
:107A900055A84641CD1E78418243954158DCB041FE
:107AA000F02AC54127BBE0412EFCFC41172F0A42BA
:107AB00064A31742EC492442E9C9314212E93C422D
:107AC00034E8484279A1554250C1604268FF6B4298
:107AD0009CF27B42BF788342905E894239F99042A2
:107AE0005C0F974233ED9D42268EA3428817AB422E
:107AF0007DD8AF424B6DB6421A64BD422E37C242AA
:107B00004157E53C936A4740C1CDC7408D7316414C
:107B100029224A411BC07A412E3B97412CB5AF41E7
:107B200075D7C8419561E24165C4FB41CD580A4211
:107B3000AAB116428D86234229FB2F42A1AF3C42B7
:107B4000742949429980554280526242BFDB6E429D
:107B5000078C7B4219F4834245888A42195B904224
:107B60001BC29642BC289D427267A3429D91A942C6
:107B7000D100B0421D47B6424C93BC4257C9C242E5
:107B80008018FC3CB17F3B40ADC4C7406C3016410F
:107B90004DFB4A4127CB7E41902497414F01B14193
:107BA000C647CB412C93E441DA63F94145FA0942D7
:107BB0009359174251C02342AA7A2F4241413C4275
:107BC0007C0E4A42ED305542BB1B624236C56E42C6
:107BD000F15E7B42EAD78342CE038A422C899042EF
:107BE00058A8964285F69C421BCDA3423C57A94219
:107BF0005B1CB0422236B642398BBC42DF8BC2429C
:107C0000DC5AA8BD92C24E40D1D3C940D65F1741BD
:107C100048604B416B747A413C5C984169C6B04105
:107C20000D86C7418C97E441BFE5FA419CE30942C8
:107C30006626184246602342C1DA2F42F1A93F422C
:107C400043274B42BE895542B36D6242FA956E425C
:107C5000B4267B42DF288442B2298A4210789042BF
:107C60009AE196422AF19C42E665A342737FA942BB
:107C7000D600B0427C23B642999ABC4233A8C24295
:107C80001A2511BD78584D405C03C540D9B0144148
:107C9000F5F8474132BC7641D5FF9441B896AF41E3
:107CA000DC69C841131EE241B8B2FC4140610A429E
:107CB00057EB164225ED22420034304219F23C4285
:107CC00079844942FD7F55427442624216176E42E2
:107CD000B75B7B427CA78342DD4D8A4297B79042D7
:107CE00014CE964268DF9C424B5CA3421095A94299
:107CF000F4FCAF421828B6427186BC420DB5C242B0
:107D00005F4908BD8B324D4018E5C840B687164123
:107D1000E994494125F57B41AB2996416875AF410E
:107D2000E130C941BAF9E241D2C0FB41A8010A429F
:107D3000A3121742DD3D23423E0B304203893C42F1
:107D40003BFA4842F55655420F2B6242E9FD6E421E
:107D5000257F7B4246FF8342223F8A42B59B904269
:107D6000D9CC9642FD1F9D420950A342BE98A9421C
:107D700017E0AF42FC50B642487BBC42D7BCC2427F
:107D800061B4493A29CA36409C79CE40C98315412D
:107D9000FCD34741BF907A416E519841E018B14100
:107DA00018F8CA41B4B7E141B9FFFB41CAA40B427C
:107DB000B24818421FB221427A04314241C03B42CC
:107DC000949747423A53564205EA624293376F42CC
:107DD0006C9B7C4290B3834206548A429FB290428D
:107DE00086CB964258C09C421B2BA342BD0EAA4292
:107DF0000FDCAF42E7F5B542B0BABB429825C342AB
:107E00002BF7BBBBB8A74840913FC94024EA1641B5
:107E1000E1CF4841DBE77B41FDC79641A409B04172
:107E2000B140C94110A7E141FC30FB417C840A42CA
:107E3000CFEC1642DC602342DF18304261663C42E0
:107E4000F8D94842A1B955428C11624203F46E42FE
:107E500089297B42DCCF8342A61C8A42219390422F
:107E60009DBE96429B089D429280A342E290A94209
:107E70006217B042672FB642F097BC42B4A4C24228
:107E8000FB5B173B3DDE4440B913CA40EE981241FC
:107E900030CA4C41083779412BB7954156C1B041A2
:107EA000C969CA41FDADE04153CCFC41555F09426F
:107EB00029E81642E7122342DD512F429E313B4210
:107EC0005E3C4942B6C3554292676242AF036F427D
:107ED0006C177B42723A8442B3828A4291A89042E4
:107EE00019B3964294B39D428A84A3421589A9424C
:107EF0000FC7AF42C4CFB5427A30BC4282B5C2424E
:107F0000FFE1FEBCFB794840871ACD40B0FA16412C
:107F100007164941DDB07B41BF679A41D78BAF411E
:107F2000CA8CCA41AC1BE441DA5FFB41AC680A422F
:107F3000491A16424CFE234248952F42E86C3C42B7
:107F40002BB848429C875642F7EE624246656F4224
:107F50004CA77C42229A8342C7338A42C2AA8F42EC
:107F6000366D96424BB89C42F1AAA3422719A9420A
:107F70002A6CB04238E7B642776FBD42E753C2423F
:107F80009198AB3DCA764D4090E0CA403B091741FD
:107F90003BAE4941E60B7A41915A9741FD30B141E0
:107FA000143EC941F42AE241B512FB41E5B1094250
:107FB0001F1C1742B0662342C1B22F42DFF93C4278
:107FC0002EAD484266565542844C6242A2956E429E
:107FD000012B7B4266E58342CC488A427F60904217
:107FE00086E99642E81B9D42B72EA342E588A94246
:107FF0007CF4AF42DC1CB642E55FBC4212BCC2421C
:10800000F8B9D0BDEC3E514056E3BC406D841A41F6
:1080100088174541106A7A4198F7974113A7AF41F5
:1080200004FDC6410CFCE141F265FD41B02A0A4263
:10803000439A164274362242A47A2F420C753E426D
:10804000A65F4642D35F564227C261427DFE6E4222
:108050005FB57D426C018342BBCC89423AD89042E5
:1080600002759742D4779D421A04A342423BAA422A
:10807000DA18B1427BFAB642F993BB42409AC24247
:10808000339E0FBC83184940810DC94042CC164134
:10809000EF0E4941D3537B41AACB9641BBEDAF4193
:1080A000F00FC941C531E241C853FB41D83A0A42F9
:1080B000E5CB1642E55C2342E0ED2F42DC7E3C42FC
:1080C000D80F4942D9A05542D6316242D7C26E423A
:1080D000D2537B4269F28342E93A8A4265839042F5
:1080E000E4CB964263149D42E05CA34261A5A942A1
:1080F000E0EDAF425E36B642DD7EBC425CC7C242B6
:108100002A3BDEBC63454940C608C840656A154144
:10811000DC3248414E6D7B41C5669841FA9EB041C4
:108120003E44C941F1F5E1416C49FA41CF9F0A4211
:10813000B7E8164289FE224208663042F2B43C4259
:10814000F4BA4842DF105542E86E6242FCC36E4208
:10815000A25F7B423CFD8342AF2B8A42A5549042F2
:108160000EDA9642E5049D42D846A342B4B2A94233
:10817000E42BB0421B2CB642209ABC426EC1C242D4
:108180007DCF27BCEF6B4A40D9AAC740C96E1641C4
:1081900075FA484192147C41B8FA964198E9AF418A
:1081A00083F8C8415B52E241C40EFB41D20A0A4245
:1081B000E6AC1642556A2342C61A30422DA73C420D
:1081C000992B494223A8554255746242DFE26E4220
:1081D00034B37B425AE883421A308A4228B1904233
:1081E000D0C09642F3369D426C45A3429BA3A94260
:1081F00062E3AF42772CB6423783BC42F0A0C24262
:10820000FA24D93D3ABE42409CB3C0409D0016417D
:1082100094464641BC937B4149A59541BB10AD4175
:108220002BC8C7416F56DF413BC7FD419C3B0B420A
:10823000E13A18427CA82342C378304230AB3C423A
:10824000409A4742C24E564246EE6042DE636E425C
:108250008FE37B4298988442A8338A42B86D90425B
:10826000D755964231039D42E442A3421170A94280
:10827000B142B0423682B64270AEBC42056EC242D6
:10828000A81848BD5C2C4540E22BCA40634D1641FE
:108290009D894841EA8B7B4188579741F59DAF41C5
:1082A000E11FC841495EE2414084F9417F210A4211
:1082B0007CB0164258452442D1533042A8873C42F4
:1082C00060A4484262235642BBF261425E736E4232
:1082D000FEA97B426E1B8442CE4E8A42EC859042C0
:1082E000289A964241049D426E6FA342F4A1A9428E
:1082F00037E5AF4266E8B54219CCBC42F5A3C242AD
:1083000042F0B93E21B3943DA71184BF9AF2EFBE6B
:1083100090D8BABEECEEC43F38FB383E8ED65E3CF9
:10832000DBE68CBF67A1543FC8CD1C3F72ECE23E38
:108330000401C7BF43DE633F51510ABF4F6BF63D97
:10834000111581BEF43A07BF1EBD7A3EF8C8E9BEDA
:108350008F2CAA3FBD08C03E11B75BBD11773CBF53
:1083600099FCB53E4F2DCFBDF73B27BF5D7F2EBF9C
:10837000FCB24A3EA6C5F1BC3584B2BFEF7C8EBECE
:10838000DA1ADF3E16FB33BF197930BE3ED01E3FEE
:10839000D4E5563EE18C333FC0BA853F6E7DFFBECB
:1083A00079289FBD425612BF9CAF40BF158D8F3FAD
:1083B00090DCFD3CFB0DC13FF76B763F877A343D87
:1083C000BB018BBE2530D8BE33C88C3E8BE5983EB2
:1083D0003314063F5E378D3F8CAD8F3DDD9816BE62
:1083E000242F3F3F507E773F2705953EE7479BBEB2
:1083F00049BF4ABE445BA63EA003693EF21790BE49
:108400006CE8E3BCD227C53E421DE7BE15F87A3FB3
:1084100012EB493FE962E6BFC84548BF668ED8BE49
:10842000E313783FF0678DBDFDF8E63FF28E853FA0
:10843000A67CB03FF304C13EEF34CA3F3583643FAE
:108440005782033F39C37CBF083D473F1C59AE3DAF
:10845000DDA3683FC97151BFCC65933F1DFFDD3E71
:10846000FCAD953F4599513F3F1DDA3EBA3215BFED
:10847000B6D290BFDE128FBF3A50953F6A5CA73EDE
:108480000C6C963E9A067F3EB88B9D3FA63113BF7B
:108490008EC5FC3E41D3193E72BBD63FA837BFBE46
:1084A000048B38BF019D10BF53EF19BE9D7FBDBC2B
:1084B000027B993F0BED51BF96F2E03EF215B6BE3E
:1084C0000DC9943E0498723AEDDC37BF2DBB45BF11
:1084D0009CB4243FDE5A903E24ED093F97FE143FA2
:1084E000F42107BF30F5013E828672BE60B8443E7B
:1084F000FF38183F7F634EBF7D9809BEDCAC033D5B
:1085000017CD773E8A82F4BEEB0B1BBF547298BF27
:10851000FDD58CBD67912C3EBD2EB63F9AAA34BFC7
:1085200002FDE2BFB65A1FBF72A5D43E3B4A5E3D74
:10853000433CD93E0E290E3FBFB8513F2EF71A3E9D
:108540007F9E7B3D330E71BFDD26273D8F0F6CBFB5
:10855000C7112C3E8E976B3FBE2BC73DFDDD483FBC
:10856000538B5E3D463CC0BEBB20F2BFB004713EA3
:108570008FFD163EAA77A3BE6E145A3F070B7DBF30
:10858000698385BD577D96BF006790BFE4F89E3E26
:108590004F27973FA2714EBEF88D433FD098FFBE44
:1085A00096B4ADBF9594D93E6832E53E365C623FE5
:1085B000AE7CE43F383A03BFBF73413FF807ECBEDF
:1085C000EE4E0B3FA2E5093EC43DDF3EEDC0A3BE2B
:1085D0009C3FE03E6215A03DDA7803BEAA1AAA3D90
:1085E000AFBD7BBEC56031BF7D4D5FBF654A5A3FA1
:1085F00087202FBF8B864CBFA23147BF3B4913C09A
:10860000C3ED953DAA5E563F5C4C46BFE01F1DBEC4
:108610000CB89F3F1A078E3F63E0033E6BBE56BF08
:10862000B373AB3E6878EABE03E879BEDAA9D33EFD
:10863000B3D132BF64D41F3D69A539BF573890BF4D
:10864000DAC4AEBF13094A3F3642A43E531F003F6F
:1086500025743EBE1953583FA7CA2C3FB3F1113FB2
:108660007A3D3D3D1E731E3F68656E3FB326DABE00
:108670002D76EBBF6F37153F08A2C1BA607672BF87
:108680003DA78FBE38EDA33E3A75A43E8E72FE3FE5
:108690008BAA9EBF6A2FB9BE0C0BCABF8D500A3E73
:1086A000C8241ABF217C413E072573BE32B0003F6B
:1086B0008F78C3BD182550BF02589BBF815342B964
:1086C000E1E329BF630F6ABF4393153E07A2C53F8D
:1086D0001818FABC319E2ABFD3CE81BE3949C03D9D
:1086E000A4853DBE4220B7BFC65296BFC5D4ADBE1D
:1086F000BE2948BF0F4F373DD5E86A3F45AD7F3FA4
:10870000E687113FF3F60C3FB38B2ABE7AD0973F32
:108710003DD1B93FEED5EDBE27C78B3F07DDC6BFC4
:10872000475A313F166E4BBED5114ABF6F4D3FBE03
:10873000AEE03ABED6BD823FB490543E24EF14BFA3
:10874000D73CBFBFFECB76BFAE4008BFAFD53DBF65
:10875000047E39BFF1FFB53F32E237BFD1D671BFDA
:1087600076917EBEA1D044BF98029DBE2971253F5F
:10877000B1DB173D7406A8BD0859A63F96FC283FFB
:108780006557BCBF8563D63F5457E0BE5644803F13
:10879000CBBCC0BFAFCF28BD9B53D3BD504BF7BFA1
:1087A000D112383BB0E3E43F522C783F02D29E3FD7
:1087B0007A4CA03F9A0A0B3F5ED9933E62D49D3E0D
:1087C00060D072BEB32C2C3F054F0F3F76B1743E84
:1087D000C616DF3EA82CCC3E5F0E073CAF60C83FFC
:1087E0007A716C3E485DDB3E07ECA0BD0B4AEA3E69
:1087F000C6ED0340C1A9423F7AD746BF163731BF05
:1088000000355ABFC438853F9462223F7340AD3F64
:108810003E79833E490D8DBEAF748A3F93D782BFA8
:1088200099ED49BE96E297BF998F24BF4FAEAABD7E
:1088300026DAD9BE483226BFDDC1B93E03E216BFF3
:108840000140D73EF824E0BEA6D0453FC70944BF4B
:10885000FAD5A0BFE7FDC83DB691C7BD8D3C6BBD45
:10886000F040893EF9E79C3E93611C3F3B8087BF07
:108870007B232C3FF2CAC0BEE24B0B3F407E32BE90
:108880009B9B48BFCA393E3F78AB843F42C8D4BEA9
:108890007D7E963EB3720D3F9FBB4A3FD2B42ABF46
:1088A000C9180C3F393FB4BEBE561FBE4D2DA63D64
:1088B000B0672C3FE635983F5CD1543DEACE04BF0B
:1088C000335A053F35078BBF8B2741BFC3156DBD9D
:1088D000122B413EB8EFA93F82BD44BE5627CCBD06
:1088E0003B2E843BEB64733FF05055BE34D7B63E0D
:1088F0002B88173EDF41493E86282FBFDC222CBE45
:108900002A9CA13EABD8533FEE4AECBD2AAABBBF7E
:10891000574F35BFA82B73BF8D83743FD65EB03FD2
:108920004026B33E564BFC3D5F97233C1AB37E3E38
:10893000C2E445BF4388683EAB61A9BD817207BFF1
:108940009A09103EDB6D9E3E131842BD2F54A0BE07
:10895000994B3EBFCAD0473E7D329A3E99D9153FCA
:108960004DB9A4BEA1807CBEFDA0243FB666223FC7
:108970004DFB2CBC07C51A3F34B8E1BDDB8FAE3FC1
:1089800028C89C3FA24B8B3F47A41E3ED3BC1CBFB4
:10899000B79AABBD90F0A83DA4C2463FAE6FEABE09
:1089A000271A8E3ED71A193F60B6BD3F757A6D3FC4
:1089B000003F333FEF3AEB3E6035C6BEB58B143E09
:1089C0003D5669BFDA9E6B3E5B65223F4A09553DC5
:1089D000D844263FF064993F9336083FA9BF32BF81
:1089E0005C4716BE9B7BD83DD42DB23E3C16F3BEF1
:1089F00016C8663EC216153D485729BF5A39CEBD26
:108A000006926D3F0ED5503FC11BD1BD25198B3F3E
:108A1000E44EFA3D564FAD3FDE896E3FAC06AABE2E
:108A200032C51DBF2B7764BD069056BF6882863E57
:108A30000C8E1B3F869A4B3ED3BA933E4D51A33EBC
:108A40007123A6BF8D35313FC0D5AB3E33C128BFA2
:108A50008C35D7BEA6D4043F632B55BD794F58BE85
:108A600092EAB23FE7BB613E6AA51ABF5B634C3E28
:108A7000308B94BFF4CA673E3FEFDF3ECD4E5B3F85
:108A8000DACA7F3FFCCE05BE3422243F37B5883F8B
:108A90001A39133E5A21893F7005343FA459D83EF4
:108AA0004ACC8DBF09CBDF3E5BD71DBF557E63BE71
:108AB000C522533FED70D6BE15AA153F0899893FD0
:108AC000F48E993F77DB60BF20F2F8BEAF4F75BDE3
:108AD000EB34743D0412733DABEFAABF8C7FF93DBC
:108AE000143BFABFFAE72DBE13C46FBB2465863E64
:108AF000576A1EBF06E555BFC5AD6A3ED5FA0CBF25
:108B0000E9B063BFBD79BF3EB4A4213F59E6023E40
:108B1000486FE7BD56D2AB3F5870B4BFE4F88C3D08
:108B20002C41C43E3BB181BF803D813E5E3F3FBF93
:108B3000EA0AF7BEE0570EBFA387C83E7CB966BEFF
:108B400088390B3F3294F9BDAB7428BCAAA996BDF5
:108B50009F2384BFF0A99F3D2444BDBEC754633EFC
:108B60001E7255BF401B09BF6F3622BE92B5AABF09
:108B7000B1668F3F831A663F24EE9C3E211F163C50
:108B8000F6B58FBE8D25CF3F59B1343F7F65C7BE47
:108B9000DCFA2FBFA45AF9BE5411BC3D53B32BBF0E
:108BA000C44346BF6E9E42BE4E4E5EBE18ACDFBE94
:108BB000DBA55B3F6A1EACBE6C9B8B3EC848BA3FD0
:108BC000F7B62640EAC3EF3DB38DA73D27A232BFDB
:108BD0002D5D4EBF1F3C833FC1CEA03F4565353F55
:108BE00063357DBD4149CE3EE6BB80BF912650BF77
:108BF000C8AFEC3E0D4FB2BE230AF8BD9BCA16BDEE
:108C000064B9A3BEC2F2123F49BE233ED0EE393F43
:108C1000A66D663F6E2F123EAABB9C3F495C37BFD4
:108C2000D64CA6BFE603CC3E43A388BF0D3584BF18
:108C300053B007BF38ADC6BEE2A0EB3ED64F363DBF
:108C40005799F43E3BD0523E511E12BE5F6A283EF9
:108C5000F536ED3DF2AA1D3E1DE2B03F4D0E35BF8B
:108C6000890E153F8F81853FFE7AC9BE8393E43D0F
:108C700065F785BFFFFE8BBE372D753DCAB416BEA6
:108C8000E469B83F3C315FBF8A889DBE558A8D3FFD
:108C9000A408F33E801FEC3E038CFB3E7DE504BE42
:108CA000A09DA33F56F03A3E496B16BF2B61993CFD
:108CB000D23C113E366312BF50672DBF92E48D3E09
:108CC000B26D79BE4E0111BFB76A07BE959893BECB
:108CD000BBE755BE30D0803FFC1177BFB789FB3D65
:108CE0004A4B5FBEBF0F7BBE9364A23E8475B3BF89
:108CF000BDD75E3DA9B8E23EC7642D3FCAD3A3BE2F
:108D00007037CCBFD2699FBF4864CD3D82277DBEFE
:108D100069BBE8BFCD69AF3D9CD71DBFD6F3A33C6F
:108D200033E529BF4CFEDABE86CC753F6CAE053FFD
:108D3000AA32C2BFEFA8583F43A219BFE5F40CBF47
:108D4000FDAA1B3F45E8463E55FB263FE38CB03E5F
:108D50008BC06FBF230B343EE1D2A1BF6AF9123F33
:108D6000F6D3883F17CD16BF6D78A9BE3BD60CBE93
:108D70000759203E1DC67E3FAF5CA63ED6E84B3D60
:108D8000756F0D3C94638FBE09ECDFBCE3A9DF3E39
:108D90009DFAD2BD48550A3F0BD59F3CA5C07ABD70
:108DA000610D60BF0FD20F3EAB79A5BDC23CA43EA2
:108DB000C08F8EBEB24EA33ECD9CC13E30461E3DFE
:108DC0001D4E3A3FE54B403F93498DBF1B5EC03F70
:108DD0004CCA2F3F11307CBF6D3895BFF413D83A81
:108DE0001A9B0A3F714DCBBE87D8BD3E07C8893E4E
:108DF000E6CB7FBEF268543F6E6EABBD4008A13F2C
:108E000077827A3FB6FD323D9C21C0BE9D41663FD0
:108E1000324AEC3EF61E563E500C293E1B9935BF99
:108E2000681C463F4FE40CBFE195843FE9BE3ABF62
:108E3000A3545E3F8AD78B3FBA30EBBF6DC8C6BE26
:108E4000486293BFD993213D68A6233FCE3798BE91
:108E50006DC0BCBEF240263F9CD19E3F6FCBD6BEBC
:108E600029EC47BEB92DCE3E816527BFFC3B79BEBC
:108E70000B7E793F1B1ED1BF840522BFF3221DBF8D
:108E80004E850C3FE9AB553F31F84F3DF976D7BDE4
:108E9000C92778BF60D35A3FA8E7FABC51EC923F8C
:108EA0000B12143F89B68FBF9F783E3F65B5313FA7
:108EB000CEF322BFA6F7C1BDD5301A3E23299BBEF3
:108EC00013AA0D3CA49EACBFD115773F66896ABF3B
:108ED000178AA83FBDDBAD3E83F6D93E0EC7C23F21
:108EE0002FD6BC3E0DF4E7BE0F05CDBD6EC5593F74
:108EF000FF70843FD34D41BE2899F43E6A1ED1BE17
:108F0000B9108EBC902786BED4F5B7BFD52C6B3E6A
:108F10000A9602BFBD6E0A40908F1ABF559B94BF40
:108F200054B3453F5F6EEEBDE7BD4F3FFF0EC93FF7
:108F3000275EBA3ECA8C123E71DF893F6796B9BC84
:108F4000159D6A3F245D103E134854BEBF0EEBBD15
:108F5000E154E8BEE51512BEB6B2E2BE18A3F4BEF7
:108F60004F7619BFC0184D3F7EDE323F873FE93D47
:108F7000280BBB3D94D1803E5F286F3F743496BE72
:108F80005C5080BF01B65B3FBC9A08BF9AE2B13E1D
:108F90007A15DA3EA63CCEBE44880BBFE393973FDA
:108FA000C1679EBFD721B6BE7AF49BBF2739003E6A
:108FB0008D34063F9093833F3771343FD85A88BE33
:108FC000FDDFFABE696AAE3CB0F60540999C493DAA
:108FD00017D12CBF4BF8403FA6131BBE0C10C43E4C
:108FE000B2AD4BBD9C29913D61F055BE8385D0BE8D
:108FF0005A65ECBEF64971BE24950B3F0526533FDA
:109000003193BD3E799922BFB63CE2BDD3A3F43E75
:109010004FF104C01E3496BFF612383F6C266A3FEB
:10902000D9EF5ABFE094DC3D6E165FBFCA6C953F26
:109030001376333FE336B6BE71EC54BECAE59A3FB1
:1090400098D7403F8ECA0D40F3AED1BF765EB2BE18
:10905000163AD03FFBA2733FD80BD13EA9D8B03F00
:109060005160E1BF96EF09BFD6B86FBFA22B6E3F2C
:109070003FDB633FD20330BF141BDA3FBAA40A3F81
:1090800035DD933F3B18E43EE05BC53E437DA8BE23
:10909000F44C833E20E0E4BD5710B33DF332693F0A
:1090A000C70E71BFA633A93E6CFA2B3FD4F2883F9E
:1090B000FE502BC03AE8723FCA141E3F24893DBEC1
:1090C00063A7E43D15E0FF3E45539CBFA0333A4003
:1090D000D89E2DBE5F7194BF2404D4BFC41ABF3F75
:1090E0000065243FCA87CFBFB1B8643F1AD689BE96
:1090F000415884BDEA8501BFB4D6AF3E8B2D7C3E7E
:109100000B6D58BF6F6675BE2844653FFB9657BF11
:109110008AACDF3D136D763CA6C2463F564417BF6E
:1091200088D7963FCC3B42BF24F019BEFC3C9FBF82
:10913000455702BD5ACC05BF8220273DA8EA973F7C
:10914000A893A63EAECAA13E6A53B8BC357EA7BE60
:109150009D359A3D400C89BF347E22BE30A30B3F23
:10916000640EB6BE6FC569390E30D23E535537BF57
:109170001D1196BECDDAE4BEFCB3183F905213BF6A
:10918000336A823FB128863E41F282BF753A853FFD
:1091900073D742BF4698CA3E1C68A0BD7B5D8CBD9C
:1091A0003DCB953EFB393FBE49204DBFC7E3BE3E98
:1091B000196D82BE8C9837BEAE69F13ED2EC35BFD8
:1091C000F155C83E94869DBC14421A3FB3EC8D3EC7
:1091D000BC70853EAA617F3F054C82BE4F52FCBFEA
:1091E0003D7942BF672E673F690925BFFD1808BF5B
:1091F000DE7401BF4E1D8F3F302D4CBF48E175BF5F
:10920000D5AF043F9E99553FD36966BD198E1DBFEA
:10921000681A1CBE4DFE0DBE25F32CBF164E23BE94
:10922000086C153FCDE8AEBFB89DA9BEC570AEBEF7
:10923000F520B73F3DE8E93E44FA903ECF7CDABFE7
:10924000684D02BF462329BF338A09C0453C23BF6E
:109250005F114FBF5753DDBFFABDC23FBC101EBFE9
:10926000A86B11BF2F99AABFA5C7FFBFCE9F903F84
:109270002C8237BE7630CE3F0D3CA83F50D8EFBE93
:1092800088A067BE2DACCBBF2DB19FBFD31FD7BB6E
:10929000AD01BBBF1DAFA13FF7C7983E851215C0FA
:1092A000494B8F3E0B1096BE527E65BFB69ADA3E92
:1092B000FA2D50BFF9C14EBEB1A866BE77C2F73EC7
:1092C000A03219406113583E71AAE2BF375ECE3C0E
:1092D000D6463ABCFF56F63F86384A3F8B1EBA3F09
:1092E0000C27083FBCA0163FFDFA823FC97C463FD1
:1092F000BCD00FC01BFBCABFCF662E3EF5D476BFD5
:10930000E04F2FBFBCCC373F0A0B283F4D73083FBF
:1093100030703A3FC6FEAE3FB8E5013F194DB53F4C
:10932000CB6227BF5F0A0FBFAD618DBF69170E3ECD
:1093300059BC36BECBAA8BBE1D8EF0BDCC97B7BD37
:109340005BB95B3C64AF293F9CF945BF75DF33BF18
:10935000A0F9583DB414223FDD2A3B3FEB90DEBC20
:10936000EF3D73BFF4FE6E3D614A093F107D2DBE97
:10937000DAE84E3E7491943F6E3F7BBF49C44C3E49
:109380005A04A7BF780310BF68CB8ABC20B133BF93
:1093900020FB0EBFA3B7113F4A90F73EDEC66A3FDF
:1093A000F897563EFE09B83D1E7FFC3E709A87BF77
:1093B000ABEF59BF9E9A09BD37DAA5BE9E51B23EAA
:1093C0000D39313F3B12DEBE6A313B3F024EDD3E7E
:1093D0006FCAD4BED6EA073E709CCFBE5A0789BF7B
:1093E0002161E33D345EA2BFFBFC4F3F2AA683BF51
:1093F000516F5ABF4059A2BE50A4C43EBC5730BFA3
:109400004B080E3FB201C13E04C251BE963601BEAA
:1094100036F296BF8452B9BE450DC5BD82378BBEAC
:109420007A80A63FE2C52B3D72E3343FC2BF1D3FA9
:109430006EE485BFC4D189BFA7E70DC09C37C23F8A
:10944000D62511BE0AED053E2D155ABF5FB4603E0C
:10945000409B823EB58C553F2A8233BF2639313E30
:1094600077BB7FBF15CAEE3E678EC83DFED04EBFAC
:109470009254EABDEFB8AA3FE924EB3DECE4B63ED6
:1094800055AB3EBEE60D0D3E209B8DBF9784543FED
:10949000C90467BE3E6484BD4CB837BE38FF0C3F7C
:1094A00055ED3DBFEF0651BE7BF71A3F0399C13E14
:1094B000B1F5E6BF0A0F5B3F61F245BD336E4D3F2C
:1094C00027F9013D29547B3F6E9E89BDCFE9BDBF81
:1094D0007DDB2FBF33E0B4BD22B4ADBEA2C1DEBD83
:1094E000E40F82BF7854A3BFEF74553F2B000FBF2A
:1094F000371B48BE0905EABEDA7EA8BF00ED78BE7C
:109500004A0884BF0AC58FBFE077E53E0ACC25BF75
:1095100064C2D53F3A7398BE1DA303BE89BC6FBE1B
:109520009078E2BDB8457ABFBC5222BFFDE2F1BEE1
:10953000A64D92BFD57B57BDA1BE2ABF3EBC3C3FC6
:10954000CE5C09BF8B7431BF297733BFB60E113E95
:10955000893E23BEC32D2BBD49F7F2BE7967863EF7
:109560005822133F99E1B5BEB8FB80BF6233CEBE2F
:1095700090A5DD3FF4CD863EE97BBA3EEDB05D3F80
:10958000D8F1893F2613213F471CF3BEEAF0CDBE38
:109590001D860F3E4052303FBF4741BFDFEAF03EDD
:1095A000DC676BBFD282A53F459CFABEA7F020BF07
:1095B000B5A3BB3BA643A13E1CBD853D64C8063F89
:1095C000839DA1BF8433593FB11BEEBE6D00883E21
:1095D00005972DBE1988483F91CB28BD9628F43EAB
:1095E000DD37433FEA0ED3BFEEA8BCBD299D6F3FD8
:1095F0005DF5E8BDE873B43D2795ECBE189F643E69
:109600005FB806BF1B07F63EA187703FDC74293F99
:109610005FD087BE7D5BF6BD24DE113F599A5D3E6B
:10962000335F3B3E7B2051BE1EF50B3F30C81CBF55
:10963000E52A8BBD44EC213A6EAA90BEFEE94DBDF1
:10964000B59290BCE44E173F517E963DFFFA8B3F9A
:109650005A38563F55484F3FA95D063F9CEE573E4E
:109660007F74A53E3212B53F73C301401567C13FF9
:10967000AAA5ACBF15B324BE4E5194BD9282393F0A
:10968000C643B53F9AC226BF18F8E53EFB30B33E4D
:10969000CBF08EBEEA4B86BFF58975BFF3F5D6BF1A
:1096A000C14086BC3E3527BF846367BE2A9A54BF3B
:1096B00097738C3ED429D9BE31C70DBFBE9D893E5C
:1096C00007969CBE70AB13BED44D9FBC37C6ECBF93
:1096D000864FFB3EF7B4D8BE2B288E3EA80F053E22
:1096E00068F1873FF719B0BE18805B3DB84A6E3FFE
:1096F0001741A2BF977B27BF657CDA3FF576D0BEC6
:1097000030C00A3F5D916A3FC19BC1BE2A2943BE5A
:109710009EA3C9BE4B225DBD7DF3143E390E12BF20
:10972000B2F8D2BDB7C98BBDF3E99BBFABCCA33EAA
:10973000169599BFB84AE53E5AE82CBE447B0BBF4C
:10974000A36DBE3C922EA4BF6BFF86BDB2089EBF28
:1097500032EEF93F84D151BFA9E897BFF80A87BE1E
:109760002A937F3FB2F6B0BCA523FEBDED301D3F6E
:109770000D9CBC3DEF0E60BEAC6FACBF2BE0AE3EAF
:10978000FFE5DEBE95B282BE3FD68DBEBC750EBF74
:109790008AEBC7BE0F33A0BD34FE0C3FC428FD3E8C
:1097A0000437773F7BD96ABE5C0400BEBAFEAC3D8D
:1097B0003DC6DA3E230ADDBE73EA6DBFC07661BEE8
:1097C000F737353FEA560ABEBD8330BF9B52A2BE73
:1097D000867148BEA8F245BF0FC9FF3EF72AC53FB4
:1097E0003C0EA2BCFB0499BF875FCBBF58178B3FD1
:1097F000C6E5E83D7722E13E86280B3F83E051BF76
:109800002E59A0BE532921BF382C04BFFE189BBF80
:1098100055DE3BBC07E0613FBF9976BF7922AEBF02
:109820005197263FB18C92BE71BDCFBF891299BFAF
:10983000B7F7223F4ADFD13D9D4D8FBFBD5B26BFAD
:10984000B46EC5BF23A38B3E61910B3E3513C03E62
:109850004BE30FBF6F1E333FCE932CBE1A5C93BFFA
:10986000F140AC3F73F30FBFB94B7A3BA7C099BF30
:109870005862123FCAC8C5BE3F92B3BF2717653EA4
:109880008E5ED2BF7FD8C7BEBBA503BF3E150DBF3E
:1098900057D1E63F0AB6483E872CB83E59A289BD4B
:1098A0008703BCBE97A4B53891E1B53E84B852BFDA
:1098B0001ABE393F9E661CBFF2BB37BF315F08BD81
:1098C0009727F03C5897083F8A78EFBE95C39CBD18
:1098D0001EA962BE2037B73F61BD213E22075D3E13
:1098E000C2A22ABEFDE557BFCE9A9B3FDCD48CBEF8
:1098F0000349533FC9FC90BEF2A86A3F9D6C93BEDA
:10990000F0AC85BD3E0BD13E5B981B3E45C6EB3EA1
:109910000DC4C7BEBA3207C0199F17C059DD58BE63
:1099200068E821C0A7B5EC3F41AD6ABF3CD23F3FDC
:10993000D562CD3F52F9F4BE7C5A3E3E4FD1103E27
:1099400047639BBED35A96BD8B8AD23EE664BC3E2B
:1099500099C9CD3D1585023F40B4F4BE8F5D843F6B
:10996000BB72ADBE77ADC5BE85722F3F297C3DBEB3
:1099700052B72EBF2DFEFABDC0732FBF98578DBEB4
:109980001B2506BF6E3E30BF051187BECACDAA3E5D
:10999000248C12BF72DF083FEA122FC00A56A93F7B
:1099A000FCF2A1BFA0C25E3FBD9292BFC745863FF9
:1099B000D5D9D13DFC90823ED35DFBBFBED551BF12
:1099C00016F38EBEA8AD5E3FAD7A363F8ACD983E87
:1099D000F76DABBDFC6D7A3DA682CA3E2D10433EAD
:1099E0000B1F3FBF7D06053FCAE11BBFF458423F36
:1099F0004CD7D63E4366E23F241DB8BE907314BEDA
:109A000085B17FBF296DC93D0BED2B3F3831B73E86
:109A1000DE290BBFA10077BF27A6303FC4736ABF02
:109A200069D213BE43A065BF3A4A9EBE8FD67BBFA4
:109A30001E4F33BFA7B75F3F7F8B973E7FDF86BF49
:109A4000715B89BE4F5E94BE543982BFCBCCA23EBF
:109A5000B94FABBD8205833F560B2D3EA9D78B3D39
:109A600015A297BE3B7A14BE7253E7BD41484E3FE4
:109A7000790B6EBE1E3FE83FD422453F995C1CBF68
:109A8000D3C7AE3E566022BE7066FEBD3D075D3F49
:109A9000A1FD20BF8A6498BE2835603FB7A9483F22
:109AA000E428A93FF92AA33DE32609BF8CBC2ABFBD
:109AB0008F58443D7A7B133FA8D6573FE0241ABE07
:109AC000A6911C3FBA156F3EF59A933DAD775D3F69
:109AD000EBFCA83E743E8BBE93F4233E653898BFE2
:109AE0001D830F3FDF37E83EC4732FBF141AFA3EC1
:109AF0001F88313FCB9E3F3FE0D94CBE5A65533E55
:109B00008370273F1AFB97BDF7B90EBF726C66BF13
:109B100061BA84BD72ACEFBFE03FD63E0468C83E78
:109B2000F420E03F6F6C09BE4969593F5C95003CE9
:109B30009E49D73E3CD5B4BFDB4A183FFB7A9ABF5B
:109B4000159CB93E532595BE08E3F5BF54F63E3E3D
:109B5000C30FD4BF16E047BD0597BABF999B583FC6
:109B6000CBD4DF3C7E20623EC5B7743F003EC83E8A
:109B700082A82C3FA268903C513DB73E8CE1073F44
:109B8000A3BCDC3E83964FBF2059903D3E4DCBBFDA
:109B90009034A4BF645F39BEB15602BF8885C33E0E
:109BA000D45154BF03CD79BF39A826BEF3E34E3F4D
:109BB0002079093FBC5381BD6B41333EA50C893EE2
:109BC00048D9573CEAD9BC3F4BE3893EE71A383FB6
:109BD0001C4F8A3E17C5893EFF07AEBE41292FBFE5
:109BE000E25A28BF88937B3E39C4063F59250A4074
:109BF000AF07153F2B6070BEB9B0E0BE8EC80B3FFB
:109C0000D81815BF9D94BE3EB610BB3E2209D13E6A
:109C1000ED09DE3EC74C473F341C923ED83F9EBF05
:109C20005E01B3BFCDA91AC0B2C27B3F7D82F63EB2
:109C30004BAB1740EE9AEEBF35C0B3BFA39A88BFB7
:109C4000B68DC7BEFF4BE23F0DA0B4BFC06628BFB4
:109C500083A1AF3F4FAF873E5EECCD3DCA24173E98
:109C6000C673743E81B1B63FD80888BF8CF111BD70
:109C7000C14194BFAE5F8A3E239891BF4881393F6E
:109C80000235153FB98616BCAFE73E3F61632340FE
:109C900064E3BD3FDDBF4CBE92F15D3F084C883FA1
:109CA000D9FC063E991609BFB8E0FBBFB14A37BFE1
:109CB0006650A3BF9A0703BFEE45F43EA89D4B3FF5
:109CC00069449FBF59FF1C3F8092C63F0B47DF3F4F
:109CD0007C7CC63F719B8D3C114526BF870C063F9F
:109CE0008B92B8BE28248C3FEBD2653EB0CE36BFF7
:109CF0005535E5BDEF64D43D0CD79EBFAD69F13D50
:109D0000E525D0BE2C91C23E4261DF3F2F7D6F3EE4
:109D1000279CD4BEA04FDE3D5447B33D5CA4EFBDAD
:109D2000D5065CBF348A4B3EADB25DBF1155AFBCAA
:109D3000CE4137BF2C711FBFF545BE3FF80989BE24
:109D40007B48F8BFFE9B043E7D349DBDFF98933E4B
:109D500078E53B3E9371A9BD8057023E65217EBFE9
:109D6000FF6319BD4686493FA26AEB3EF207683F92
:109D70005DCAB9BD17B9FA3E2D352A3F1F8EDCBF2B
:109D80007E04A2BE5D69663E5431D3BF50EF7DBBF9
:109D90007F75B5BED4A774BE08FED0BF351ED83EB1
:109DA000B73419BF171031BFBD3DB7BFB4E6D7BE3A
:109DB000688C93BF92296A3F2BB5C43ED7C6B1BF0A
:109DC000F9F07D3F3AC0813E716D343FA95E8BBF93
:109DD000238E783F64273EBF14A55FBE8FFDD8BE9B
:109DE000D93300BF862C72BF56070E3EC01F223FDC
:109DF000F6599CBFD6DF063FDE03033F63DD713FAC
:109E0000266955BFAC3968BFD237873F823D403F96
:109E1000C1B78A3FC65FACBE1777F0BEDDFC72BF2C
:109E20007F37543F5A10AB3E48CB833FAAD98D3E73
:109E300057DE083EA26D9FBF66C883BE6AA7093F72
:109E4000B78C1DBFF7CBD8BE599833BFB9C950BE28
:109E5000DB115FBDC59146BF7865FD3E3C6124BF07
:109E6000F2E3F53C68FA773F8C4B413F4A9BEA3E70
:109E70005635B6BE98F458BF2FFDF3BF01B0A9BF49
:109E8000872757BFA1DDF4BDF0DB663F684B203F5D
:109E900014128B3FF74BC13E30B67A3FC326B3BE98
:109EA0002943EC3D31145B3EA044313F68D5E23E8E
:109EB00030F10FBFAFB2353F591840BDB2AC273FAC
:109EC0003C3EA2BDA2B3F13E5FE5053FE387693E9C
:109ED0002C55013E93643EBF84717D3E72EEA9BC59
:109EE000A1C0AA3E742D47BFB8005A3FE70FAB3D53
:109EF000F51C6D3FBEAE523E8F93A2BFA9C1603F1D
:109F0000DFE9333F68ED9CBF3CF617BF9437CEBC0A
:109F100090A0C03ED5E9813F03EDED3E30E2ABBEFF
:109F20007CF197BE8925CFBF0EF78ABFEEB857BF29
:109F30006DEE313FDBFF923E54A77FBE61B0A9BEFC
:109F4000C653233FA84C56BE09738ABE571BBBBCE1
:109F50007FF1163F6995B0BE15A4283F5F2E7A3E6B
:109F60006E9C19BD73597DBF99A922BFF1CC283FC2
:109F7000E7C17E3E338F753FDFEA5B3E3ED94C3F03
:109F8000706B3F3FD309C1BE08BC1A3FC68F5D3F0F
:109F9000EFE78A3F1967E8BF0A39DF3F3AA3993FE5
:109FA000193FC8BE94906E3F03D5773F6634C73ED5
:109FB0000A0B183E692931BF4857493F18574B3F94
:109FC000048379BFF047BBBD0E16713ED402C23D7B
:109FD00041EFCD3DA51E523EB1B10FBE7A9E34BFBA
:109FE0001047A13F9BC35E3F0CFB6F3F63B1BBBFFC
:109FF000C670EC3E3FFF663D589CC9BE860BC23F13
:10A0000012B208BF9C066ABF508D9F3F676650BE64
:10A0100097F122BDBA8E483F2D5F583F0FAA593D98
:10A020006391ED3E39BC313E4588CA3F06BDD03E06
:10A0300025B01DBFA0E29BBEB8E949BD65673FBF23
:10A04000FE36173F70DE253F89736BBF3FD7B7BF22
:10A050000C6EBCBF92C0F7BE7428C1BFF06E1CBFAF
:10A06000C74EEE3FA36B993F601595BC2777F2BFB3
:10A0700024138DBF396A4B3F02E252BFC7AC8A3E00
:10A08000613961BE0323B9BFF233743F3DE6CDBAF7
:10A090002AD76C3FA909A1BE237ABDBF19D5BDBD82
:10A0A000F63709BC5449F53FC80E45BE7474233ECB
:10A0B0002E850A3FC64C6FBF041C9F3F726B433F07
:10A0C000DDD4C23E068B45BF6752043FC383453F84
:10A0D000B452803F78210A3EACBA82BE7396D63F16
:10A0E00041D39DBE481D7B3FFAC1AD3E7CA740BF1A
:10A0F0006EB9A8BE56DE493F6C000BBF19A24D3F9A
:10A100001398883FB786C0BCD2C1263F12793ABFA8
:10A11000B1FF473F3EB00B3F9E54BBBF3D2381BFC5
:10A120003BB8AABF3C7DCDBBA3B3593CED49333E00
:10A13000E7CCE63D7952C93FFA95C6BE64BCAB3F59
:10A14000056D7ABFB6753FBF88ED993EDD5A9ABE60
:10A150002AB04C3F6AEACEBE6ACE9F3EB30B423F66
:10A16000CC85C2BE1E559CBF2E795EBF5B1205C05A
:10A170005D127D3E39F08B3F2060523FB70BE93EC8
:10A18000EBED033F00B5C2BE74BEA63E9D24F63D76
:10A19000496508BF3414933F3382D3BED585B8BE1A
:10A1A000379E523FDCABEC3D6925BCBE4ED8063F26
:10A1B000F86A65BF7A0408BF6272383F04A8B43EEB
:10A1C0008E4A6EBF070A90BFCEBE173EE02E483FB4
:10A1D00069ADA7BFD1151CBEDF00353F612F62BF3F
:10A1E0006F27F6BC43A6793FF799B43EB3ABD4BE14
:10A1F00078E8B23FC0E14F3E264B453E99610DBF26
:10A200003594BA3ED8DBE0BE1E2D94BF2D02BA3F76
:10A21000C1C889BE2B78703F008F093F5735713F09
:10A22000A5A6913D0323EB3D0616433FDF5F243F88
:10A2300029B47C3F5F7186BF9F42703E69566C3F78
:10A24000617D52BF892170BFA19CA03FE72C8E3E4B
:10A2500083ABB0BF6D8291BFC0B868BF1E959A3EF8
:10A26000DEDB863F5BB48ABF100CEC3FA970C2BD39
:10A27000240D81BF60116FBFBD39A63D2EAFA8BEB2
:10A280001ED6A33F2FD4EC3D7701E8BEB33B8FBE73
:10A29000487D523FC387BEBB1CA7C2BE9A4201BFC6
:10A2A0007E9CA4BF0E88B8BE6B7C5C3CDD91533FA6
:10A2B000C79670BF411EA3BE9CE038BFF2B5C4BEB6
:10A2C0004B4A963F973A29BFA7B7EEBFD1AB98BE8E
:10A2D000EC33A13F25770140398E083F8DA568BF3B
:10A2E000A04F323F85A8F93DB9A8793EC264EC3E43
:10A2F000C49DAFBE6A37C9BE30F914BFDFBD25BFEC
:10A30000CE8C12BF76AA2BBFD90344BEE833DA3E07
:10A310009F7FB23EBF42033C8020F83E767C32BD38
:10A3200007CBF03E38B7B83ECC0AB2BED53301BE3B
:10A330001644043FDB74D23F7BBC993E0D18C53DEB
:10A34000460E883ECC60303D107A03BFB9B4B13FB1
:10A35000C49E163F698C25BE7D7EB1BF951AD0BFC5
:10A36000F434F6BCBB6B0BBFBBC7963E796FAA3FFC
:10A370006623B43E7EBB71BF3E13AB3F5577DE3ED6
:10A38000A7AC7ABF360618BE2F88953F2D4EADBEBE
:10A39000D8807A3E1AF7923F5DFB233FE6D5D73E41
:10A3A000A86CA63E0180ECBE24C173BF5F92E13D64
:10A3B00017334EBF18DFAD3E19DEF7BEBE54C63DA3
:10A3C000AB12B63E679F5C3F530907C0FEBC8ABF15
:10A3D000326E403F62550D3F0017C33FB08672BEDC
:10A3E0002B6543BE2E22843FCA36333CC947A33E69
:10A3F000C9D2B0BF710E8A3EB3DC5F3EBDAC7ABF3E
:10A400003C0D613F9F4B503F52BA6FBE90B240BF70
:10A41000C50862BEE9DA50BDFFAD5B3ECDA95FBEA7
:10A42000DF0C75BD8CE2913E706A04BF8765253FE5
:10A430005141D3BF9C5AD23F34BEE13E30344DBF70
:10A44000BE6AA13F009B383FE7F2FF3E404F20BE6F
:10A45000309CC5BEAE56133FB9C8CEBD6AF26C3E45
:10A4600050D83D3F522680BE7C08A13DC0FB12BFA4
:10A47000AD20ED3D5FA19E3B50337DBE520A40BEF4
:10A4800077CEA13FF72973BEE5D577BFC97C90BFD2
:10A49000FA79003F3307B5BFD9AD6A3FEB1A883F61
:10A4A0002EA00EBEE7C504BE73C7163F423A583F02
:10A4B00030CBD2BE7457493FFBF11C3E18BFBABE29
:10A4C000E16B67BF22BF4ABC8BEBDB3D1789473E80
:10A4D00040870D3F54DC6FBE6F72263E8B89773FFD
:10A4E000E4B269BD1CF5463D2727FC3E67D2063F16
:10A4F0005ADE15BE56F176BFFD20B0BFC0CB233F5C
:10A5000090E51FBFD416F83ED12BEB3EDFC11A3DBC
:10A510003639523F2F549F3F01FF003D5151053FB7
:10A52000C452F53A3641843E72139B3EAD8AD9BE81
:10A53000A14930BFA531A53E3E0220BF96D30B3FB7
:10A54000A9391C3F463308BFBF3C2E3F18D0D73F28
:10A55000EFD7CA3FC61DDE3E8D728EBF3CE697BF69
:10A56000D3EDCD3EAAE4223F3A0E64BE96406F3F43
:10A5700022B8C1BEA8AF9EBE38DF1CBFE7D33ABF2A
:10A5800071515F3FFEF4833E1788FB3E8A31EF3EF8
:10A59000C522353F7CBDE03EB8D11BBFD78CA6BEDF
:10A5A000A7849ABD24A244BFDB0F39BDC71E6D3FEF
:10A5B0003311963FC9B41BBEE88E673EF54DD8BF38
:10A5C00036423D3F1A9A7F3F4C30E1BE651712BFBD
:10A5D0003580F93E61F0F1BDAF8C8DBE3965CC3E62
:10A5E0000226CC3EBADD9BBD816CBABC2B111A3E53
:10A5F00072B5AABD2BBB813F2469303E6027E1BE06
:10A600003B8DD23E83EB673FBC3C35BF40A00DBFC6
:10A61000201A1E3E63B44A3E4D96043F0A5153BF72
:10A62000843AEEBDDD0F5FBFED3DE03C0F8202C01E
:10A63000DA695B3F2A60D5BE802EA43FF292C7BE86
:10A64000F5AB213DC96AE53F50B6F03DA2D90F3EBA
:10A65000998A563E5E76283F9478A1BF6E7DAB3FC7
:10A660007E671A3F6E39513F2B910A3FC4AA1A3EAA
:10A67000E0BAA53E4C34F03EAE5B94BE6F861CBF84
:10A68000F8853D3FD8884B3FE4A9023FBD2F43BF2B
:10A69000C7D9F1BE867C913F9160A73E97C27CBF2F
:10A6A000346677BF589CC5BE740AA4BFE5AF7DBFB2
:10A6B0009DC0FBBE6A32EBBE5417233F5768743E01
:10A6C0004D96AEBE12B0CC3E9A6AEF3E83EA69BEAA
:10A6D0006E338C3D402275BE7F1A28BFE5447B3F18
:10A6E0005AC943BF7E616C3E7482003EE8693C3EBD
:10A6F00045ECBABDDCECB23C51C91BBFC5E547BD5A
:10A7000057679CBEC2910F3EF00DA9BF4365553FF0
:10A7100005D4CDBF3E6CF6BECCCD18BF54AA073FC2
:10A72000C890C83DA3871A3F21EA583E1BC0193F75
:10A73000F4AFA53ECA5A143FCD9011BEB0AA06BED2
:10A74000BB8A59BE8F4BE83EFB89E1BE22AD643F18
:10A750004DEFF43E852EDFBE4271743F8C93D23FA5
:10A76000137BCF3E1F1716BE180EB7BDBA3EA33FD0
:10A77000124AE03E8513E73FFCA74C3FA6982D3ECA
:10A780000C72BE3D72B5763E2D860E3F074F713F6F
:10A7900071E2DD3E581A0F3FB4B63A3F62D5953F9D
:10A7A000AA4954BF2E8848BF130642BF904E46BFE9
:10A7B000F7B55FBF5D10D83EEC1095BE2EC822BE27
:10A7C0007362B23E1B21033FCBA7013E500DFEBE7C
:10A7D0008405A43D25AB8BBFF15E273D55A708BF7F
:10A7E0000FA619BE53D8A13FC6E911BFD7F9E73E5E
:10A7F000444AC53E959601BFD0C8613EBEDF95BDB7
:10A80000CCC883BFD6B0DF3ED68FB3BE140D9ABC82
:10A81000B8E5843EED81AE3E3F4E17BEC1C84A3F0B
:10A82000EF172ABE493E08BFB8D431BF01F589BE33
:10A830001E635D3F939792BF21CB163FE72394BEE3
:10A84000A50156BF4A160C3F1CA2FFBF54BE52BF03
:10A850004B47743FE03879BE7DA21C3E47AF8E3F28
:10A86000125E92BF4580C83D29501DBFE7D0DB3E38
:10A870005AFAF43E17390D3F0FFF6E3F51A48CBEBC
:10A88000DBD2B73EC01241BAC5F58E3FE8ECF43ECC
:10A8900087F8B53ECA85F5BEE62BEB3DEC8C71BE64
:10A8A000218F0BBF3695AC3E7A9F833B2BF03D3F0B
:10A8B000783513BFC5AF3D3E8C4F6BBEDF3A903F3E
:10A8C00052133EBCBD88473F82704FBFFCCCAB3EAD
:10A8D0005AAD013FBCFED1BF124B7EBF0B767D3F10
:10A8E0001B030FBF9B248FBFEA58103EFD8E07BF8E
:10A8F00083763E3E71078FBEA0C803BF581360BE6B
:10A900007F15603FFBDC403FA44C87BFBEBC85BFCA
:10A910005C4729BDCC18FF3D9CA24C3E49C3F53E87
:10A920001C8D92BFDD8414BE33AE8F3FE95710BF3C
:10A9300066B6C7BF8EFA0DC01F3984BFE2AE99BE9E
:10A940002323833F24772EBF0B1EE1BDED8139BF4A
:10A95000E259263F6AE3F6BED033C03E2A35503E68
:10A960003F851E3E468D833F78FD493F2764063F65
:10A9700086A22F3E1EB761BF873D9F3F05B5B3BE80
:10A98000A1E3AD3EB3DF86BE0A97F6BCEF452FBE0E
:10A9900044D5C9BF4D93ABBE7FDBCB3E604493BE75
:10A9A000EEBB333ED5977FBD82A605C0972BF43E04
:10A9B000159B0C3F1B67EFBD5194A1BF447C0A3F20
:10A9C0000EC9463F93FB39BECF0187BF9047EC3C91
:10A9D00065D3F1BD3E0E10BFF200F13C878E6D3F96
:10A9E0007266733D14CFF4BEF069CA3EE57C0DBEBD
:10A9F00069E3BD3C9018F13E7D3D033EF131623F7D
:10AA00002AE01F3FF47547BE51F81C3F19CFE23EC4
:10AA10009C4037BFC6F98A3EE728C03EFCCF14BE33
:10AA2000C920223F59AD30BE2D7CE9BD5D09C23F32
:10AA30002B27253F1AEDEC3F8C04243EEC5346BEF9
:10AA40004C5190BF6C7598BC10A041BF6A1C383F38
:10AA50007932B63EF5F8993F50939B3FBB1573BED4
:10AA60001690ADBEBB4B64BF991C12BE248E27BF8F
:10AA7000BF218EBF19350A3F26D7CE3E88055CBF61
:10AA80000C49E2BD5260E6BE3E65483F3A79E03E81
:10AA9000F376C9BEF6D9B23EA3F741BFEC2BBF3F58
:10AAA0002EF6A6BEB881E7BF175D8F3F0C3F073F6C
:10AAB0002560163FD6D414BEDAF3F43E2837C63FDD
:10AAC000A9A4C1BEF7C9FABEA9EC26BFBA3077BFA8
:10AAD000C13786BF400C63BE53438C3F636B063F58
:10AAE0002EAC2A3E248E8ABE07E6B63F4CDFE4BD7C
:10AAF0009FBB803E3D0BAF3FBCFE473E7FEFE6BDB8
:10AB000016FC96BF9AB7C3BE27B9063F6A2D103F01
:10AB1000E260373F647D883E9F13603EFEF516BEBF
:10AB2000505C303FC2EC2ABF734D423F42EA36BF11
:10AB3000CEC7273F271AABBFA456F33E661FD53EAC
:10AB40005DAAD6BF21BC463E93200DBF85A47E3EA4
:10AB50009F12DBBE6FD96FBE51B80C3F0ADC383E86
:10AB6000C0E103BFF210ADBF655A86BF2D6AC1BEFA
:10AB700094ADD9BFDF878A3FE3C3FF3E621C353FF8
:10AB8000550A753FB9877A3F8D9D253F812B8C3DB6
:10AB90009EE8943D96A5E43F930598BFECB978BE36
:10ABA000FAFB94BEBD8BE23EE4CF043FE41F7DBEC2
:10ABB0007A3F1CBF56A06BBF367D5FBF02DD0F3FE3
:10ABC0000E6319BE197513BF45C5923FA4873B3F5D
:10ABD000095C5BBFE1048EBF627F4EBFE11724BEFC
:10ABE00021D4CBBE7FD53D3F0B0A71BE398D21BF2D
:10ABF000CB688DBF6785D83FE1E182BE6D00203D07
:10AC000042F67FBE25ABC4BF702C3FBE5A1E57BF55
:10AC1000C86B1C3FBCE3A3BE35912BBE5D9BADBD95
:10AC20002932C1BD09536E3E8C868D3E1B6AAABF78
:10AC30001054263FAC15773FB59435BF83A9DFBDCF
:10AC4000C84FFF3EA3E2D5BF8859393DA11AB73F8F
:10AC5000B216683ECB300F3FE3FF81BA9AF79DBC36
:10AC60005D0F743E77E3903D6E518E3FF05E3D3E4A
:10AC7000A9A757BE5DA81E3FC1E8163F15C8F03E04
:10AC8000670A01BEE1A3A4BFCAA9A3BDA5F1C7BFBE
:10AC9000F6A257BFC3FD45BFC43F8EBE2CF6F03FA2
:10ACA000F8A4E3BED6FE3E3F1EEC40BF057DF9BBD7
:10ACB0008C43353F868B00401D52253F5F4D9D3FA5
:10ACC000EEE212BF1F9E123FB1AF223E8C0A95BF2B
:10ACD0007851133FC02AD13F799B10BF20614E3F6E
:10ACE00093FB103FB4C598BFEBDD103F8A32073F9E
:10ACF000C9D99DBE41EC7B3FE7B3E83E084568BF3C
:10AD0000FF40A93ED230BABE6EA40040800C093F7D
:10AD1000729E9BBE3302843EA65668BF11222B3D15
:10AD2000EBFE0F3E0B680CBEC0DA503FC854F8BEB5
:10AD30008CDC453EEDF4D53DBAD4E43E0C02A83E91
:10AD4000D7CC7B3FE9CD9A3E4C3AA33E568B1CBFF5
:10AD50000D73BF3E7BAA17BF37F3523D17FA2C3E47
:10AD6000112DBEBD92807E3CBB6732BFA46A27BD59
:10AD700080B8BF3E6DBEC43E615273BF8644773F0C
:10AD80008073C0BE9019E53D7E59163D0D162CBF4F
:10AD9000BAC6E9BEFBDF863FB2C8133F57D794BFA0
:10ADA000AC64C63C4990703F41EF4B3FDABE273E52
:10ADB00015481FBECA38213FC15BE13EC29AF0BEB2
:10ADC000A024983E4023223F846A1BBFCF1977BD41
:10ADD000FA5EBDBF9D2170BD074250BF34F31EBF58
:10ADE000C919EFBED68B1B3F23BA9EBF24CDC73DEA
:10ADF00016DB7A3E6B38813F8C9582BE8AD6C33D86
:10AE00001AEC36BEC569B7BE604BC5BE535F95BF71
:10AE1000F7517CBF4985CFBE04864DBF1CC8D8BD45
:10AE2000E6A5E93E76D0EA3C92818DBF8A2AB2BD82
:10AE3000A6283DBFABC6C0BFB0191DBF841663BEF8
:10AE40007C16083F5B62A9BECC351BBF927295BFD2
:10AE5000E503BC3EA2BB5ABFE1C3D9BE741A503F42
:10AE60003779B8BE2708ACBFA417143E3EEF7DBFAC
:10AE70009E423DBF3883753E2CB60ABF48C675BE9C
:10AE80009507C83EF6E32A3EBDCC57BF2D8A2ABEA1
:10AE900032DEC23E869C55BFEC01A13EC6358EBD5A
:10AEA000083FDC3FBA66C83D92A1DE3E13FDE2BE1C
:10AEB0001B09A3BD10E4E1BE0192343FF7A5C33DD9
:10AEC00003A631BFC5580CBFD1DDAC3F96F79CBF80
:10AED000D0F0003FDF8ADC3B99B728BE283B1B3F00
:10AEE000543C473F5E6E72BE0B2D223EC68CB3BEF5
:10AEF000B8E0DBBE269259BEDF8DAFBF6A2B58BFCC
:10AF00006C69FA3E8ECC29BF3D54E13EB7CAD43BB2
:10AF10005297C3BC5401CC3D450A3DBDC1054B3FD2
:10AF2000264CCABEF1FD15BFBFB50DBFF0A7E5BEEB
:10AF30000E725CBF6E92643E5ED4AC3E6E6AF33EAF
:10AF4000D38B623E8F98823F73F1BD3E8C61A93EE8
:10AF50008756A8BF2F9C1A3F5B0BE53E6F8ED9BE6C
:10AF6000DC7CE7BF6CA660BF1CC3F6BD02216F3F4F
:10AF7000028ABD3FF0F58B3D8539A3BF1F3518BC54
:10AF80006661A1BCC1BE883F00D549BFC9B889BFB1
:10AF90007900DABF0212C73E2240FBBE2B10A33F4E
:10AFA00073DBC93E2D9F87BF4B0B143E3AACAE3EC0
:10AFB000E3DB1F40E2ADB1BE6C1702BF16F384BFE6
:10AFC0002E5BF13E1BD5273F7B56C0BEA88EB93FF6
:10AFD00056EF98BE6064CDBB4C6E46BFB5EE953E55
:10AFE000336EC5BFD800043FAED9CBBF25BFCA3E24
:10AFF000B71C1DBFEB4F41BFCB320BBF1E51B3BFC0
:10B00000E1659BBFF9BF233F118B973D2104C83EEB
:10B010005A342FBF06BC353F88A962BFFDF5143FE7
:10B02000731938BCFF12FFBE5270ADBDA40DA93E0E
:10B03000C61CE6BEE1C7ADBE19472FBFA11DCABEE3
:10B04000C4D8B63FEF402A3F66E48F3FB35953BDA3
:10B05000D257B03F5C02AFBE66BA0E3F665AC13FE0
:10B06000D326A0BF972B90BEEF8AB1BF6AA38FBF34
:10B07000E908F0BE56265FBEC32EC3BCDC056A3F9E
:10B08000E965673F2805D23E7770083F92C857BEF2
:10B0900054EA0F3E9B86773E54D4BB3F9D12A43E9C
:10B0A000E23ADFBE2960813E0EBE8E3F35D5ECBE52
:10B0B0003722FEBE044F813CC8C6AFBECCE1153E70
:10B0C0001CFD073F66CDD7BDB2B3313E5755133F88
:10B0D00007AFABBE6B05003E88D9423F171840BF93
:10B0E000F5AA513FEDA03D3D4BE0783F4BE4D5BF85
:10B0F000689815BE50151DBFBBAC4D3F04811DBFE8
:10B10000243E383D9C8C1C3F9E17AEBE045212C09C
:10B110002F75CB3F405C833CC7E69A3D72524DBFD2
:10B1200018E31A3F5061623FBB3E1FBFD07173BD31
:10B130003AE2BEBF57D57D3D0ADF09BFF6C7C73D1E
:10B14000AD5F1E3F06FD3F3EE6823F3E4FC3C33E1E
:10B15000AF40C23E58E3333F84EDC33DE76C47BF89
:10B16000826F893EAEFC4C3F47EBC23F2640F5BEA6
:10B17000E8E24C3F81C05E3DD71E173F3929CEBF64
:10B180006A1A49BE8659883F11A4553FCA23303FE9
:10B190005C0EAF3E602A643F805CBFBE025D3C3FF8
:10B1A00097E702BFFB714F3EAE00233E40E6AABECA
:10B1B000FA05C7BEB64EE53E17C78BBFE6F6C8BE5A
:10B1C00003A8463F35B5363FAD08223E762A213DDD
:10B1D000DD44DFBE0CB06BBF44875E3F3EC7B8BEE8
:10B1E000412C9EBFBAA106BD45611FBF294D01BEBE
:10B1F000BA45BA3F52C30BBF62FA07BF15D8103F1A
:10B200000E58C5BECB386ABF890C88BFC50466BF5F
:10B210003510653F0AA93D4074D2B6BFC67ADC3FFF
:10B220004D9AF3BFBFA62B3FCDAF8ABF4DBAA63E06
:10B230000BE1823E3AAB6E3F73D8B3BFDBE5353FDF
:10B2400060AF07C076F0013F6ADAC93F80939EBEC7
:10B250005F7286BF95DC0C40235A1D4077E6873F1E
:10B26000902FCEBF47E9A13FA463EA3F4C7FCF3E7A
:10B270001354013FBADE4C3F9FAD7EBF2A0BFFBD8A
:10B28000961DE8BEE5163B3F4DCC4E3FD1007DBF3D
:10B29000BB7810C03437E0BD2B2E443FF8C8903E39
:10B2A00076D7B7BF34CB0C3E1E0F833F612C253EB3
:10B2B00056BBE1BC7F0063BF07C6AB3FF235083F1A
:10B2C00056232FBDB3B148BFE7EF913E98F7CDBDF0
:10B2D0003DA2A03E4FDAA93F0B7D213FB4A7CCBED3
:10B2E000043A603F2EC15F3E54DB6B3EDF94643E08
:10B2F000A2C0853F3CB46B3ED83A7B3F920F45BF1E
:10B300000C700A3E7C69CC3E35A2CBBDE3FF8A3E81
:10B31000D87CADBF77960CBEE337943DEC648D3E90
:10B32000642CAABE1C8D00BF6E3E103F4BCA9C3FD2
:10B33000F9B733BF33D92DBE60F9623FCEAB353F8D
:10B340007AEBDBBE1F4EE23E6955B8BE0895FABEE9
:10B3500044B450BF7693B6BFDB3D773EB3DD18BF34
:10B3600006EF293E368FF93DA37BABBFF7708FBE4A
:10B37000C300B1BFF99DA4BDF1DCCE3F713366BE01
:10B38000FAA04A3F2A34EABE24363BBF8801973FE1
:10B390005AF4B8BEF204FABE4ABFB73F6AF2ECBE36
:10B3A000A6B179BEA97F54BD18B7953F34A7A73F72
:10B3B0007520F2BEC6F151BD96FF76BF84088D3F61
:10B3C00049D90FBF44FA373F020E2DBF700FF8BCAA
:10B3D0003BA2A3BE3B3820BFEB7B553F4AD89ABE69
:10B3E0004839FF3E3EB7E7BE15A0C4BEA3B697BF1F
:10B3F0001E55DA3EDA289EBE3A4CAA3E0ABA35BE3F
:10B40000C3C38DBFEC3C123EBC778A3F5E7BE9BD77
:10B410003EAF7C3F9D6B4B3F650BD3BE8D998B3F01
:10B42000454FC63D44B0163FEE5885BF351F2BBF74
:10B43000CB6B29BF0110893E17EC29BFBE2E86BFFA
:10B440001E26593FE3FE8BBF8EB6943F5497FCBC3B
:10B45000ADD0BDBFD9480FBFF5C00F3E72DD4C3F28
:10B46000566665BE2987293F16908ABF659F873F2C
:10B470005911563FE4695CBF30ED56BFFCBCE63F56
:10B48000B2A99F3F3C422D3F959DEABEE4012FBFEC
:10B4900054C09EBF01F86ABF1E7148BE330C5E3FA8
:10B4A000ED181C3D706DC1BFA3C9193E4637493F19
:10B4B000246589BE3D3CDDBD48B27BBF0AA109BE03
:10B4C0009691843F897B9A3EC785F53EC9E5163F34
:10B4D000A521A13EA92108BFF056DC3DB34C823F17
:10B4E000900B07BEA6E0523F21F539BE64D9293F33
:10B4F000542E413F156D1B3E7AD0F7BE78B23A3FCD
:10B5000048F59EBE59B21B3F9F7EC2BEA3C67F3F79
:10B51000B27B5ABE0AD0E33E1358233F1F3F54BEAE
:10B52000CAD3803E518976BF8E04B5BF3DBC46BFAD
:10B53000A33C8F3ECF60873E902CF8BFBDABAD3EA5
:10B54000A84E2B3FE505893D59BAB4BE203B093EC4
:10B55000C85A6CBF99D9AC3E3054823FC61D55BF06
:10B56000FC949FBE3C3A5D3F6C5DD23E8B07B23F80
:10B570000970FA3ECF0FAB3F79C68B3F2A4311BD0E
:10B5800067D6CB3E0DD402BF45826EBE976CD2BF4C
:10B5900066B48EBFB4F30ABEB11C0B3E716D05BF1D
:10B5A000B89E60BEC63166BFF7F2F53E28BD26BF25
:10B5B0002F8D79BF2C1D853F0C3D0D39FE42503F2C
:10B5C000444458BFC168093FF981853F32FD41BFFE
:10B5D00097AD653EAD6E35BE57074F3F9DC11B3FD2
:10B5E0007E1AD93F064B4D3E754421BFA0FE813BDC
:10B5F0000265AABF2C5F413D8007AABEACCAAF3F1F
:10B600009FD57D3FD661353EE7304FBF5A757B3EB3
:10B610001294CF3F2498983FF81C84BF0D48993E60
:10B620000DC304C0A637863F2DC552BE1D0010BCF9
:10B630000CD64CBE0AEC383F099A383F974F713E02
:10B640008EA1E63E5D1DD0BEAFA60D3FB895593F19
:10B65000A2DA51BFE2CE0F3F11027E3E418829BFE0
:10B66000DF15FFBEAB391ABF8192993F65984EBE78
:10B670007B42C6BE463E233F2E604FBE5377CFBCB3
:10B680004C6733BFB4135B3FACF6E23EB713943E56
:10B69000C5AE4ABEE797033F383A2FBF6A3A913E9C
:10B6A0005172FF3E8B52203D9E0604BE3635873ECA
:10B6B0006BA713BDB8D7933E9423CCBF68AE5DBFD4
:10B6C000E7F32CBEE313603F40C10E3FA228B93E12
:10B6D0002FDE31BFEABACABEBC5C88BF69DF083F53
:10B6E0005CFC983F6641BD3F0BD6F03D692C4CBEDB
:10B6F00088007FBEAC74EFBD23BAC73ECB8687BF40
:10B70000DC6815BFA1C886BF2755BBBDDA5770BE20
:10B71000E24C99BFF6BB4A3F8242313ECBC4CA3F9E
:10B72000CA24EBBDBBE61EBF133EA8BC4292B8BE06
:10B73000778813BED4C10C3F093615BE8B2A043E50
:10B7400056744CBDFF322A3E97B9AD3EBF6A3B3CB2
:10B75000F833A0BE138200BF7AC52C3F82D272BEDE
:10B760009B42E83DC26183BE50E7AB3E37FF743F6A
:10B770006DFDAFBFE61463BEB5137FBF581B0D3E12
:10B78000C8246EBEE26E9EBD98380DBD3EC8963F81
:10B7900032C15A3C9F2508BF7511D43FB1CCAA3E97
:10B7A0009D3BAABE3540943E5E013DBF445808BF54
:10B7B0005001A8BE63CD5ABF54C70C3F4F8EA7BDE2
:10B7C000D78656BECFA2443FA71A023EFB03C33F13
:10B7D0002D0029BE15DAD9BF277A7FBE8B698A3F33
:10B7E00043ACF03B9A050F3FAA0BEF3F713547BFC3
:10B7F000353D5C3F0CC6CBBEB54488BF7B28A5BD9C
:10B800002F0E6FBD6E575DBF18EB8B3DF60D40BE22
:10B81000BB13923F4C1A5EBFFAD3EB3F0AEA993E44
:10B820009A13113FFFE3D9BF4F50C0BFFE82A33E22
:10B830004398F03C52FBC3BE826C08BF918FAFBDF2
:10B84000188E433EBD25E03D36FE63BF0294F13EB7
:10B85000E39BB1BEEE2E73BFBF8FDABE0455FDBEB3
:10B86000F36667BFE26152BFBD3C29BF31F667BED8
:10B87000CCFC583F5874513EC3A8C0BE231970BFBA
:10B88000BE4B9DBE23DE133F7B5196BE4FE0393E3B
:10B890005C7CAC3FB71584BFA4B518BFC705FBBD22
:10B8A000CD8A6B3FC6B7CCBE4A7E883FA9E9BABFF6
:10B8B0001336AE3F58E80F400B94603E07216ABF35
:10B8C0006C900C3FA6B699BED88A3E3F15F0053C59
:10B8D000050459BF07C265BF6F336DBE65AADCBEE4
:10B8E000D334103F9B2B4FBEEAD0573FB3F7393FBD
:10B8F0008A7B903FFEDF353F5342593EDC268F3F27
:10B900003EDCE1BE489C4BBF6E2B1EC04FD20EBE2C
:10B91000124624BF48ADC2BEE765943E8E5152BF69
:10B920006AE7F6BF4A9E8ABFA133F9BEF3E91E3E1D
:10B930008AA0E1BE8E2B7FBF67786C3E613E253FBB
:10B94000D892D0BD84FD10BD4198803F6418F83E68
:10B950007048BF3E385616BFCA46173F1F1A433EAF
:10B9600027FE61BE08D392BE85DA33BFE531D0BD74
:10B97000F657643E2A0890BDDA61303FBBEEAABE9E
:10B98000034557BE18ABFF3EAD9B34BEC0A1033F7D
:10B990000FF0CC3ED79DD8BED73DB93D56D9F5BDA9
:10B9A000864DDC3ED7BFD13E6C7E9ABD5DEF50BF69
:10B9B0003099E1BDDB53E8BED1C24CBE5CD483BD3F
:10B9C0003751AA3E0F9F0B3FEADDB3BEBA8786BE52
:10B9D000CB66B63F5B7931BF89E587BD660673BF2D
:10B9E000BAF3AEBFFE645DBE243A89BD4D69E03E48
:10B9F00031562C3FB52EBABF2D0B8DBF224553BFFC
:10BA0000916C1BBF6613153D45FA013E000583BED0
:10BA10004C5A95BE8DBA9C3E6470463F436CADBF98
:10BA20008047A4BFA4EEF23D6C57C33F04E3DEBBE6
:10BA3000E21946BEE7DE383F5F6A71BE3BD2F13E97
:10BA400018F7DDBF5DB4983F0849B73EE6FCBBBFC1
:10BA5000DC54BFBE83B89B3FF6D2CF3F44B782BF12
:10BA600027F6D1BEB5CFC4BF66AB523F8036243E69
:10BA7000BCC3353F6AE285BE6C73B73DC56C7DBE05
:10BA8000B298523FA7E8673E765A00BDFFCF88BF05
:10BA90006AE3973F69C87BBFDF77033F17138ABF0D
:10BAA000CD14483F56E2EDBD87A75B3EDF7E0DBF5C
:10BAB000667941BEE8596C3E662620BF3F5C28BFD0
:10BAC0002D8280BF84CE1C3E5327E7BF4EC0403F2F
:10BAD000D068543FBD208C3F86674A3F6CA893BF17
:10BAE0008ED9003E46E0153FF4CE5A3E6195E9BD41
:10BAF000D058973FFC2C0FBE2A640A3F65C0E93E30
:10BB00005183D8BE8AC565BF3794B6BD19F02FBE24
:10BB1000D682F33DCF6390BD4EDE953ECE3F2ABF29
:10BB20001240A63F0F6D1DBF9E68373F56AE863E42
:10BB3000EF3EB3BC41E0CD3FCA1E13BFA97D8B3B96
:10BB4000156FF03E4DA21BBE19FF833D58B94B3E09
:10BB5000FB56A33CEF64F63E6D9E0040E17929BFA1
:10BB60002D49B7BEDAF939BF35B84F3F0D9D80BEBC
:10BB7000BF3B123FB0088B3FE17DDE3E0781CFBF68
:10BB80003037C23E70A7AF3FE8B13EBEF977D93E2D
:10BB9000CD07AB3D6066B0BEA67FDDBCB60ACCBDAE
:10BBA00097F17E3FA5BF31BFB31E22BFA38B6EBFEF
:10BBB00048820D3E83330D3E88C9C53EE946843E2A
:10BBC00088B855BF58FD6D3F20518ABFE569123EC8
:10BBD000CA798BBF1E32F5BEB02BB03F8D1D123F10
:10BBE0008206B53F628F39BE11F10B3F7E98A3BE2E
:10BBF0007362B9BE68BC3C3FCAEFB93FFDF16CBF90
:10BC00007332D6BE411633BE50D813BF34D2143F60
:10BC10001532613F422F073FC9CBDE3ED9C7123FE5
:10BC200095649FBF71B7363D833A06BF0E2F1BBF89
:10BC3000AFDEA7BD12327F3FAEAD9FBEE2D7393F28
:10BC40007D6DF63A9A6EC2BD3F75183F9AF71ABFDE
:10BC50006C1265BFB777ACBE68A299BE7980D6BEBC
:10BC600099465DBF66110C3F4270A43D93FF51BDE4
:10BC7000F5B8B23FF3BA473F7998AE3F435B833E96
:10BC800063092E3F26EBF0BE078C70BFF88AC6BF53
:10BC9000CBC40FBFF4FA193FF02594BECAF01BBF06
:10BCA000EE9ACD3EAA63233FA6B287BF6909B33E91
:10BCB000BD4698BF3D3B8EBFD9A9BA3D446645BF3E
:10BCC0004D28F3BE36B66FBEBCFE7F3FE931853FDF
:10BCD000B1EEE8BD02741FBE52E21C3E001BB8BDAF
:10BCE0001C441F3E268462BF57C54E3C197B553FFE
:10BCF000E8B5C9BF1D767CBE19E4C7BD081CE0BF0E
:10BD0000F9A49EBEFD1E943FE768603FE716DEBEC5
:10BD100032FE52BF354E72BE2149E8BDF511283EB4
:10BD2000A4F5803DD43202BFB887653FB266553E68
:10BD300076139CBF9D3548BF709BF9BC3FBC873FC5
:10BD4000C866093FA82F87BF9B63523D8697C03FB7
:10BD5000D1509DBECBD39B3FD01E03C0F02B0CBD5A
:10BD6000F0BF703FF4F193BE3D03F0BE5E28B9BE54
:10BD7000F6014B3F4D6AA23E773FD2BFA9F39EBF6B
:10BD8000636C8E3FA3DE8D3F94B400BD0AF406BF02
:10BD9000484459BF5733303F910D463F72996A3F2F
:10BDA00019C3813FC746713F4DCCC6BFC969713EBB
:10BDB000940E94BF768134C02002B73FFE089DBF29
:10BDC0008DEEB8BF68FFD3BCD2DDB83F374FA1BFFF
:10BDD0008102AEBFC21718BC82C0E43F57C386BF02
:10BDE00050A6473C8FA69E3F02F7FD3FFE7720BF3F
:10BDF000E564D5BFA6B9ABBFA93A70BEF083A93F31
:10BE00001378B23F695B423E5440BBBEF156833D5E
:10BE10000CDA0ABFCA3FC8BE44F80C3F963DAEBE1E
:10BE200006DD9F3F5AF512BF53E4423F54B3C73E6D
:10BE3000CDB316BE11C449BF3CDF56BE1429C1BEE6
:10BE4000A3AACCBF402FC63F5054B6BEC07A17BF7E
:10BE5000FC520E3E7DB16CBFA07729BFFF25A8BF65
:10BE600074B043BDEBFE7B3EF51ACCBF0A2C9CBEE2
:10BE7000392F59BF798C5E3DC3648FBF45CB2FBF2F
:10BE800090C9A33EC26607C0265A5C3F1B04843F8C
:10BE9000A5C1483ECCBE0FBD3866AC3FE6C6823F6A
:10BEA000B96EDE3E35E7083F5DDD85BFE2EE9F3CC3
:10BEB000FC4CF53D3CAC903FC993963E2A765DBF65
:10BEC000EFB4383E5CA7343F73F3273F8CD2773F03
:10BED0004FEFA63F3E6385BF3F59E83CAE143A3E64
:10BEE0008D773B3F6B0E10BF573E25BD7D26543DE1
:10BEF0006086BD3FADD0F93E82002BBE4DD5F9BE68
:10BF000019AB23BFEA8C72BE082ED9BE2601303F82
:10BF1000FFAF15BE34F9B63E62A271BE224CC33EDD
:10BF2000AEC6F23E17A2EDBECFEFA5BF7DC6E8BFFD
:10BF3000847A1F406D5CEEBD68A498BF6F7B013FA3
:10BF4000800EBEBEEDC73FBEC47033BF7A8295BFC0
:10BF5000EDAB6C3F43CBF1BE7A8FC4BEA840073E29
:10BF6000DD0196BF7A8758BF3A012A3F02B6713F7A
:10BF700013C4C5BECDC989BE62A9DFBD54101FBFA1
:10BF80001E9475BF4C30A63EA64D69BDA34F7F3FA2
:10BF9000E5A36A3E921E4BBF1A38CA3E792686BF79
:10BFA0009F3FAEBD8103123F89F99A3F57C0BF3F03
:10BFB00026A7BC3CE69175BE1D2CE1BE666C31BF68
:10BFC0007C643B3FC9E75E3EC5235B3FB3147C3EC8
:10BFD000F4C32B3FCF2FC93E86E9F73E32A9EE3E90
:10BFE000ADEB333EAB2700BD7BFD03BC1CEF463FF2
:10BFF000FF5413BF61E15CBD635E3BBF0FBAA03D60
:10C000009118A9BFD43D19BF6A2396BEC1A067BFCE
:10C01000261B70BF8DFAA23D618ADABF83E571BF2E
:10C02000994C293E69DCE63E444D9BBEC9632ABE5D
:10C03000E9C9D43D65D40ABF996E26BFBDED13BDD5
:10C04000FF8502BFD76D2FBF7173CE3FF561DB3E19
:10C05000D015113F1EB9903FF38D8E3F4518C6BED7
:10C06000D329EEBF953D15BFFA3591BFF378A03FB8
:10C07000F78ADABEBD2293BFD4D2933E0A4CE83D84
:10C08000712FC23E2F5DEDBE3E2DC7BF6692073FAA
:10C090000FDE893F89A92CBFAAA6B53DDFE4603D2C
:10C0A000497D5A3FB2783A3E771DCEBED9EEA13EC9
:10C0B000F5BFB9BE71BBC3BE7BA0C53E529F1FBEBC
:10C0C000039E8EBDADE81B3F04E4F4BEF211F2BE48
:10C0D000E7E4FE3E9C2051BFA69A76BEB033D63E22
:10C0E0003FB9A7BE48355D3F152E733E40ADC63EF5
:10C0F00028C7063E82881D3E43A327BFDA1D383F6E
:10C1000002DD5D3EAFB507BF1FDE0C3F7CBD7BBFD0
:10C110001997383F488B41BD58C441BEF86FDF3E88
:10C12000999D8B3F57DE23BE0F87303EA368DCBE50
:10C1300097E39EBFA6D343BFCC7B59BFE95F59BFEE
:10C140003552AD3E2F9B283FB7781C40A7DAA4BEDE
:10C1500014A277BEC453923F57E6C63FFAC85CBEEE
:10C16000874D19BF59D142BFCC6AD13FF17F883F7B
:10C17000F7D073BF94DACF3E363F80BF5CB0E33E6A
:10C18000577AD53D63FE18BF344778BF5F9D08C01E
:10C190008ACB93BE33327A3F4675F6BEA2CDCABE75
:10C1A000663D083FD3B7433E21ABC7BEDC355EBF1B
:10C1B0006E05A0BED603E4BF5DD494BF065D90BEFD
:10C1C000614699BED81813BF8E7AFD3EB52DF7BED5
:10C1D000D74A3F3F4329BB3EFC8757BFCC47353F3B
:10C1E00025442E3F31382FBDB6210CBFB389CABEBE
:10C1F000A35F44BF435565BFB7C48337D1C943BFAD
:10C200000A52EFBD08F4DCBF360D27BE1FC0813EC9
:10C2100013778FBF1D22413FB357023D3950D5BF21
:10C22000DF29013FBAE79EBEB2D53E3FE9CC1C3EB6
:10C230003950AD3D5E9BCCBDBEC1B0BD2AF1D23EF2
:10C24000F31496BFD591353F175120BE54D85E3EAA
:10C250009B9FB7BEC4F4DF3C20C5B53EA8BC523E90
:10C2600049FD563F4594DA3E85702FBFB7DA89BF46
:10C2700021E94EBE14E9BA3E3FB71A3FC0FC743FF5
:10C280000195A23D88B9883F947515BECFC324BEE1
:10C29000DE93D63E0E58A83F02DF7CBE2F1383BF2D
:10C2A000077BB63E6E4311BEE2737B3FB21B07BFF6
:10C2B000133763BFD8D1883D852376BF36B40EBF10
:10C2C000FF85533D720F083FFD1B253FB30950BF4B
:10C2D0009667FC3EDBA00A3F1C787FBF61CD5DBF47
:10C2E000F04AE83E7BA7B3BC57019CBF75D54FBE53
:10C2F0008977863EC93F6FBFC7EA3A3F4A07EA3DA2
:10C30000A6C22DBFF8FF9A3F6ED14D3F90E2B33FDA
:10C3100040749A3FC77D8C3FC6CF9FBD928707BDB3
:10C3200064EE8E3D8089CDBE13731CBE9171CC3FEF
:10C33000B904303E2F16A6BFE6C444BD0E724ABEF5
:10C34000F75E913F400458BF03A653BC629BC8BF31
:10C350001FD0393FC55B88BE8F99E4BF63FE1C3F89
:10C3600063C3E7BD96C0273D2636653EB226153F1E
:10C37000B6441BBF859A453E6E4DD7BE7B4506BF72
:10C38000550B4CBFD367A43F5725453FD35027409B
:10C39000159BEBBFA3A814403436A2BCD762CBBF19
:10C3A00039D4593F3C2A493FC44CCEBEE88B10C01B
:10C3B000FC077B3E07E8B2BFE1F5C73FFAF4ACBF2C
:10C3C0009C08FF3FEA950FBE94A2623E02C307BFDE
:10C3D0005776C4BED58AB2BFC6E96FBE386E0BBEF3
:10C3E000B4CC43BF9FD29E3F1F68034082835EBF91
:10C3F000559394BFA0E494BEF1C68BBF579FCBBEAC
:10C40000127B8FC050C1CDC0796743C0CF5864C084
:10C410001E55BCC08814B6C0F9148BC0CF2E50C0B6
:10C420008822D3C0124CB7C00A18D0C081533CC078
:10C43000C28DABC0F093DCC0759250C00D5DDAC008
:10C44000926918C0F4AA4CC01C9B75C005D95CC089
:10C450009866A8C09352B0C077BFC5C010785FC0BF
:10C4600099486AC0E9F4DBC05BA7BCC09E74D7C022
:10C47000CE1CA8C0F79127C01C336CC0992F9FC059
:10C4800026DA37C0A9D657C02D8436C091B034C043
:10C49000812BC2C0A184B6C02B2A9BC076305DC060
:10C4A000C9EAC0C0780987C074429CC0141A62C02F
:10C4B0007D2425C0B23FC0C0BDDBBBC0612FD8C04A
:10C4C000DC1B61C00017B9C08779B1C0C3B2C1C05D
:10C4D000F249C0C06C4AA0C071AF85C02531BBC055
:10C4E000455E7EC0961115C0015ABEC0C550A6C09B
:10C4F000DE86D6C04849C5C0E459BCC0B222B2C02D
:10C50000712F2BBF19165BBFEBE460BF5A763BBFA0
:10C51000A87022BF2DC579BF41EA51BFABCC78BF0F
:10C5200057FB79BFD93E4FBF5F8E41BF58B274BF32
:10C53000D53C35BFC390F6BEB0B643BF1AB56ABF8F
:10C54000E3EF2DBF847F41BF409E4FBFE43A31BF30
:10C5500017B236BF402C33BF7C3941BF0A3D36BFCE
:10C56000876145BF9CD646BF583311BF4D333BBF93
:10C5700033F738BFEA4734BFDC0256BF566C36BFCC
:10C580009F7B18BF387511BF71A985BFC50785BFCF
:10C59000B0E94ABF2EC085BF08CD06BFB6D502BFE1
:10C5A000A7670FBF56572CBFDC46AABFED5CC5BEC0
:10C5B00026A2C9BF97004ABFE69D90BF36D04DBFA7
:10C5C000E795F7BE11D7A6BF31A180BF7F4EA6BFAA
:10C5D0003E1DB2BF3E419BBF198944BF84033DBF8E
:10C5E000E0131ABF0AEA88BEF3FB17BFC09BE9BD80
:10C5F00044F4C9BFA83ED2BF1E18BFBFA037A8BF12
:10C60000D07D1DBF8A3AA4BF50B134BF832B46BF33
:10C61000A0790CBF5BF850BF375326BFDD4352BF34
:10C62000606D41BFD4274CBF2D0A44BF900C2DBF75
:10C63000F5452ABFE45256BFBE7A26BF37AD31BF9B
:10C640001F3625BF769459BF10663BBFEE0711BF5A
:10C65000ACEC2BBF2AFA24BF72A934BFA4B043BFED
:10C66000BEB537BF9F2A2ABF0FA829BFDC82F2BE02
:10C67000D11721BFEA221EBF4CFF4DBFEE3040BF95
:10C68000EA6D35BF6B2010BF5FDF1CBF48F019BFDC
:10C69000DE281EBFAFDF08BF7CC93DBFC69D55BFAA
:10C6A000EF0B4CBFB1E23ABFF7712CBFDAA747BF1F
:10C6B000B6EC2BBF8B7D41BF04FA36BF125C2BBF9B
:10C6C00095C73ABFDA9733BF6D3A2ABFAB6540BF13
:10C6D000BB3D34BF061437BF4A883FBF21F82BBF8C
:10C6E0006B742FBF837A2EBF008339BF635643BF5D
:10C6F000E9580FBFF35F30BF924D22BF34E418BF3B
:10C700003C043DBFAE5E2DBF2AB4F5BF204388BFB9
:10C71000DA354ABFABB72DBF51C112C07069D1BF66
:10C72000DD7A49BFE22A89BF14BED1BE45B461BFDC
:10C730005FB524BFDB988BBE4B6189BF01C384BF4B
:10C74000F07B79BF914A65BF804AC6BF0EFA9DBF94
:10C75000A8C86DBFAAA382BF572904BFBACCB2BE76
:10C7600013FA7BBFC6B3BABF910BA0BFA41D9EBF77
:10C7700049CCA6BF0E9E91BF078493BF390DA2BFBF
:10C78000C91721BFCEE484BF8ED093BFA38494BFCA
:10C79000AD40A1BFB304F3BE57C62CBFBE1F87BFB9
:10C7A00002F9BDBE96D759BF946412BF66B971BF76
:10C7B0001390A3BF8D44C4BF2EA3A8BFF4D8C9BF94
:10C7C000E5E19EBF349EB2BF975CADBF006C22BF57
:10C7D000E12999BF92C957BF6125A1BF5BC2C1BF03
:10C7E000891AB9BFAADDCCBFB82CD3BF08B54EBFDC
:10C7F000F0B455BFEB36A5BFC8F7E4BE2B3B6ABF0C
:10C800008CB928BFF2362ABFC45A4EBF235E5CBF24
:10C810009E525DBF6ACE6ABF040E32BF498D40BFD3
:10C820008A794ABF4E943BBFBA8F33BFD6873CBF8D
:10C8300092863FBFC8DD34BF3F563CBF973629BF05
:10C8400084DF35BF49E130BF46C22BBFA8083DBFDA
:10C8500038522DBF3A272EBF37B032BFA0EB3BBFB7
:10C86000DF5B27BFF9CA2CBF2D711CBF17342FBF48
:10C8700022BD36BF1EA737BF40BD31BF9E3125BF89
:10C880003DE635BFADAB33BFD34A2EBFC61F31BF68
:10C89000F9D62DBF90742EBF1DFA33BF49E82EBFC5
:10C8A000D9AF2EBF536F32BF8FB633BFEE5630BFF6
:10C8B000A9FC2FBF84E32FBFDED231BF033F32BFBD
:10C8C00062D731BF1BAF2FBF05FD31BFBBBC2FBF30
:10C8D000F7A230BF335F31BF992431BF58D631BF83
:10C8E0008E5232BFDFE931BF68F131BFDCFC30BFAF
:10C8F000AD6C31BF5B7331BF701831BFE07631BFB3
:10C90000819F2DBFA2B42BBF5DFC2ABFA09B2FBF70
:10C910008C7F32BF466F2DBF5CA42EBF7B6F30BFB4
:10C92000B2382DBF830C2EBF3FB62FBFFD432BBFA8
:10C930002BF628BFCE462CBFD51A2EBF0A5045BFB6
:10C94000E86B35BFA2861FBF317632BFEF063CBF12
:10C95000986E39BFB61F29BF9C1432BF52672CBFD7
:10C96000FB802EBF8EEF33BF01BC34BFDC753DBFF3
:10C9700037C52DBFFC7D3DBF3F5E24BF33AB31BF0C
:10C9800028353ABF3E7A6ABFDB0C21BF15A342BFF0
:10C990002A866DBFA6830BBF7ED87BBF1D016DBFEE
:10C9A0004BAA46BF06D157BF0FDA67BFB4D83DBF09
:10C9B0003D6A56BF1E830ABF1BBB60BFF73C2EBF3C
:10C9C000B26C6ABF66DC88BFC6B56BBF2CB81ABF35
:10C9D0002ABD6EBF136F0BBFEA292CBFA1E194BF24
:10C9E000C38202BFA03B14BFB25D2FBF8DCC30BF4E
:10C9F00081470EBF00D82ABF07882ABFE0B54ABFCB
:10CA0000CBA62FBF804E38BF47F227BFD1692ABFC0
:10CA10004EC22BBF1F0056BF374535BF1E4E3ABF13
:10CA20004C4A37BF93C82FBF8ED231BF1E8B30BF49
:10CA300069482CBF8A622DBF0E292ABF655C6DBF75
:10CA4000D81E2FBFDA4233BF417035BF2ABB32BF79
:10CA50005EA644BFD3FA2FBF2D592DBF35BC2CBFC6
:10CA6000F7A736BF74CE31BF7BF139BF6B5D37BFDF
:10CA70006FC945BF96C928BFA43D3EBFB08A3DBF20
:10CA800050E92EBF5F3E78BF15EE4FBFDB623ABF65
:10CA9000E7AE24BFD0EB45BF64C433BF4EE857BFF9
:10CAA000091526BFB6A83DBF796D37BFAEC311BF0C
:10CAB000CA8B26BF7DD433BF75B028BFDC9531BF8C
:10CAC0004C1644BFB90C31BF5D533ABFF3703FBF42
:10CAD000300220BF57BD35BF082142BFCFEF3EBF58
:10CAE000CF4331BF17DD23BF6D233EBFA1D420BF8D
:10CAF000E15C2DBF88FB42BF0B8043BF207339BF71
:10CB0000153126BFA67224BF7E222CBF0D3D75BFF6
:10CB10006B8C2ABF1A6130BF01B746BF44AD51BF0D
:10CB2000802652BF11A335BF65E23CBF998438BF50
:10CB3000540830BF7D572FBF801F35BF36C15ABF45
:10CB4000896530BF776B1DBF018E4BBFF03A2CBF9C
:10CB5000DB082CBFC56F22BF712025BFBB4925BF95
:10CB60005C8E2EBF4E102DBF640440BFA90922BFAA
:10CB700048CA45BF13262DBF700828BFE19238BFB1
:10CB8000E2C54DBF0FA5B2BF3E584EBFDD06ABBFDD
:10CB9000EB3AC3BFD8C130BFA3FB8BBFD64C41BE5D
:10CBA00007649BBF458815BF09FF53BF16CF8BBED7
:10CBB000E3C3A7BF9BE588BF23EF9ABF59F68CBF9D
:10CBC000265787BF7A3178BF7E64B8BF7EEA3EBF02
:10CBD000B0348ABFBD8096BF02ACA3BF88E1B0BFAE
:10CBE000FB6709BEF4E4FCBEC96D48BFE13E7CBFF3
:10CBF000084D00BF7593E0BEC406F2BE83D8D6BF11
:10CC0000067623BFF00D25BF63434ABFBA061EBF99
:10CC1000BA1624BF85803EBF256821BFB9CB1FBF90
:10CC20006EA048BFD97B4BBF867934BF69B337BF8D
:10CC300024B626BF8C8737BF5B0147BF941433BF30
:10CC4000B37B23BFD71521BF0E6841BFFB1329BF9C
:10CC50002F1E3CBFA8D02BBF3F2225BF7E4C35BF27
:10CC60008A9D37BF0FB649BF675A26BFF31D3CBF29
:10CC70002BF43FBFE6073BBFB07931BF229E35BFE3
:10CC8000932765BF546648BFB58D3ABFB12E9ABF92
:10CC9000805732BF626F85BF86B19BBF5DE96CBFB5
:10CCA000D94A39BF111E70BF8CEDB4BF81415FBF3F
:10CCB0004045DDBEED4178BFD2E89FBF711ECBBFBE
:10CCC0009E1BA5BF1F22B5BE4E229BBF16FDB8BF3F
:10CCD0004E87D1BF55FE6FBFB42884BFB71FCABFF0
:10CCE0006F489EBF471B60BF51B16ABF72348BBF94
:10CCF000167496BFC386F0BEC28986BF535E4CBF12
:10CD00000D8F23BF1F3127BF3AFC24BF16493DBFFB
:10CD10002A0F28BF2F5737BFEE7C34BFC9F13CBF65
:10CD200043292BBFDB614BBF499C3ABF3E0145BF46
:10CD3000CBA53CBFCA7E29BFA71333BFB84243BFB0
:10CD4000D4B62BBFE38831BF7B1E38BF5AB03BBF80
:10CD5000670029BF86211FBFCCD636BFDA7B27BF2D
:10CD6000769632BF92D22CBFCE7722BF1C3E37BF01
:10CD70004C042DBF0BD642BFDCEB32BF55D119BFDF
:10CD8000094C32BF0F1232BF150E30BF413733BFCF
:10CD9000D63533BF3FE531BF064330BF5CFF34BFFC
:10CDA000418A32BFC48531BFDA3334BF41FA2EBF66
:10CDB000D3E536BF66EA32BFEC5032BFA62A33BF96
:10CDC0008C6C32BF95722EBF073C31BFA3FB2FBFC7
:10CDD000647531BF7DA731BF840731BFC7C330BF82
:10CDE0009EB130BFF1BC34BF23ED32BF5A7731BFA3
:10CDF000210432BF75F92FBF83B830BFAF882EBF73
:10CE000096DC2DBF508441BF9EDF27BF5B1D49BF0D
:10CE10002E862FBFAFE04ABF764F15BFB2013FBF8E
:10CE2000BE8B5EBF229849BF082137BF67AD3DBFAB
:10CE300021DB39BF9D2032BF655433BF33203DBF56
:10CE4000E8CD2DBFC7232DBFCD3033BF9CF62DBFFE
:10CE5000E4A429BFEDCD34BF137D35BFAEE837BFA5
:10CE6000B77B36BFEF0E2FBF732631BF868845BF15
:10CE700070FF3CBFDCBF37BF4A113FBF1C5230BF01
:10CE8000FEF71FBFD7CF02BF8EF231BF3DCD28BF07
:10CE9000D3573FBFDA9B41BF4A8746BFF1B02DBF92
:10CEA000B85738BF2B3039BFF8EB35BF33DE34BF4E
:10CEB000F4A82CBFCBEA32BF2F624BBF783F49BFEB
:10CEC000893D28BF8FB35DBF87562FBFCC103EBFB3
:10CED00045DD24BF4FD23CBFA93731BF72893ABF6D
:10CEE000A42E28BF89FE38BFAEB633BF169639BF11
:10CEF000AF6641BF58E04EBF58F62EBF9E2636BFE4
:10CF0000187231BF187231BF187231BF187231BF39
:10CF1000187231BF187231BF187231BF187231BF29
:10CF2000187231BF187231BF187231BF187231BF19
:10CF3000187231BF187231BF187231BF187231BF09
:10CF4000187231BF187231BF187231BF187231BFF9
:10CF5000187231BF187231BF187231BF187231BFE9
:10CF6000187231BF187231BF187231BF187231BFD9
:10CF7000187231BF187231BF187231BF187231BFC9
:10CF8000931339BF7CD848BF1EAFF2BEF5652ABFE8
:10CF90009538BABFD5885FBFA7373FBFF6199FBF87
:10CFA00025BC7EBF132380BFBA72A0BF99D9A3BF8F
:10CFB000D6F2ADBF274421BFC45D7BBF1FEE16BFB5
:10CFC0000B9C0FBF86B5A1BECF7C96BFFE3087BF3E
:10CFD000A9256BBFB19827BFE4E96EBFAEE3F0BEF1
:10CFE000E28A6EBFA7BE58BF7EEC0CBF686561BF0A
:10CFF0005EA9E9BE12CB5CBF441C7DBF0BEE67BFD0
:10D00000B1D38FBF6544EABED34F01C0667188BFFC
:10D01000F2A778BE27F110C003C8ACBFB19516C007
:10D02000DA8BFEBFA690F7BF2FD901BFB708A2BF0A
:10D03000136480BF218C28BFD9CC8BBF2B68B7BFAE
:10D0400054F78DBFE31F22BF7CBF86BFD4B93FBF5B
:10D0500006CB13BF38EC34BFA55777BF6B2F83BF08
:10D0600081204FBF7CD17ABF53BCA3BF013593BF92
:10D0700031827EBF4B7756BF966EFABDD4BD70BF6E
:10D0800019D03ABFEEB73EBF296A3ABF38DA16BFA9
:10D09000576C33BFE2083DBF698916BF595742BF7D
:10D0A000A86343BF3B462BBF9BCC1FBF37813FBF0D
:10D0B0008CF241BF77DE2EBF73F540BFB3C54DBFC5
:10D0C00012FC1EBFD44F3CBF8F3A35BF24A63BBFD6
:10D0D000C5B636BF9E613CBFBCBB3ABFF3E834BFA8
:10D0E000430432BF326C24BFD15D27BF308434BFCC
:10D0F000534832BFC5C230BF501738BF46F23CBF9D
:10D100007ADF2BBF1B8044BF83B642BFC37460BFAE
:10D110002A1832BF33CA4EBFD6502BBF4B7949BFF6
:10D120005A974BBF369C34BF881838BFB69621BF7C
:10D1300014E33DBFEDA12FBFBFA42ABF31F425BF2B
:10D14000608125BF95AA4DBFE40B3FBFACE63BBF56
:10D15000E4A224BF5DA446BF593C4CBF1B9433BF1F
:10D16000AABB3EBFAF7F44BFA1C92CBF57F022BFAF
:10D17000F35632BF0E2C25BF0B6F3EBF5FE84BBF8F
:10D18000CEAF24BF37682FBFF4453CBFAD1162BF9F
:10D190003CD829BFFF4B28BFC640B1BF5D0490BF3C
:10D1A0001F97ACBEB14F6BBF6BEA86BFF1557BBF1B
:10D1B0004AA6AABF5C4CABBF13653CBFF3F246BFA7
:10D1C000EACB25BFDE6C43BF6E9B81BF710FAFBF43
:10D1D0006D9A9BBF8321B6BFF94BA3BFC25C84BFCE
:10D1E000293448BF1F1E97BF1D2A34BF8025FEBEAD
:10D1F0009E2175BFF41C91BF2E9166BF37DA5DBFCB
:10D2000045A835BF211931BF607031BF599D31BF6D
:10D21000CFD430BF22D231BFABAB31BF132B31BF24
:10D22000018131BFEA9531BF2A7231BF27D131BFA9
:10D23000747331BF928631BFD66E31BFFB7931BF77
:10D24000727931BF756731BFCB6031BF277631BF8F
:10D25000808331BF1D9331BF666931BF9F6731BF86
:10D26000FFA631BFBC6931BFEE6631BF2A6331BF53
:10D27000326631BFEC7031BF4D6831BF377031BF9E
:10D28000494522BF568B37BF213F43BF8E764DBFE6
:10D29000CCD83FBF32DF2EBF22AD41BF965818BF5A
:10D2A000DFF804BF706E63BF53F13CBF895602BF05
:10D2B000A6FF5FBF5D3639BFCBDBDDBEE4152DBFFA
:10D2C0006B7F65BFE9C40FBF9FE610BFC8C83EBFF4
:10D2D000CB1334BFBAF9C6BE785B10BF888043BF9A
:10D2E00008CB22BF17B83CBF5F9D55BF691A31BF3D
:10D2F00037C43DBF1C5345BFDA3122BF01F266BFC0
:10D30000F85621BF7B411CBF3DAD20BFF94019BF7E
:10D31000FB1633BF17312DBF434745BFEDA545BFB2
:10D32000A77E0CBF7AC525BF0D2E3CBF54DC24BFA1
:10D33000CC0D1BBFC77C31BF7A9132BF404E21BF9D
:10D34000866E28BFE8C501BFF18B1CBF470728BF09
:10D35000C0DB4FBF1B3E7DBF25166DBF98806DBFE4
:10D36000E9242FBF5A885ABFD0E96FBF0F073FBFCC
:10D37000429853BFE74677BF1B9C3CBF1A5319BF67
:10D38000C7B614BF613144BFA215C5BE4BB20BBFB7
:10D39000F1C166BF2B37F5BE1F5F69BF1CADFBBE79
:10D3A0008AF85EBFEDC06BBF16430BBF664C09BF6A
:10D3B000C66E71BFC2C423BFC44131BFB3761CBFA8
:10D3C00047B80BBF021A19BF2FD65EBF7012E7BE57
:10D3D000EA7511BFCBC55BBFB51A61BF651253BFFC
:10D3E00053E54DBFEAC98ABF9AF00CBFA9DDF5BE6F
:10D3F000359D82BF6F2824BF07E8DFBE56E941BFD5
:10D400000DD739BF864745BFAB4A79BFC3A652BFC8
:10D41000CAEC35BFA53D40BF275837BF4DE815BF03
:10D420005AC559BFAA6E3BBF560927BF2E9F42BFA0
:10D430007D1F45BF251828BF621437BF5D2830BF48
:10D44000ED9020BF7DD746BFDDF238BF638047BF78
:10D450000F8F3BBFDDCB20BFF43F34BFC6E124BFFD
:10D46000DA821DBF26AF36BF873233BF25D92EBF24
:10D47000AF2320BF929A30BF07DA31BFFE0B3FBF08
:10D48000852D35BF87BF44BF2402C2BF39D1C8BF75
:10D49000B8DCA4BFF8E0BBBFE0C4A8BF81BE52BFE8
:10D4A0006EC8A9BF9057D1BF0CAAADBF603097BF5F
:10D4B000E3AFCBBF1D38F9BF391AE6BF50FA02C03F
:10D4C000D69DE9BF3E67F5BFB5B000C00A39FCBFC5
:10D4D0004DD137BFC09CEABFDCBB08C0D155EABF05
:10D4E000FC63E1BF860FE2BF24F3BABF80B2D7BFAF
:10D4F000B65EE1BFABE083BF9D21EABE76CBE3BF62
:10D500006ABB20BF5F113FBFB4754BBF3C9B60BF80
:10D5100074D128BF944559BFC87126BF9B735CBFA7
:10D520008DA90CBFE75043BFB1A22ABFC8DA3DBFE7
:10D53000665B1ABF90F433BFAC213CBF461428BFD2
:10D54000841D30BF437E29BFC62920BF2AF03CBFBF
:10D55000B69D42BFCA921BBFDEE529BFD1FD55BFB4
:10D560007A7D20BFE6E62CBF4D174DBFE8A543BF2F
:10D57000CFC81DBF0EAF20BF80FC2BBF230213BF3F
:10D580001A2122BF2A7F40BFE7DF4EBF75B721BFF8
:10D59000ABF820BF052822BFBFE340BF45B540BF61
:10D5A000786221BF52701EBFE1C221BF65943FBFA8
:10D5B000DB3A22BF110524BFEAB841BFACE83FBF48
:10D5C000A2C623BFFB553DBFC6F940BF9F3D44BF28
:10D5D000A13223BFD2551DBF336A22BFA32D29BF5D
:10D5E00062A03EBF59BA22BF40D822BF39A038BF7F
:10D5F00042AA21BF9C6B43BFD05238BF553524BFD0
:10D6000072532ABF38D030BF12480FBFE85B3ABF11
:10D61000E2CB18BF982D2BBFF2315EBF80053CBF17
:10D62000F39F46BF6BF535BF28F018BFCE9E59BF9C
:10D6300069E22EBF564C44BFD76A21BF043F39BFB1
:10D64000C00153BFB82C47BF6C7F26BF0D6239BFE6
:10D650006F9C4ABF205C3ABF9B591EBF993C03BFD9
:10D66000B22A52BFDC3B22BF11A13CBFB0ED3EBF8E
:10D67000D1EB3EBF95123CBF6E103FBFD5562CBFBD
:10D68000D1E65EBFB26724BFC31C36BFDF0640BF12
:10D690003E255DBF37ED4FBF7E4B47BF06562DBFC2
:10D6A000420749BFAB5236BFFBC03FBF5E8E2EBFA5
:10D6B000B5C82CBF108330BF58BB22BF664B25BFF7
:10D6C00023DA2FBFD47F15BFD35A34BFD18A3FBFCF
:10D6D000AD6231BF19D831BFF46D3CBF47202ABFBE
:10D6E0008E3642BF9DB13BBF5FAB49BFDA3845BF05
:10D6F0007F873EBF660527BF78A416BFBDF02ABF4F
:10D70000ED0D2DBF7CF64CBF965707BF0B84DCBEDA
:10D710009A4177BFCECE72BFD3D9F5BEA71F8EBFB9
:10D720007091A0BF737A60BF38D186BF6EA453BF1B
:10D730007C6890BF32E105BFF41DD1BE4F288CBF7D
:10D7400063FC15BF91FD52BFDB1069BFE654AEBF4D
:10D750001C628ABFB182A6BF0B79AEBFFCED71BE61
:10D76000BBBBB0BF254A6FBF1F2499BFB3C50CBF59
:10D770008FAF8BBF100ED7BEC4E680BF867084BF4C
:10D78000FC8A27BF8E3915BFA8772DBF60C031BF77
:10D790001D3A47BFC65A12BF056E48BF54151FBF7A
:10D7A000613247BFD7D050BF940258BFE28BBDBE95
:10D7B000127E5DBFD27D3ABFC1DD92BE65978DBF3F
:10D7C0002B2A9DBF1A3B65BFE28B82BF2ECE7BBF4B
:10D7D000752C84BFBCD646BF33376ABF79A891BFCA
:10D7E000715897BFA75CD8BE56F18FBFAB6FA0BE74
:10D7F0002F3544BF8A5378BFBA340ABFB1A56FBF73
:10D800008E6E54BF5FA678BF35D659BF8B5141BFCE
:10D81000538359BFE51174BF12F15BBFAC7306BFF0
:10D82000E315D9BE0E2623BFBB5B48BFC7AF28BFD9
:10D8300081DD59BF3B1F4CBFE12325BF26563CBFAE
:10D84000821A5ABF8BA049BF6C3559BF7C262EBFA8
:10D85000E5483DBFE71851BFE9E719BFFDBB5ABF17
:10D86000839C40BF165116BFBB7147BF75AF1CBF2D
:10D8700022DD37BF783C20BF3CD54BBF62E217BFEB
:10D88000277C48BF128160BFC16D47BF9F216ABF1F
:10D89000106CC1BEA2D350BF233C32BF6CF63CBF5C
:10D8A000903043BF711E39BFE7EB35BF7E7743BF72
:10D8B000C6395BBF764247BF9ABC70BF22DD0CBF42
:10D8C000EEE047BF3AAF27BF912108BF40841BBF9E
:10D8D000E34709BFA35635BF48FD36BF702153BF8C
:10D8E0006C0C48BF337D34BFFEFD1EBFFEA028BFB9
:10D8F0000F3820BF746019BFFDC95DBF99B94EBF15
:10D90000880436BF031325BF753299BF20172DBF7A
:10D910006DE17BBF81FA23BF3FCB41BEED57EDBF29
:10D920004FE688BF9B0C82BF0CFF3CBFA244A8BF40
:10D930008BCB8BBF1DF6B8BFA66FB8BF5E8034BF60
:10D940008B41A8BFA5DFACBFF1F5C5BF3431C5BF62
:10D95000736B98BE77BD7CBF29E29DBEDE0696BF85
:10D96000ED0781BEA7AB59BFA96B71BF11683CBF62
:10D97000EE98A1BF94C64DBF88E91FBFED4841BFD7
:10D98000665A49BF392E29BF25C32ABFAAE335BF2E
:10D99000C0DE29BF148A32BF581329BF618433BF48
:10D9A000A53034BFC39D2FBFCA1532BFA41F48BFC7
:10D9B000B93E40BF916A3EBF6BE72CBF20CD36BF5A
:10D9C000E7E63CBFAB693DBFD2E53EBFD34C36BFB7
:10D9D000D3E53ABF019C2EBFF57C33BFC04029BFC1
:10D9E00060D82BBFB79033BFF04534BF04B130BF10
:10D9F000035D30BFFF6C29BF992033BF511E32BF7A
:10DA0000BDA15CBFFBCD54BF1AE370BF71564BBFC5
:10DA10007F478DBF60E8B0BF706895BF39D7B0BF92
:10DA2000F32BB0BFD05EC6BF444BAFBF9449BBBF62
:10DA30008F5FBDBF003B90BFF13971BF37C988BF51
:10DA40007C7070BF9BB3CABDD81FDCBFD3949CBF92
:10DA50006F4E96BF898E95BF7F15F6BE04D7ABBFBC
:10DA600090052DBFAE506FBFF8D5E9BE44FC35BF61
:10DA7000EB2945BF5A8C29BF293B11BF4F672FBFE8
:10DA80006F233EBF265D24BF9BEE24BF890E23BFBC
:10DA9000592D23BF5E7133BFC22833BF82F514BF37
:10DAA00095672BBF753233BF106B35BF862735BFE7
:10DAB000467633BFE75A30BFC05E3ABF49BE3EBF6D
:10DAC000109637BF632329BFB9B623BF2B5832BF87
:10DAD000B5FD30BF499E3BBFC3F225BFCB0530BF6C
:10DAE0006C7D37BFDD313DBF577F34BF6F933ABF89
:10DAF000E9992BBF0E842FBF2D1B31BF780332BF96
:10DB000066B430BF1CB733BFD25233BFC73B32BF3E
:10DB1000114D28BFB59F31BF07165FBF48F530BF15
:10DB2000840334BF2D5C34BF830E46BFC0B034BF06
:10DB30004A122CBF0D282CBFD99737BF5B1539BFB0
:10DB4000E76537BFE0902EBF4EC41FBF66A645BF36
:10DB5000F8472EBFEAB82DBFC95F32BF117635BF77
:10DB6000551537BF9FA725BF779B3CBFB4CE39BFA4
:10DB700015D82FBF672140BF104029BF64D41DBFF7
:10DB800038CC39BF4E343ABFF8AD26BF30CE72BF65
:10DB9000124051BFDB6D37BF9DC11CBF8A963CBF91
:10DBA00022C37BBFC6A688BF788380BF35AC2CBF9D
:10DBB000834A49BF66972EBF77172BBFD94931BF1C
:10DBC0005A5B4CBFCCD63DBF77E928BFA02619BF12
:10DBD000DC7F57BF9A6721BF142E23BF158534BF42
:10DBE00037D564BF8EE631BFFA2A56BFA50F18BFDE
:10DBF000AF4C19BF229531BFB15856BFBEBA1FBF37
:10DC00004BD464BFB9F794BFD51282BFE60987BF72
:10DC1000D7197FBFCB7764BF584CDDBFC5DD4ABF86
:10DC20006CFEC2BF1D229CBE35B1DBBE9D3C5BBFFE
:10DC3000A4C846BF199865BFAFCA9FBF3B03B3BF17
:10DC4000D3CC7ABFADC7DEBF750D05BF79E6D3BFB4
:10DC50005D318DBF23EA1BBF1EDE8DBF511252BF47
:10DC6000376913BFF30F79BF0620B8BF7D0DCFBF53
:10DC70008BB5ABBF6E41DBBF3021C7BFAA369BBFA0
:10DC8000FD1D3EBFD0A9C8BF99F01CBFD050CFBF6B
:10DC90005EC4D8BF4F43C8BFC48EDDBFD82FCCBF32
:10DCA00058EAD9BF6B83FCBF88EEF8BFE731CABF23
:10DCB0008765D6BFC919EEBF3F3DE5BFFFF27DBF07
:10DCC000B12EE8BF0D555FBFF2C3DFBFAC9904C0F2
:10DCD0005C2612C05BC22CC02E328BBFA69E00C039
:10DCE000486910BFD43D00BF64B907C0431F67BF78
:10DCF000293CBFBF9F02BDBF8E4CE4BF0B5253BF38
:10DD0000022D29BF724C2ABF9AA830BF5C4A37BF88
:10DD100091042BBF32C525BF611C32BFF5C746BF7A
:10DD2000BB9D2BBF243E36BFC9873CBF713929BF7D
:10DD3000D6BD30BF30111ABFB5413EBF1C2B40BF0E
:10DD4000EB0A37BFEA2D23BF561940BF275C30BF0F
:10DD5000134B20BF862636BF404742BF308722BFC5
:10DD600036553BBFE6F53EBF5E6E23BF80F545BF2F
:10DD70009FD326BF08CC3FBF2E0621BF733345BFBC
:10DD800061682FBFA4F747BF642B36BF7E8394BF63
:10DD90005EAF6DBF6BA88ABFBF3299BEEFFFB1BF48
:10DDA000701C96BFD32B71BF60957FBFF2D37FBF2E
:10DDB0002516BABF969590BF887528BF573054BFB7
:10DDC000648462BF7BCC49BF6A116ABF295329BFF3
:10DDD00072C6B3BE12EA7BBFEACD62BF640C66BFF7
:10DDE000317C5CBF38D880BFF5788BBF23A318BFC8
:10DDF0008D997CBF9E9283BFC97806BFED0E60BF30
:10DE0000A1FE20BFA66D3BBF93FA27BFDF0944BF29
:10DE100079302DBF90D29DBF239E32BFB84E1BBF1D
:10DE2000DBAF1BBF57191EBFF26C2EBF595077BF17
:10DE3000BE4898BE7A6B3CBFEB2010BF9AAF50BF74
:10DE4000BBB771BF02CA55BFA8D14ABF77EF60BF49
:10DE50004AB655BF680E12BFCB3544BFE77D30BF11
:10DE6000CFB826BF52C32BBF68D02ABF1A122ABF11
:10DE7000F48C29BFE32751BF040D2CBF089159BF73
:10DE8000807B34BF2D1658BFD4F499BF530820BFF0
:10DE9000E2DE7EBF145B3FBFD0D73CBFC3F78ABF73
:10DEA000905FFABE640BC6BEAE2776BF9DC76EBF3D
:10DEB0008E0242BFCE8A06BF1BA033BF475BA6BF00
:10DEC000F770A0BFD4439FBFF9B195BFBCDBC5BFFE
:10DED000D4DBB3BF805367BF8F71D7BF739AC1BF05
:10DEE000D7345CBF3D7834BF471E1FBFD30380BF0C
:10DEF0003D9A2CBF5B87953DE24DABBFAF3FA7BFBF
:10DF000038FF36BF82B22BBFFF7249BF242907BF3B
:10DF1000D9C51ABFBBA821BF5E8627BFD29113BF48
:10DF2000EF03D1BE7BD9BCBE33235ABFB37644BF07
:10DF3000D7710ABF289E18BF90F031BF125C28BF6E
:10DF40001FFF4BBF91581FBFCC4F20BF4C6247BF34
:10DF5000DCBD84BFCBF831BFDF2E55BFD6F357BF32
:10DF60008EC037BFD17B36BFE60871BF049730BF84
:10DF70002B7E36BF767B1CBF3A482EBFDC743CBF7D
:10DF8000BCA521BF9EF660BF5EEC30BFD2C62CBFE1
:10DF9000664176BFEA962DBF61531ABF7B7A2EBFCA
:10DFA00031E970BF55778EBF922983BF59FDA8BF55
:10DFB000326E94BFA0CB9FBF8F52D5BE5D1221BFE2
:10DFC000359653BF894623BFE71C73BFA1D763BFF4
:10DFD000946C7FBF0EEB58BF6CC76EBFEBCB30BFEE
:10DFE000C32F4BBF0E1562BF299956BF66E533BFDD
:10DFF000445E32BFE5D129BF40A82CBF51B81EBF37
:10E00000F4FE2ABF7B2F37BF561C67BFB77337BFDD
:10E01000E88929BF8FFC29BFC43230BFBF1229BF96
:10E02000A1DC31BFFB1733BF5A8C41BFAEF331BF08
:10E03000A0CB2BBFED972DBF622D39BFD44B29BF8D
:10E04000A60C35BFF7713ABF59EA27BF437B2EBFF5
:10E05000F9332CBF024D2EBFD51135BFC39A2BBF4C
:10E06000CF1238BFD34828BFC28929BF3EEE2CBF8C
:10E07000069F33BFE2343FBFA74D2ABF1F9245BF63
:10E0800021C23CBF4BA262BF369988BF628125BFC7
:10E09000996C43BF10908FBFD00715BF1BAE83BFD5
:10E0A000FE4C7FBFA79B08BF2AE77BBFFE4308BF8C
:10E0B00028D866BFC9800BBFEAF665BF01F39ABFD7
:10E0C0007249B8BF9DE78EBF2C8ADEBE5CD237BED8
:10E0D0005B0D7ABF83B985BF624A85BFC05B8ABFCB
:10E0E000CF26C9BE24AC69BF07289BBF70A36ABFF7
:10E0F00074B3DDBE5A1EF5BE0C4E24BF70B192BF84
:10E10000B34D26BFA8E345BFBA7C78BFD87D5FBFBB
:10E11000771799BFC12754BFA15866BF0B9FE0BEB8
:10E1200012AC22BF9F5A21BF187225BF6DE531BFC7
:10E130004E2549BF43A418BFCF2D4CBF42383CBF2A
:10E14000BC633EBF28DC41BF90380CBFA79242BFE2
:10E1500038533FBFF02B3CBF14D030BF8D1646BFA5
:10E16000500123BFDC7D4BBFACE743BF463838BF0F
:10E17000C52429BF18D32CBFF3753DBFB4872ABF70
:10E18000F4A220BF12E122BF9E3010BF05FB28BFC2
:10E1900092D834BF97BE4FBFA77A41BF5EA127BFB9
:10E1A000FF873DBFD05640BFCE3029BF072031BFCB
:10E1B000E1F04CBF2B582ABFD05326BFF42025BF17
:10E1C000ACBD50BF339A4EBF7EF32CBFFFAC26BF11
:10E1D00036512BBF38D62CBF17ED3BBF055632BF8B
:10E1E0005C3540BF4B6E11BF988431BF95432ABF49
:10E1F0000F0D46BFABC349BF60C932BFD28D49BF07
:10E200003E536EBFE12E51BF09B9C3BF35BB0CBF32
:10E21000DE9EB6BFDEA184BFA503D6BF0816BABF77
:10E220001D57A4BFDD9CBEBF93EFB1BF4E4F41BF92
:10E230007FBE67BF669D26BF5F399CBFA47ABBBF08
:10E240008C108FBF165D59BF4F2FADBF8B4CC5BF14
:10E250003A5AB6BFE29D0DBF75FB97BFC1C39FBFC2
:10E26000035B79BFA19386BF7EF1ABBFC0B592BF00
:10E27000BAE4C1BF0D238DBF1210A5BF1BB164BF8F
:10E28000CDBF34BFD9FA30BFF77A31BFFB3F31BFC2
:10E29000F79931BF955F31BFF27031BF5D6F31BF0C
:10E2A000AC7631BFB16D31BFF77131BFB97931BFD4
:10E2B000D57031BF237031BF5D6B31BF477231BF45
:10E2C000CB7331BF0B7531BFC67231BF4D7831BFD3
:10E2D0004A7531BF4E7431BF3D7031BFBF7131BF20
:10E2E000E57031BF317431BFC87131BFD07131BFFA
:10E2F0009C7031BF817231BF076F31BFCC7031BFAD
:10E300004ED635BF114966BF21212EBFB22F19BF8E
:10E310006B9835BFBD7837BFBF614BBFD15438BF95
:10E320007BC61DBF6A3D38BF2EBA2FBF5F6B0BBFC8
:10E330009C074FBF47104BBF741056BF07060ABF5C
:10E34000869C91BFFC5FE8BEC6584DBFFF4C68BFBE
:10E35000B8BC79BFD23A4EBFBE6436BF63B33FBFCD
:10E3600058593CBF71862CBFCB3852BFB5B33BBFA9
:10E3700064C739BF7AEB38BF4F3216BF319F56BFE3
:10E38000ACE932BFDB7A2BBFAE3168BF7B4C6EBFCE
:10E3900033B335BF68A44BBF996BDFBEA36559BFCC
:10E3A000983E51BF77F448BFD49544BFF0C90ABF27
:10E3B0003D7B31BF6EAD1EBF01333CBF48FB42BF4A
:10E3C000D3433FBF831743BF050934BF757660BF92
:10E3D00020F140BF381071BF41AC48BF4AB42ABFDA
:10E3E00001E18BBF1CF8FBBE6C1E44BF6F0538BF3C
:10E3F0008D776FBFE9DB48BF2166FCBEEE3D1FBFD6
:10E40000B9E52EBF5B7D5ABF2D433ABF68EFEDBE25
:10E4100073CC9CBE8FFCBEBF8EC6CDBF0B4BAFBFB7
:10E42000B67094BF3C2D9FBF725C02BFBCEE47BF6D
:10E43000087193BFB3F29BBFBBD096BFD4D188BF46
:10E44000D4993CBF9965AFBE9C33BFBFDE14BDBF3E
:10E450005F9CC7BF7BE2B3BFD50521BF255A81BFF3
:10E460009FD8A5BFBFFC5CBF17269DBF00209FBFE4
:10E47000BED19BBF8E56A4BF2F5F77BF90D480BF05
:10E48000362E3ABF61FC31BF8F5551BF41BC24BF0E
:10E4900030B243BFABFE10BFC91765BF1C1D65BFBF
:10E4A000B67746BFE1E342BF79C34ABF9F5220BF60
:10E4B000836F25BF6EDC81BF41B145BF60DE4ABFBF
:10E4C00057B756BFAEB343BFC77947BF9ADF15BF33
:10E4D000280EE1BE45BC88BF41BE6EBF1EC412BF40
:10E4E000BB1651BFCDC848BF7DAA43BFB93F3CBF93
:10E4F0006B4037BFA18330BF7D172EBFD7F750BF0A
:10E50000A50DD33DEB994E40F820C640385E18412A
:10E51000CDE448411A407841CF249941794EAF412A
:10E520006383CA411DA9E4416BF4F941D6740A42E0
:10E53000C641164237572342447F2F42DE553C42A4
:10E54000C47C484251615542DF346242F4C96E4294
:10E550001E567B4208F08342090A8A423088904264
:10E56000C1E19642F0059D428779A34205C8A942C0
:10E57000120DB0423F62B6421E86BC42E8CAC24299
:10E580007A8129BE80907440F6D5C440C07B114189
:10E5900081A94841273D7A41D5DA9741BA74AD4106
:10E5A000CB17CB41134EE641DD4EFF411AC40B425F
:10E5B000EC771542743F25426A392F427EBA3D42BC
:10E5C000E5874A42A45D56428467634287646F428E
:10E5D00098377B424B1884425DE48A423FD98F4290
:10E5E000408097429A489D42290DA342C759A942AB
:10E5F0006FE3AF42B341B6425A52BD422C61C242B0
:10E60000BEB5AC3B380D534067B1D54037B4164169
:10E610002DCF4741D6CA7C41DC0898413B7CAE41B6
:10E620002F25C941ED01E24126BCFA41B5100A424D
:10E63000A4C91642589123423F7D2F421F1A3C42E3
:10E6400048FB4842D5595542985A62422B726E4255
:10E65000CB667B42E19A83420C2E8A42026490424E
:10E6600045D29642C2F79C428B57A342DAE9A942AF
:10E6700015B0AF42A060B642B48ABC4275BCC2427B
:10E680002675603C70655140EF92CB40D521144116
:10E6900000B0474161947B41613D9841E852B041EF
:10E6A000858AC941B83AE241B80AFB418FAD0A42B6
:10E6B00088EC164209772342A63130420C913C4245
:10E6C0009B404942C4D755428D62624247786E42B0
:10E6D000E24F7B42FD198442881C8A42878E904219
:10E6E00099E096420B059D423D60A3421988A942DC
:10E6F00062BAAF427628B642D451BC42F5C0C2429B
:10E70000A8D3D0BD266C474019B5C14044F712418B
:10E7100018C84241A5F07F4150DC9741AD3FB3415D
:10E72000A701CA416901E241091BFB414B730A423F
:10E73000FE9E164219BA24426E55304283A33C42D3
:10E7400014F74A42E4BB5442AFFB6042FA106F42F6
:10E7500035407942788E844299D78A42F1C98F42F6
:10E76000542C974215109D42B67AA342FEFDA94251
:10E770005113B0422D05B74267E7BC424612C24270
:10E780001CB234BD7C8A3A40F0F2D440F7D617412F
:10E790007C9C46415DC97541875A9741ABAAAD4102
:10E7A000E18EC941D3A8E241EC00FB41098D0A4248
:10E7B000831F18421059224214432E426B1F3E42BF
:10E7C000A3524742F43C5442B38B614200146C4262
:10E7D000C3157D42173B83421F348B42003A90425F
:10E7E000D6079742E7C59D42E055A342F577A84278
:10E7F0002CFEB0424CC3B5427213BD4257FEC2421A
:10E8000000B6E53CA5D445405865C2401F371941C4
:10E81000F3DF4841DD8E7841ADC89541C8AAB041CB
:10E82000F702CB4136ECE14113E2FA412B5F0A4299
:10E8300051791642DB3B23422B0B30425DA33C4215
:10E84000022949423CE35542AB566242A6F76E426A
:10E850001A587B4246CC83429C4F8A420FBE90425C
:10E86000E8B69642EA0B9D42CB63A342D78FA942FA
:10E87000DB04B0425627B6424485BC42ABB7C24225
:10E88000B8938EBC2C2B4A407A99C940BA8E164157
:10E89000EBDB48415E287B412FB89641AFE0AF41AA
:10E8A000B329C9411148E241765BFB41F62D0A428A
:10E8B000B0CE1642EC612342FDF22F42F7773C4284
:10E8C000081849421CA855426030624241C36E425A
:10E8D00043507B420EF28342B63C8A42EB83904225
:10E8E00081C996429D149D42185CA3424EA3A94241
:10E8F000FEEDAF421136B642837CBC42FBC7C2423A
:10E9000010D55EBB1C98484088E3C8400EDA16411B
:10E91000FF234941E7267B419FAB96418E09B041D9
:10E920005636C9410A57E241631AFB41D95F0A4290
:10E9300046EC16427D8623424DD52F42EE5C3C428A
:10E940002FE2484294AD55424E69624206DF6E4264
:10E95000783F7B421BFC8342DE2F8A42D57890426F
:10E9600014C79642D7209D42124FA34281A2A942CA
:10E9700029FFAF422F50B6424984BC42D9ACC242B3
:10E98000F2C615BD54584540CE27C14013991541D4
:10E99000569F454153AC79419A8F9741FEECAF4168
:10E9A0000362C841A0B1E141DD0BFB41F4DF094244
:10E9B0006474164214FC2242B25130428BF93B423D
:10E9C00082C24942981E55428D176242EBD26E4276
:10E9D000EAD47A42659F8342E6EC894225A79042B9
:10E9E00067F6964260E79C42AD78A3421A7BA94243
:10E9F000AC07B0429028B6423C81BC42FDC2C24244
:10EA00006C04FCBBCB2D43409CDCC940451816412F
:10EA1000B7B048416C6C7B4112CF964179E1AF4170
:10EA20003BE7C841411FE241C808FB41125A0A4274
:10EA30005CB1164296652342B5293042AE5F3C4236
:10EA4000A70B494239B25542FD42624279F16E420A
:10EA5000101C7B4275F183420C3F8A42107A90422F
:10EA6000A1E19642ED019D422377A3426BB7A942F3
:10EA700020E4AF42442AB64238BEBC420DD4C24262
:10EA80005154C13CF4714D408C35CA40C9BE164149
:10EA9000556E4B41F54E7A41A10C9841254FB0413E
:10EAA0007242C9418291E14172F2FA4107030A427E
:10EAB00009F316422BF82242DBD42F42898B3C42C9
:10EAC000091149426D895542517262420D536F429C
:10EAD00088B87B42EEDD8342565D8A422E799042B1
:10EAE00034D89642F1E79C42E735A3422FC3A942AE
:10EAF00028F4AF42E22AB6426A9FBC4240B1C24209
:10EB00009BBF34BD16C04C40BD0ACB4023691541A4
:10EB100029B44841E2667B4169E795410342AF4130
:10EB2000E7FBC841B0BDE2419666FC41C35A0A42C8
:10EB3000B5AE1642A1892342A658304292FF3C420C
:10EB4000C5274942CD6C55428AE16142C6206F42D9
:10EB5000BD387B4200CE8342FE228A42237190421E
:10EB6000C7A69642FC049D42B82FA342B8C3A9424F
:10EB700078CEAF426541B6427383BC42F0BCC2421C
:10EB80009846D23DC5A06F40C9CFCC4053D01B4161
:10EB900064714E41A234784155DC924155E3B24153
:10EBA000B1DAC841161FE141981DFE41C50D0B4267
:10EBB000E66D154253EF22428F8D304280E93A4292
:10EBC000AE6A4A42B3C454427B86604297D76E42D3
:10EBD0007CA77D42C3738342C33E8A42D54690429E
:10EBE000150F9742D07A9C42373AA34260AFA942B0
:10EBF00077A5AF42C785B6427621BD425DA4C24229
:10EC0000BA681CBDE4124040477BCB40822E1641BF
:10EC1000F0244A41E23E7C41715096419BC8AF418D
:10EC20005742C941F64AE241200EFA4101FC09422D
:10EC3000680E17428EB023426AAF2F428D713C425C
:10EC40009839494277D15542922C62427AD76E4226
:10EC50006C677B422CE88342F4218A42D979904246
:10EC6000AACE96423A0A9D42B861A342D3B8A942BD
:10EC7000B214B042B14CB642BD7EBC4212B0C242E8
:10EC8000DDF5683D870D4A400DB0D340DC021441EC
:10EC900024D34A41E9E07B4193419B4167F8AE416F
:10ECA0004A8FC841F16CE041180EF941B65C094247
:10ECB0004E8417425E6B23428A1731425F783A4294
:10ECC00078524942E2DB574206ED5E42F25D6E4207
:10ECD000AA887D4249EF82426D2A8A427AF68F42A3
:10ECE00060759642F0E79C42AE07A34236F7A84211
:10ECF000FFC8B042E00BB6420B0DBC424CE8C2422A
:10ED00004DA24CBDE59045404547CB40478C18414E
:10ED10002E8E49413E747A41253F96410986AF4186
:10ED20007352C941BEA5E241BBADFB4107130A4284
:10ED3000CAAB1642304323422A3E304239A93C42F4
:10ED4000F72F49423B81554277B86142D70D6F4258
:10ED50002F277B42051A84420E338A424C77904219
:10ED60004BD9964208F89C42AC43A34291AEA942CB
:10ED700031C8AF42C74FB6420082BC42F9B6C24268
:10ED800019C100BCAEB648401378C94030E0164106
:10ED9000D7204941254F7B417BD59641EDBBAF4103
:10EDA000B612C9418D2EE241FD62FB41C8480A42BC
:10EDB000B2B61642B75B234264F02F42F6783C426B
:10EDC0000A0849422EA75542C51D624258BE6E42EE
:10EDD000F54E7B426CF383422F3B8A42B0839042D4
:10EDE00062CA964275139D424963A34295A7A94200
:10EDF00013F5AF429A3DB642E27BBC428FC6C24297
:10EE000071A8923C86694A4022B6CA4071221641D6
:10EE10000142484136967B4167DD9641E9B6AF41F4
:10EE20004AE3C8414F0DE2416890FA418B700A42B3
:10EE30009FDB164266762342E5DA2F42DA5C3C42DB
:10EE400099C24842DF7B5542585A6242A2EE6E4256
:10EE5000AD5E7B42D0E783421C3B8A42AD7090425C
:10EE600019D19642A7FC9C42CC69A342B3AAA942FD
:10EE700008EFAF42EC39B642B886BC424CD3C2422E
:10EE80003DFF3ABD33AA4540B3E5C640F2D51A412D
:10EE9000F3C64841DE497A41E9E295412793AF4103
:10EEA0008BE1C8411FA7E241196EFC413F3D0A4278
:10EEB0001C981642F6682342A7AE2F42BCC33C42C0
:10EEC00054E3484212AF5542D0136242478E6E421D
:10EED0002A207B4272EA83425B178A4256AA9042FA
:10EEE0002DCB9642C7319D423B57A342379AA94248
:10EEF0000AF2AF421C1EB642097BBC4229EEC24256
:10EF000000000000DB0F4940DB0FC940E4CB164195
:10EF1000DB0F4941D2537B41E4CB9641E0EDAF4159
:10EF2000DB0FC941D631E241D253FB41E73A0A42F5
:10EF3000E4CB1642E25C2342E0ED2F42DD7E3C4210
:10EF4000DB0F4942D9A05542D6316242D4C26E424B
:10EF5000D2537B4268F28342E73A8A426583904209
:10EF6000E4CB964263149D42E25CA34261A5A942B0
:10EF7000E0EDAF425E36B642DD7EBC425CC7C242C7
:10EF800013162F3B0F0F354006ECC5409702174173
:10EF9000C2014C41905E7641DF399941CD3FAE418F
:10EFA0007147CB41961BE34150E0F94157DA0942E2
:10EFB000B1091742B94521422D29314253B13D4291
:10EFC00062F04942035C5642878C614279D66E42B8
:10EFD000F2197A42025A8342EECB8A42045E904290
:10EFE00079C19642D7139D4207FFA242B093A9422E
:10EFF000BD91AF425EB0B542423ABC422DEDC24235
:10F00000F01FA73E7B1E2940AE05D7408438114132
:10F0100047624341784C7741FD4E8F412FC7AF4146
:10F020008A34C541CE45E8419926F84181AB084272
:10F0300017E01842B1082542D45C2F4220A13C427F
:10F04000CB3B4D4204485542008E6242C508704297
:10F0500033297B4215D68342B2B18A42358290422F
:10F06000BE8896424A439D426A41A342109FA942EC
:10F07000B4BBAF42A92DB542C0FABB42078AC24217
:10F08000B79228BDDAC6464098D5C84039BE174168
:10F0900077514941AF137C410F8896414BFBAF41FB
:10F0A0008FEFC841709FE241B0F6FA41D2100A4298
:10F0B00068811642138C2342A7F22F4279B13C4259
:10F0C000F938494234795542EFD96142E66E6E42D1
:10F0D000586D7B420BFF83423C218A42FA83904267
:10F0E0002BEA96426C109D42625DA342F3C6A94290
:10F0F000F8FBAF420243B64227ABBC42BCE8C24277
:10F10000F9E1683CC7024D409192CA40EBD31241ED
:10F11000C1F3484156FB7C41ABD5964169D4B0411F
:10F1200078D4C8411356E241F5C8FA41086E0A4244
:10F13000A8DE1642DBE422428E1C30424D5A3C428D
:10F140003EAB494257EB55420FCB6242D0476F422C
:10F15000EC4A7B42A9D08342EB0B8A42276590425E
:10F160006103974250F69C42D83DA342A47FA94236
:10F170006AC9AF421441B642078EBC42C0F0C242D7
:10F1800086EFA83B58E94340F431BF40EBA7134159
:10F19000E62245412F227F412DD897410AA9AF4150
:10F1A0001058CA41DACFE24195EFFC4141420B428F
:10F1B000F6E5174298DB23427C8E2F4295C13E42F2
:10F1C000E2254C425CA7544212C3634240D77042CE
:10F1D00070F37B426D8F824276F18A42A3828F4226
:10F1E000D3CC954268C09D429A81A3425D09A94251
:10F1F000F42AB0425B4AB642AD1EBC42FD8DC2420B
:10F20000AA98533CE95948402E16C940DFC116411F
:10F21000BAFB48419F497B4144D196410CEEAF4136
:10F22000AB0EC941C031E241134FFB4191380A4254
:10F23000C4CA1642D35B234288EE2F42C57E3C42AD
:10F24000C30F49429EA15542AE31624209C36E428C
:10F25000E3537B429FF28342E13A8A42198490420F
:10F2600058CB964263149D42EA5CA3426DA5A94225
:10F2700012EEAF424036B642087FBC422AC7C242B5
:10F28000E21D6B3D17D94540D1DCC9405D311841C5
:10F29000C2A3464155727A41F59D9641CA5DAE4181
:10F2A0005020C9418596E141B135FA41F5B90A428C
:10F2B000F6A61742DEB12242FBCA2F4235203C425D
:10F2C000282E494289CA56429FEC61421F2B6F4249
:10F2D00090A87B4293A6834257588A423B7890423B
:10F2E0003197964269EA9C427129A34234DEA942D1
:10F2F0007608B042E50CB642122BBC4257D2C2424D
:10F30000C5C59EBDE2A34D4006E7CA408ECE16415C
:10F31000E60D4A4187107C41FC46964128D4AE4117
:10F32000AAB8C9415E4FE141D6F5FC419B280A428B
:10F33000BAD216421FAA2342619C2F42EB623C4282
:10F34000E08C49422B785542A10D62425DF96E4234
:10F3500016337B42C8C383427C398A42A538904227
:10F360009048964242D79C427EB6A3429068A942FA
:10F370007473B04296D6B54231E0BC428065C24259
:10F38000E633A73DFB5735409274CC40B3581A4141
:10F39000957645412EF87E41057C95419333AE41EB
:10F3A000947AC741907EE141FCF4FC41C096094249
:10F3B0004ECE15428ECB224204EB2F42E1E73C4277
:10F3C0005BDC4942D8675542CBA8614231B46E42FA
:10F3D00019F37B42220784428C108A426FD29042FA
:10F3E000526E96424CBD9D42BB00A342E1F4A8423E
:10F3F0005434B04247A9B542E6E6BB423C2EC34274
:10F400003F89AE3DDCCB50408752BF40E31C1B41DF
:10F410008F9A4941C94C79414D379941D637AF410F
:10F42000E334C9416406E24101A0FC41A04F0A4215
:10F43000619B1642DB6B2342201B3042AE783C427C
:10F44000067F4942BCD3554262426242FD516E4240
:10F4500026207B427EFD8342187E8A423979904283
:10F46000ADCD9642F0209D42516FA3423E95A942F8
:10F4700070BCAF42F05CB6429B51BC423FBCC24242
:10F48000961BE2BC8FC45C40FF27D14025B01741DA
:10F49000C43F46414EDA7B41294C99410BECAC41CB
:10F4A0006A56C941D4DCE54113F2F64160D6074201
:10F4B000DFD61642730D2242280F3042FA893A42B3
:10F4C000B4084942956F5642D33D63429AFA6F425F
:10F4D000A5E27D42CC938342CE478A427C60904233
:10F4E0008C059742E4A59C421BC2A4425ECCAA4272
:10F4F000A71EB042E63BB6428545BD429864C24273
:10F50000E1447CBD827A44405EFECB40EC8C1641E7
:10F510005D584A41C4B57A411E38964121EDAF414C
:10F520008F72C841AE41E1414B35FB4114470A425D
:10F53000716D1642335323427EB02F424F883C42B6
:10F5400061D64842DE9E55428FCC6142BAD76E42A8
:10F5500080217B42D0E8834278F58942AC9D90427D
:10F56000D7DB96423DE49C42C453A342DFCEA9427E
:10F570004BFDAF42D267B642B592BC42F6F6C242EC
:10F5800037AF7A3D8729454009FACA40C7C01741BD
:10F590003CC9494134287C41C9479741EB73AF418D
:10F5A000F7C2C84176AAE141BED4FA4102780A42C4
:10F5B000AB1017420E202342F3AB2F42783B3C4264
:10F5C000C2CE4842E862554282F1614249836E42AE
:10F5D00088867B427713844246558A42E1A3904253
:10F5E00033DA9642B32E9D420B43A342A787A9422A
:10F5F000C6CEAF423016B6427F9EBC4254E1C242F4
:10F600001FD0B23C2D683D4041A1C640A497174190
:10F61000BDB04841130F7D41D48395417973AF410B
:10F620001218CA419C0EE341F689FB4199DC09425C
:10F63000F43916422E30234221C92F429A683C42A7
:10F64000F0EB4842C5C055421579624274656E427E
:10F650007A9D7B42FCE68342D7378A427A3F9042CA
:10F660005504974267129D42E193A3427AD1A94281
:10F670007408B0428A45B6429392BC4232D7C24225
:10F680008E0B9C3D2BB047401150C640075E174182
:10F6900020814A41543A7A4149A79741B3CEAF41BC
:10F6A000B60FC941DEDBE141D6D9FA41A0340A42A6
:10F6B0008CAE1642B184234296BE2F42B8D63C424D
:10F6C000F20C494237965542867D6242B75B6E42E4
:10F6D00002907B42AE9C834250578A429463904290
:10F6E000D4C89642EA079D421D60A342F6AEA942E5
:10F6F000EAF6AF42DC2FB6420083BC42D1BDC24223
:10F70000651AB23BD36D4640A6D6CA40509412410A
:10F710006BDE4A4176727E417C2797415B56B04151
:10F72000F3F4C741E9EEE341E68FFC418C7C0A42E9
:10F73000EBA816421DA52342365A2F42F9693C42D6
:10F740007CCE4842E2765642009F624240EF6E42D3
:10F75000A1657C4284AA834242648A426303904248
:10F760005D9896426EE79C424E17A3420592AA42CC
:10F770008805B042E0E7B5425B11BC42794DC24218
:10F78000F79708BDDC3448404804C6402AB7174103
:10F790009911494173B678416D5E94416E37AE411F
:10F7A0005A80CA415BF4E041B548FC41975F0A4288
:10F7B0009DA51542FAE82442A9D62E4267233C4271
:10F7C00032ED48426E4554422E1D63427A516D42DD
:10F7D0006D387B429366834293A7894291A59042FC
:10F7E000FB5A9742805B9D42947CA34211C7A94279
:10F7F0002570AF4220B1B6423AA4BC420C08C342C5
:10F800005BCA243E483D5140199CBD4046891A417F
:10F8100039F34941CBAE774198919441D64CB241EE
:10F820004B33C84177C4DF41796AFA419F630A428A
:10F8300051B1164259F4234266243042CB4A3C422D
:10F8400095A54942C32F55424C816242CC006F427C
:10F8500082D47A42C7E08342843A8A422F7390422C
:10F86000E614974265099D424D57A3421BB7A94232
:10F87000C8A1AF42812BB642B5ACBC424CDDC242FE
:10F8800098EFD43C43BF60402A69CD4043E5164120
:10F890001A1F504173027741A443954177FFAF414E
:10F8A0008FBAC841BC52E141D619FA4195C50A4206
:10F8B0009A0D1642E38923426CF52F4269C73C42F8
:10F8C000EBAD4942D2A255426C346242A7936E42DC
:10F8D000FF577B42F0E883428F688A420488904257
:10F8E000557196428FEB9C424E3DA3429D6BA942BF
:10F8F0008CD9AF42C911B642DD8ABC4288C5C2422A
:10F9000068339F3CD6F848402618BC401284174103
:10F910006DDE4D41CFFE7941EDB496419366AF4126
:10F920005208C84199A4E741AA6DFD41D8BF0A42D7
:10F930005D6C1642C69A23423A993042DBD13D4271
:10F94000F7F046420D6F5742C8D05F42575770429A
:10F9500055267942A49A8542F9F18A421ED89042EE
:10F960009EA49642D8639C42A4B0A342A72FAA4269
:10F97000E0A5AF426B14B7425780BB42E73BC3429E
:10F98000CEADA4BD15E64240D7B1C940723517418E
:10F9900039844841A1277C4174E596417630B041D5
:10F9A000A837C941D0FEE141BD1EFB41E6380A42FD
:10F9B000169E1642C25B23427BD82F4254883C429B
:10F9C00090154942F8D65542CDFB614286D36E422E
:10F9D000AE437B42FAF38342DD3F8A42AF8C9042D2
:10F9E00017B49642C1109D424472A342C6B7A942C1
:10F9F000E0D4AF42032CB642408ABC4291A5C24239
:10FA0000C93C12BE01A84B40491EC340407213417D
:10FA1000C0054E419B5A82417CC79B41A4AEB04178
:10FA2000E542C641A5EFE241A90CFD4125AF0A42DE
:10FA3000050D16421C1924427ABE3042DE793C4242
:10FA40005851474227C6554284C161427E366D42B5
:10FA50008E037D420595844279C38A425B009042C1
:10FA6000B37097428EA89D42986FA342C57CA9426D
:10FA700032A9AF42FA34B6421192BC42AB01C34242
:10FA800067633EBD22934C408ADBC84099FC154118
:10FA9000C343494108E57C412C07974158E6AF41F3
:10FAA0008E3DC9416B9CE24105F0FA4113320A4296
:10FAB000A4DD16421F672342DBF52F42C7933C4269
:10FAC00049334942406B5542C722624255946E42C7
:10FAD00078807B4215E9834223268A42DD89904261
:10FAE00074C09642E8109D42DF42A34250CAA94228
:10FAF00039E9AF42F937B642466DBC4281E7C242AE
:10FB00002FE6F33C28EC4840C3DDCA407998164103
:10FB100057CA48410B227C41FC9C9641DCCAAF414C
:10FB2000AA11C9414FEFE141EBFEFA4195230A4288
:10FB3000440E1742584E234286D12F42E3AA3C423C
:10FB400068234942CCB955420236624270DE6E42A9
:10FB50009D6A7B42ACE783425B398A42F85590420A
:10FB600064C09642A0329D42B55FA342CA87A942B3
:10FB70001DFBAF42051AB642188DBC4266D9C2427F
:10FB80007B4E2D3DA4694C40A9CEC84070781541EC
:10FB9000FB514A4157FD7A41B1FD964152F9B041BE
:10FBA000C4B5C8412FFBE041A7AFFC41CC740A4269
:10FBB00021AF1642F49823420115304231E53B4211
:10FBC000AD244942314F55424A2862429A276F423A
:10FBD0003FB77B42BA21844245768A4247859042AC
:10FBE00024CF9642CD459D428054A34204A1A94210
:10FBF000F0B5AF42D115B6421D8FBC4211F0C242E2
:10FC0000B8BC263E84066640AE17BD40DA65184192
:10FC10009A774441E5BB7441F4E4964145E0AA413A
:10FC20005325C7411155E241E1A0F841FE3B09428D
:10FC300009D91642A89B2342C76D2F42F4423C4289
:10FC4000E73D4B42403756429A856042CB95704221
:10FC5000CF247B42601F8342D6488A42F6349042CA
:10FC6000806F97425C359D42D832A342C76FA9424C
:10FC7000C19BAF4251ABB642A809BD4239CCC34289
:10FC80008653ED3E75A945404972CC407DD7104161
:10FC90006E1142419951824137D19C41211AB6419E
:10FCA0008AFAC141D3A5E24164D7FA41E2C20C42CB
:10FCB0000AE6134273D1274239222E42E895384290
:10FCC00095584942D0B95542D71E6042ABCB6F42DE
:10FCD000D4817C4235338442E153894270AB9042F7
:10FCE0003FDF954214079D420FF9A3428EE8A742D9
:10FCF000459AB04238E6B6429036BC42EEE2C24285
:10FD000082EEE0BCD95B4740AD03CA40B721194140
:10FD100072BA494196B27A4148D696417BD9AF41F1
:10FD2000E971CA41FCC9E14139D4FA4135110A42AD
:10FD30003EA51642428C234242BB2F42F7963C42DC
:10FD4000002A494203BB5542B0B261423D7D6E423A
:10FD5000823D7B4228FB834245298A42BC5890421F
:10FD600088069742FD3B9D42618CA3429470A94254
:10FD70002CE5AF421319B6426585BC4294DEC242FF
:10FD8000743DE5BAA27C44408BCEC740378D1E41FE
:10FD9000066742419A107D4198D39641D228B441DA
:10FDA000FFCACA414E1DE3417A9AFC41C56608422A
:10FDB000C3AE17427FB421428C3E324221683A42A0
:10FDC00033D348423158554218416142AB596F42D2
:10FDD000200B7B42B0468442B9DB89422C289042FA
:10FDE0004A809742F72B9C42EB6BA342DDACA842C2
:10FDF000F6A3AF42F9F5B5426357BD423EC9C242D0
:10FE000024FC8DBD73785440830FCA4076DB1341C8
:10FE10006D3643419D247C4158FE97411882AF4185
:10FE20007FC4C841AD99E141826FFC41625F0A42E3
:10FE3000AA161742BE032242C55E2F4220863C42CC
:10FE4000C1E848422BF45442AFA161424FC16F4216
:10FE50005F5D7A4213758342BA808A42F983904289
:10FE60000EDE964264F99C42740BA3424CAEA9424A
:10FE7000A3D7AF427B0DB642B19ABC4271FEC242DB
:10FE80003373913CB0A34C4028DCC54001011441C0
:10FE900077D04341F560804150159741DFC1AC41B7
:10FEA000C54AC841B49CE2414CEBFD419E110A4257
:10FEB0001C9D1642BC9723420F8C30424B753C422E
:10FEC000597F48426325554298E5634207D86C4202
:10FED000479F7C422934844212F88942492B91423F
:10FEE000A6FA9542EB7B9D42B6D4A342CF0EAA421E
:10FEF0004E95B04200EDB542DBF3BB429D72C2426B
:10FF0000C766F83CB1C2444074A5C640FAF014413B
:10FF1000B5894741F424784119C29341FB73AF413D
:10FF20000116CA4146A7E041C422FA418FF40942B2
:10FF3000E2BD1642C889234270C22F42A3CA3C4286
:10FF400067A24842748955428D62624227A76F4278
:10FF5000CBAA7B42D5F383423A558A421CD79042C2
:10FF60009FD996420D119D42386AA3426ACAA9429E
:10FF7000EBE5AF42DA24B642A147BC423DA3C24200
:10FF8000A5A4F8BCDDB449409861CE40686219412F
:10FF900044BD49412CFB7B41B5D69A41F547B1415F
:10FFA0005B4CC9417F19E241B963F84108EF0A424D
:10FFB000905F17425DBA244250372F4230583C427E
:10FFC0002DB04842F632554287CA6242A9026D42BC
:10FFD0001E927A42A7F7834222D489422A34904261
:10FFE000F8F59642360D9D427A8BA342D884A942F9
:10FFF000550EB042491AB6424BC7BC4276ECC242DB
:02000004F00505
:1000000088936FBC93165040157CC84066B8154164
:10001000C2A44841C23A7A411CBD9741D450B04174
:10002000124EC941468DE1415BDAFA41107B0A422A
:1000300051E71642A2882342D208304255933C42EF
:10004000F53249424F8B5542AE7A6242E3F66E4238
:100050008D597B4230ED8342D0378A424B759042B6
:100060002CE796421F219D420667A342BEA5A942E6
:1000700044F0AF422713B642D07ABC4220CEC242EF
:10008000A53E4FBDFF1C4840A386C140B8E31641C2
:100090002E554C4185AC7741C90796413089AF4117
:1000A000B93BC8413529E141AB11FC412D8A0A42D7
:1000B000F5861642B06624427B523142AED53C42B0
:1000C000943149425B975542770E6142F65C6E422D
:1000D0003FDB7B426A4F83429AEC8942003D90426B
:1000E000EFB2974286AC9C42419DA24205E9A842EC
:1000F0005E75B042B6CFB642FB0CBC42EA97C24234
:10010000791E0CBC995F5040858ABD405EB31B418F
:10011000CB95464114DE7C4161BF9741002FB14130
:10012000AFBDC74198C0E1414C8FFB41A99E0A4237
:10013000972F174218A42342BA4A3042107F3C42FC
:1001400082D7484206A855427305624224656E4232
:100150003F5E7B428B178442531F8A4274789042E1
:100160004202974263089D42E271A342DEAEA94279
:1001700056CEAF429134B642C780BC428306C342DA
:1001800028429ABD86F44E40FBD5C9407B2D1841CC
:10019000302049412EAC7D413515974151C7AF41C3
:1001A0009662C8413FD7E241A50EFB41F9240A42BD
:1001B000CCA71642BBBD2342E3F72F421BAA3C4209
:1001C0007C2E494276865542347F624230FB6E4235
:1001D00053287B42B81D844227238A4229709042CB
:1001E00014C79642F9249D42DB4CA3420790A942D2
:1001F000DBD6AF422B47B642D895BC4295D7C24218
:100200000BE0F03C1A2D3D405D4DD84025A619412C
:10021000CDB34641215A7C41ABFF93417850B04168
:1002200021D8C64164F6DE4180D8FB41DAD10B42C9
:1002300010271742CD292242F9F32F423B863D4237
:100240007F5B47422F605642D91161428F5D6E42FB
:10025000EC6B7D4259E084420B3D8A4202A1904200
:100260009D2C96423DBE9C422FD1A3428F85A94230
:100270001A63B042968BB542A5ACBC420E01C24295
:1002800085AB933C7589484020FEC8402ACE164174
:100290002A0D4941BA527B4176CC964155EDAF418A
:1002A000C30FC941CF31E241DF53FB41C53A0A4296
:1002B00008CC1642E45C2342DFED2F42EE7E3C4246
:1002C000E40F4942E0A05542CC316242D0C26E42B6
:1002D000E7537B4252F28342F03A8A426283904271
:1002E000E2CB964264149D42E25CA34262A5A9421D
:1002F000DCEDAF425D36B642D27EBC425BC7C24245
:10030000FF1C9F3A2D3935406599C740E0C0164122
:10031000C2334B4166A07C41FB3E9741F751AE4151
:1003200066A6C841D658E241C5A8FA41CF090B429A
:1003300012D91542490C234267922F42E7F63C42FC
:100340006BD6484282225542818D6242A6926F420C
:10035000F9BF7B424F3F84421C608A42B53D9042C8
:10036000302A9742BB169D42678CA3420EABA9422E
:10037000BF4FB042866DB6420FEDBB42DF81C24235
:10038000FBD415BC803347406DFBC640EA181641CC
:10039000461E49413E6D7F41FDEA944172FDAF41E9
:1003A0008B75C841D8CCE0410E8FFA41F2FD09426D
:1003B000F4B91642453D2342808D3042DB823C42F7
:1003C000072F4942579855424F9A61421BEF6F429F
:1003D00062167B42EDB7834225928A42BB989142D6
:1003E000121C9642A9859D42EB87A2428498A9429D
:1003F00063FEAF421C79B642C696BC42F0C0C24210
:100400004B9C5F34626839407790C7403883124113
:10041000F52E4941627A7C41CE4199412988AE410D
:100420000363CC413975E141DAF7F741E7120A423B
:1004300024FB1742D50724427D222F420B8E3C42DB
:10044000501F4C42A6B75642A17B6042E5A56D42C3
:10045000A2127B42F8FB83427FE78A42D036914268
:10046000E47D964206649C42DFD5A342BAC3A8420B
:10047000A82CB042E242B642DEEDBD42D487C24271
:100480004F7B223DA5D8494076E7C7404CA716418F
:10049000FF6C48418F227A41CECC9541FD7DB04121
:1004A0000D31C941AD59E2415D3FF9411F5D0A423D
:1004B0005A371842D4D62342C1A92F429D2B3C4221
:1004C000037148423C7056425FE76242028F6F42BE
:1004D000B79D7C428FC98342C1648A42DEE6904266
:1004E00081D3964238359D427C9EA342D8B9A94219
:1004F000AD42B04202FCB542CE9ABC42B0F8C24214
:10050000E66981BFEB56CABFF8328F3FAF821EBF8C
:100510004ECFA9BFA04B093F1080BFBED069A33EFC
:10052000318E08BF5CDB583ECB67C7BF892FAF3E1B
:10053000B7021C3F28BD52BEE09936BFAA2249BF70
:10054000336EBF3FE2A2333F8973CEBE0AE9AF3DAF
:100550007A6F90BFCFA9B03C2F3BB5BFB5CC36BFAB
:100560003F07073F09478A3FFF07CBBE713BA03ECD
:100570007939BABC915E0CBE0C7F133F4D3EF9BE7B
:10058000BDCC32BF1D8945BF7ED85D3FB9D628BFDF
:1005900071000C3F2020ACBD4C6D96BF0DBFACBFB1
:1005A00018E880BF344329BFEB303E3F166F8CBF45
:1005B000E5B190BF4A1F0CBE5062F7BDCE4E893FD9
:1005C000C4956C3D260157BF5DFA37BF0A6406BE6D
:1005D0007423BDBDEEE9353DE6DC5DBF7972B03D0B
:1005E000FA1E3DBFA6D1ADBF59F5883E30C233BF1C
:1005F0008704353EAB65B6BECC51863EB477A93E86
:1006000056E0D4BE00F0953F23FE833ED165383DD1
:10061000416A193F2089A6BEE69F26BF138245BBCB
:10062000F109093DF68B37BF350BB0BE5B1ABEBE74
:10063000B7C460BE69A6403F76AB17BFBE308BBE65
:10064000E41F2CBEAAC7AA3D0BA034BED25F83BF55
:100650008C5A053F2DF6B73FBAEDA0BE62D6413E9B
:1006600039F3D6BFB09B5E3FCF5847BF51FF5B3ECB
:10067000C664B2BE388FF73FB98AB13F248486BEC4
:10068000DEFB3F3EA028C23E0C333C3F27DF3FBF8E
:10069000FA4A1EBF14D5893F90E6EEBE1C21773F73
:1006A0003EF07B3FB5C6F1BFE4BB293F537CC33F5F
:1006B0007798A4BFD239B7BE1A373EBECFB4C33F76
:1006C000A28EDABFBEF8E73F83C1363FF887263EE9
:1006D000C961773FD10109BEBC0462BEFDEBC2BD5A
:1006E000776403C04BB698BF1A99833FE639B1BF10
:1006F00022ABDE3F7C550C3F0EB8A53F00B248C090
:10070000639B28BE4B479CBF95EAD3BF5FB22CBE0C
:10071000C07E0ABF00E1C73D5701C23D0BA65ABFCC
:1007200085B9383E8B0BA8BE58D9A3BE0083313E95
:10073000C270303F6FDA63BF2275963F6AF54BBFD8
:1007400030AA983E44FD3ABE684ED43DF14BE03E9F
:1007500043F4E5BE845DBDBEF3AD9FBE8CB9C2BEA1
:100760000C842ABFAD6AC0BB7BA4363FE5734BBC8B
:10077000667F37BE547727BF2E66943C97B81EBF5E
:1007800043E28ABE3E8CCFBD70F4A5BF0D2818BED3
:10079000BD59D63C76B888BE0EF1393FB94456BF34
:1007A00051E85CBF4AE587BE04B0CDBFF00FC33D42
:1007B000FFB5E33E46348D3EEE44403F02DEB93F96
:1007C000E687C1BCD550613F70488E3EEF55D53E9F
:1007D0005B0D80BF57B3433FE7FE40BF440289BE75
:1007E00017D450BFA44C22BFB0B599BFCAFFEABD11
:1007F0005BE407BFBA105D3E73F2233EBAD86A3F8E
:10080000436843BF8D64653EC0CD31BEA6CF133D66
:100810007655473EEBC8D0BE8DD751BFD54A36BFBF
:10082000091C77BFC910863F8B0170BF3276013F2C
:100830003AB75ABF5BFEB23F48AF5EBEBEC37D3F14
:10084000AB2A5A3FB6C38DBFE63C15BEFB5169BD0E
:100850002D600F3ED494623E4CF194BF659AB0BEB9
:100860009F09A23EBB9E37BFA21E863E82D27DBF9D
:10087000FBDC4F3F605B483FA8BE06BFAEC32DBE4A
:100880001FDC743F0617843FE2360840FFD436BFB2
:100890009C2213BFAB0B043FC2EBA1BEC3683C3F1D
:1008A0004D07343E8A0F0D3E17451E3F6DD21EBECA
:1008B000DC5591BD458F29BEB7C8B53D6DB7193F11
:1008C00035643ABFC7C3623F8CBAC03E4F156BBF99
:1008D000255F67BF108681BECD8C10BFBBFD9DBE5E
:1008E000DE3391BF32C8643EDE92C13E9EF9BF3E08
:1008F000D308923F50DE463E96E004BF6EDC233FB5
:1009000065C0D93DAF51C33E475DB13F16BEB63E4F
:10091000A2187FBFBE7184BEAA98C9BFFC9D1C3FB0
:1009200021E38FBF115FAB3C3AD9133F19DC1CBBED
:10093000489578BFBA5F363FBC150BC0646DC33EA7
:100940000AD421BF8A4DA23EF20034BF51D0B6BEB8
:10095000F10EC53E6A6AAEBE9E0AF2BE819F43BFDB
:100960006C609A3E8CAF5FBF1CDFE33E74B607BF7E
:100970004924B53E09BD803E9279E83E03D1FF3E51
:1009800083B0E1BDECCFF0BEAB4807BFC198E53EF8
:1009900077B355BE2590B23F6F22A43E82B6663F24
:1009A000A55A763F32FE80BFE3BD2DBF2D6FD33EEB
:1009B000086B213E90BA823F4710D23E19D7B53F0F
:1009C000DC4F44BF0BC3A5BF642517BEF04520BF55
:1009D0006ABC723D085482BF3B739DBE87F51CC044
:1009E00087B0623F3906BEBDB29BCD3EB42B54BF2B
:1009F0002FD6643F1582CCBE3B2CEFBDB778443F69
:100A0000B616C3BED80A3F3FA633D43E9BD28ABF98
:100A1000D61E593F9B04C6BE34ED6D3F9F367CBF4A
:100A200048D4FC3FB1BE8DBFF5E5673F46E6C0BE8A
:100A30000D45F13E5553F8BE2C3E3DBF2B1B91BFDB
:100A4000A9B51D3EBAEE273EA9FF3FBFB52EAF3E6A
:100A5000E7ACD33E9D3E91BF0D1EC3BBA86E483F81
:100A6000B476573F8E9884BF7205853F499A673F99
:100A7000F1E9DE3E15A39EBE048A9EBF73690CBFDA
:100A8000C093123F85DC72BF023D56BF280566BD8C
:100A90002F274ABFF1EE2E3F93B619BF254078BEEF
:100AA000385985BBC0B9C9BFD372083FA0133DBE3A
:100AB00065B74FBF5D6B2C3F1F50D7BF9094F4BDFF
:100AC000C2E999BD9A83943FC74C1A40BE441B3E6D
:100AD000E056583F5723253E2F95873E2B7C9C3F61
:100AE0008DF3FFBFD676F13E7181743E9D3361BFB9
:100AF000DD2B863F1729C53EB49260BEF221CD3E64
:100B000003BD023E4D701C3E1F5014BF2DA1BC3EC4
:100B10009DBB753F3C310A3F18422F3E095149BEEB
:100B2000B29370BEA5888ABF96B11B3F3A0A873E32
:100B3000D7D312BF76B9C53E2E2625BDC5055EBFEB
:100B40009436AE3C090A5EBE64F46DBECE2E68BE1D
:100B5000678E0EBF34BA98BA97D8993EE50F84BF16
:100B6000F7CA6D3CAB17C13E8B38DC3DDA73713E82
:100B700037648A3FF1A258BF97BE98BE7C3553BEFA
:100B8000214765BDBA583EBF659201BF04E2153EDC
:100B9000D77A25BE410BAFBF0AA4963DC65AAEBE5A
:100BA00048C7E2BE477A30BD640AA1BF19714C3F05
:100BB000FD5256BD7DDB7BBF44932C3FCD38BEBE7E
:100BC000AD3DF3BE020D09402360ECBEB5FC423FD3
:100BD000DD77C2BF987891BEE1DC7F3FBA6BA33F5F
:100BE00004A831BF2E20A7BC7AC4EF3E31C1D53E48
:100BF0009D0915BF57CECCBE00F0AABFBEAF903F37
:100C00008A7A42BF23A602BF69BF8F3D961859BE9C
:100C10003BBE84BDF10FA1BE395341BDCB207F3E09
:100C2000705136BFA114EE3D5646E1BE75392A3EDD
:100C3000C3ECD13E6713723E02001CBFFB95DF3D43
:100C40003A296ABF1DC241BFD2016A3EE4CE11BF3C
:100C50003A79723FD5489CBD0279CBBE0541AA3F87
:100C6000898526BF9E2EFCBD099F55BFAFF297BE5A
:100C700096B7273E3403AABEABEDDB3ED094283FA7
:100C80008263853E244F74BF456BD6BF385E6ABF12
:100C900054EDD23E5CB2213E218703C045C880BDE1
:100CA0000ED852BF48D6DC3E3C098FBD6B25D03DE7
:100CB000A0F3A3BE236E0DBFB862ED3E8EE507BE66
:100CC0006BB8A33F383D653F7660243FEA2721BDDE
:100CD0008EE3483F8837AB3E2DCC39BF6FCE873F80
:100CE00061970CBD19050CBD0BC99B3B3CF3163E2F
:100CF000606223BF775BB53FC5835D3D2369A1BEBD
:100D00008889513EDCC09BBF9E34A5BFBBA7CCBE2B
:100D100096615C3F2D2D9BBE201881BF489DCD3F25
:100D20006DC36D3F3D00A6BE79C875BF353B03BF9F
:100D30003A94543E02EE4EBFC5F158BFF14F10BF7A
:100D400013A33FBE351859BF9DB01D3FDE501A3E5C
:100D5000958A6E3DCB0D0BBFE8ECAABEFE78633DD5
:100D60000F4CE8BE199962BF31BADA3E8E03C93B17
:100D700062C3833A737C4ABE5005A13E7BF7A1BE95
:100D8000BA7E1C3FC99A57BECF9A68BFFA554CBF6E
:100D90002D8CDF3EEBB6523E4D2F33BF1F5A083E1F
:100DA000DA7BF93E369EAFBEF978C8BD4DA79BBE33
:100DB00016DD44BF3A0213BF66388C3E9094BBBF29
:100DC000FF118D3FB44551BEDA2581BF657160BF0B
:100DD0003D2F803FFD71A13FF626383E63B1233F92
:100DE0001381EB3FDCD9B6BD34183DBFC2E5193ED7
:100DF0004B23B0BE80F9CC3E5AC1B7BDA62C363EBF
:100E00001D5AEABE4BF2A9BEC37BC13EFB2E463F34
:100E10004EFF76BF58D635BD76D5E5BC5F991F3FEE
:100E2000920C4ABF1BAE853E85D7A1BEF45509BFC3
:100E30005062C23E3540793E367826BFA8601BBE60
:100E40008F0B57BEFC439D3E885B25BE08F8933E42
:100E50005BE18FBE645F993FFE61023F7E7792BB8C
:100E60008629453FBAFA693E7453EE3C7DD94D3F21
:100E7000DDC8AABDFC9B54BF3D842F3E6A5D8C3FFC
:100E8000A2A97EBF2BF64EBFEE5618BF0E0F54BF61
:100E9000E3EF87BF738BF4BE4C72443EBB1DD53E5F
:100EA0008523AD3F4B7DB13E385E9A3F1EAE673D18
:100EB000D863923DC7C32FBED4DA11BED23B81BFE7
:100EC0000DF5FDBE35E2CB3EA75CB23E6712823E19
:100ED0001E09163F3B312F3F82AB21BF20BB08BF0D
:100EE000666259BEE22A85BF46E2913E785D233FA5
:100EF0008856AEBFB67977BFB7329A3F269385BE84
:100F0000E0F6BEBF7A0EB43F8D610ABE77E01BBF2C
:100F1000FF7C10BF4FCD293F8A93A53ED0B2793FC9
:100F200065B25EBF0FD2EF3EADF0A03D2A6847BF6D
:100F300074D903BE22E131BF08C9D53EAE5F9CBF64
:100F40004FC4643FD38BDD3E99E816BFD6D94ABF64
:100F500073A7103FA4CD5CBED538523F62CF9FBD72
:100F60009D47A1BF744C2BBE04BFCF3F0F9E6DBBEE
:100F700088406F3F2534033F5FECE23F5C33533FD3
:100F8000AE3DCFBF087C483E5996A83E391B96BD62
:100F90005713913FFE35A43EEFD4003F16C13CBF2E
:100FA000B11EF2BE54C918BF7FBD8B3C6D30093EE7
:100FB000A27ABC3E47F997BE40EC893E10E99BBF40
:100FC000F756A03E392F623F38B6DBBD41CA34BE6A
:100FD000589A29BE2795F93EB85FEB3EBAA8BF3FA5
:100FE0004F1921BF425EEC3DA7CDB8BFCFC30FBFA5
:100FF000445C69BEC642633F8A10F8BE1E2B633F45
:1010000092B8943B938A63BF85B4223E7331D0BEBD
:10101000FAA33EBF1A03253FD327A9BE621299BF88
:10102000EADF093F9BA30B3F79115CBC2F8C21BEEB
:10103000C3599FBED53C853EC4238D3F2833A1BFF5
:10104000898C0D3F9CF406BFC4B395BFE9987C3FE3
:101050003867123D97CFF9BB7BDFABBE36E0563F1A
:101060001A709C3E26F50D3F7549FB3C6AB226BEC0
:1010700084A7903DC8D101407178CF3FA1CC2C3FCF
:101080006E4F1F3FC2A6A83F40359ABE1B0A0140C3
:101090001FF7493F7B4883BE805894BF239EB1BF52
:1010A0000EB833BDD8F1223FA33E6ABF8009E1BE2E
:1010B000FB2CD8BD6CB7423E9572A1BF4838D83CD6
:1010C000D5A43BBFF9600540EA0822BF077A553F27
:1010D000BF6728BEF75918BE0C0761BEF0C4463F73
:1010E000F6CE65BFC99AA23F6818D0BE158FA53F3E
:1010F000CD898F3F5147BE3ECD1D1BBD9B31ABBE41
:10110000199959BF4D82723E8960F33F3C3A2A3F9C
:10111000031B7CBF17B0A83E388C363F4CE2B03D75
:10112000BA95A23F5B85C23E7E44A73E8862F73EE9
:10113000905E8D3F612F35BFA32394BFF5EEA43E93
:1011400025BD9BBED8EE8ABF4A57003F65D2813E7F
:101150006C20253D7198C7BF8B1FD53E9CEE663E27
:10116000A772DABE0687333E646E713FB194333F97
:10117000F796033F9972C0BFA6F643BEED8CB13F10
:10118000B39F26BFEF5001C0D88112BE7503C03D8A
:10119000DA528FBF42258EBF79672EBFFA1D60BE1F
:1011A0006E7D933D814D453DE7DDF93C4D7CA63E8E
:1011B000BAE2D6BB6754D3BE101E28BF5D27043FDA
:1011C0003A83CABFD6B9BCBE4215AE3FDD6B29BF5C
:1011D0004549FA3CE849803E7590483EFBB6D53E0D
:1011E000EAB9AD3FB51E123FB3CCA23E8310A83F73
:1011F000BF5003BFD4A2113DB09521BF519F863F80
:10120000A104A2BED340C03FE188C7BE1CD4AA3F00
:10121000478A0C3EB7874F3EC275C73F969DE93F50
:101220006B2102BF5C7D963F0FA7943FFD6DDBBE37
:101230004A0BF5BDCC8693BF450F9D3E007A74BE28
:101240004AC9ADBEE8700EBFA5D467BFE447D03C25
:10125000257D2E3FFC1D9B3FA706443E1D61AE3FF2
:10126000211B01BFB77D0EBF623F1FBFDFA3B1BE11
:10127000517A23BFFAAA323DE918913F7C03AFBEF1
:101280005E15E83E4F2E893F289801C068038ABF4B
:1012900064B68DBFB78E50BF181A453D2427B6BD22
:1012A00089577D3F8919233F687F813FAA3812BF44
:1012B0006EB2223F28AB4E3FF977ACBEF314B23F7B
:1012C000654E84BC995510BF4CCDF33B48DB1BBF2A
:1012D000884C7A3F94F4233FEC66763F7C4C2CBFDD
:1012E000E8E8433F46253FBF237C3CBF90DBC2BEBE
:1012F000730DA7BD91021E3FA1BE9BBF564E87BF77
:101300002453F93D6E7FDCBEFD090BBFA3D835BE6B
:101310005A86843F71A37A3F79741A3E4D3AB83E9B
:10132000C922823EE2E9B7BF4047B4BE0363043F2F
:10133000B28A033D74B3433FEF718ABE5653AFBFC9
:1013400057E2A9BFCA05F0BF0E6E253F74EBF13E10
:10135000462327BF3972553E426D2F3EAE15703F72
:1013600099F174BF86ADCEBE6FBC9EBFC7B06F3F54
:10137000977144BEFE57BC3E972C76BD92BA243E70
:1013800095C289BF1C3FB23E0C63CBBD60C6CA3E4E
:1013900011A8D93F852B413E8B518EBC6E9AE83EF9
:1013A00058E2223DC72BD0BED4B8F7BDC15149BDCC
:1013B00007F932BFA82EC13F736F853EEF78103F0B
:1013C0008AF7973FFA8821BEF670553F76D3EC3EF8
:1013D0009CFFFE3C5BA151BFDB3D85BE106F503FC3
:1013E000DE4E463D8BFC55BF8393173F24B3FFBEB3
:1013F0005977353EE291183F6F00A6BF5EC97C3F2A
:101400008BBDA6BF52343D3E5991B1BCB48549BF96
:10141000C57E71BE45628ABE48D5653FFA1C803ED6
:10142000E9A24E3EFE9534BFC42180BFF3A33E3FE8
:10143000BC6C23BFD9F7F5BED990A3BE792BC23EB1
:10144000CE2987BEE886363ED53069BDF52C9C3F57
:1014500052493DBF1146D3BEB2AD51BF5E6ECDBF46
:101460000F93A33E9366233F184D6DBD91A8E13EB7
:101470003546B13F6ACB034099268CBADEF806C0E8
:10148000BA837B3FAE28243FF53D683F67338E3EED
:101490007A05AB3F6AFE8ABFD2BBB3BEC3BC49BFAD
:1014A00089E0F5BF7974BDBE128F5B3F68196E3F4E
:1014B000204B13BF8CE0CFBF3F9DA33FC68DB2BF73
:1014C00053909F3F956CB53D20D2DD3CDE19AEBDFB
:1014D000015CAD3F2E09E73ED2AE7B3FEFEF8F3E82
:1014E000AB9305BF60008EBFFB902BBF4219A1BE1E
:1014F00000D714BEA0B4B63F1F9D1EBF82CBF33FE2
:1015000072891DBFA4CE243F8A190D3FCF79DBBE5F
:1015100011ACD43EC9618C3E6578B6BEFCA6CCBC8D
:10152000A248183E93FC503ECA9238BD572CEABFE1
:10153000220D2EBEB0B488BF8725783E9C67BCBF05
:101540003957953F946E9FBF6D170ABF7450B93ECF
:10155000FD3D71BFD984BA3E682DC4BF640523BF69
:10156000500BC8BE1751BABE4A26CA3E10787ABF81
:10157000C366CE3FFA18343F11C916BE3786223FE4
:10158000A1C41BC010B6CA3F34E19E3E1F5AF3BE31
:10159000D04662BF95D168BFF8BCA1BEB855F83D32
:1015A0004083D23D9C16EABF0C53923E18311C3F3B
:1015B000E73004BF0E43803FFE45843F9A54D8BEB7
:1015C0003B04BFBEE474373D534A0BBFB3F5173D30
:1015D000284E8E3F7123BABE6F8AC4BEC2E9FBBDDE
:1015E000F72A8E3FD46AA7BFDC9858BFF7BC213FCB
:1015F000FB19C9BE6DBA9E3DB408483FFC8547BE85
:101600001994933F37C8943EEB85903FFD05493DC3
:101610005F05053EE025C73D2D25F3BF3704143F88
:10162000E186E4BE059C073E729E5A3D509AEB3E11
:10163000563F993D36C6A23D9B9B2ABFF40B81BE07
:101640007D3EAF3ED03CEE3EE09919BF43954C3F06
:10165000544AA3BF56F9CFBE0274913E4419DA3DF5
:10166000CBC1A1BFB7873DBF5AAF09BF606471BF8F
:1016700032C387BEAB62EE3E5FEE51BF37B85B3E12
:10168000E5381CBFACCFBABEF5A7223EA706253F62
:1016900009939D3F2A6E4DBFFCD2883E69F7663F95
:1016A0005A3092BE21B0283F540EB03B759CBD3DD0
:1016B00042BBC6BEE2B3AEBEF86FD13E5E42893BCE
:1016C000EAB9BD3ED7F9FEBE80B613BF0298813F8E
:1016D000011D15BE931F823F1816E4BEC604023FCB
:1016E000164F20BF5998773F5A2F8D3F74BF443F04
:1016F000BEA1243F60DF65BF7D3B513FF6E861BE80
:10170000D9DE653F3519013FCCB60A3FBA8B163F8B
:10171000C842973CCDD9653D68BEA4BE693885BE38
:10172000C8D7673FE75684BE46B38D3F1CEE9F3E49
:101730002F69CB3E0E50A1BF0036B6BDAA1456BFCE
:101740004B52A9BE615D5B3F009A3D3FA016473FEB
:1017500088BBCB3E2E85EA3E3B82953EDFBFF2BE84
:101760003AF4233EEB0844BF8D60CC3EF6A3A9BFFC
:1017700024D02BBEBD3B5CBD1A62393FF738283EF2
:1017800083E189BF157A9EBE7D81C23E36F3B93EA4
:10179000789CD3BEBC689DBF615DF63C0B578B3D0A
:1017A000D9EDACBD76278E3F2AD193BE222C6F3E59
:1017B000F64716BF0663063EF8838ABE8869CEBE2A
:1017C00083C1B83E48DCA3BF109FEB3E9CE3813E43
:1017D000EF760B3F3E28993E260F913FC5BBA03EBA
:1017E000A24734BD0D66023F98EDF8BDA1325DBF42
:1017F000082E10BE6E2EE13EA689C53E52649D3F66
:10180000993439BEAD26073FF36F153E48667EBE5C
:101810003BD5823FADA82E3E1E0F363E0F5F06BC65
:1018200062377FBDBF7ECFBD5FA0833D171D91BED8
:101830008E38D2BD7F606ABFB39354BF0B830C3F19
:101840004A8FFD3D8AA2693FF16494BF2229363F49
:101850001235F8BE2806983F77366D3E860785BE5E
:1018600079ABB93FD4C211BFFFF2933FEAA4573D11
:10187000EFB65C3E11E1CABFB37A413FB4FD90BD03
:10188000460DF53DCF79B73F358E25BFABA8A5BF37
:10189000B877A5BD7EA35FBF53F2FABE2FE8883E9E
:1018A00010F4143F1E068A3F05EB72BF8B7D41BFCB
:1018B00073F315BE77261E3F6A041ABFD219123E73
:1018C0004BFBF2BD8167843E015193BE12CC60BFD9
:1018D000A14C2BBFF53496BFAA256FBFC4F7A3BF99
:1018E000274ED7BE2CAA93BE4EC850BFAD73A73E9D
:1018F0006192EA3D1C019EBEE54A933E1216AC3E43
:10190000629DA5BF55E0E7BF87D3973E71BC06BF78
:10191000A44800BE7597073FDC44083F47595A3E2C
:10192000198A103FE016D5BD8CC3C03ECC3FEF3EB8
:1019300073BD93BFF624A9BF1D715EBE2805D9BC37
:101940002AC326BF91550BBF4AA3523FE49A9BBFBF
:10195000749FF03EB7B3F0BF02C6FF3E7E8C073FD8
:101960009EA0B6BEB55146BF1683783FA9A2BDBDA5
:10197000E7849CBE47E55C3F7B61DC3EC9A5AEBE0B
:10198000081E2F3F73C8B63DD71A87BFAC1F39BF9B
:101990008743A4BE18A5683E40E4B6BD7BD23ABFDB
:1019A00002577ABF750591BF296F95BFB0FEE93E1A
:1019B000A899843F00DEFFBECFF50F3FD4136ABE67
:1019C000748C153F80A0353E30D8B43F93E7FABE03
:1019D0001A23323F419645BF1E667BBFF71C603F0E
:1019E00027327B3F765B88BFC3AB8E3F35274D3EAA
:1019F00023BF443F89BC853F6E76283FFECE29BF7A
:101A0000739230400909DEBC7D838F3FABD436BF73
:101A100098689D3E07E70FBF4C03773EA499A5BF8A
:101A20008B2CD33F5B97883FA272A93FF488E73E97
:101A30004DF0B6BED4F6203F97A4813F9A1243BF23
:101A4000039617BFA96A1D3F667749BF31402A3FF9
:101A500004F8F3BEA3EBC5BF9E60B73E8C5E8A3F21
:101A6000F7D0923F1C4ED23EE1C4803F87F50B3F3A
:101A7000CF921CBE891D313FA69A803D5E1EADBE31
:101A80003E8427BFD5BCD23EE82C1A3E16ED9FBF40
:101A90005E22EF3F383FAFBEB45D9CBF8EF8B8BE4C
:101AA0005F8A1EBFDAC80E3EF2721B3FE6C2193FC4
:101AB0002B8BAF3E4F0B693F12A434BF34EDAABE4F
:101AC000D09C93BD3277E1BEE82C683D538B943EA9
:101AD00043B162BF27889ABDC81153BFB9C853BE6E
:101AE0009BEF8EBEB7AACCBF78D66F3F7DE1A53EF7
:101AF00042A34DBEB05041BF30E3CF3F4871203FBD
:101B00002C046DBE277FC43F5D44793ECB9D5E3E75
:101B1000DE09EF3F4AF74E3B58094FBF12A382BD83
:101B200045C9193FFD741F3F2B8D1D409A73F7BFA8
:101B3000D1661BBF2F7DA13F5E7646BF867712C060
:101B40006AC88E3FB44388BEDD117F3F2278A13F33
:101B50000424953FEAFE00BE9C0E123F6A53953E58
:101B6000318D913EF4F915BE89BC60BE7FBABF3E8F
:101B7000A655CA3F68CBF5BD09A8B33EC1AC89BE26
:101B800031B5AA3D57BC633FB9974E3F99932ABEE2
:101B900070AC9C3F4F53F23E788C183F0980DA3F7F
:101BA000D54FABBE5C22183F6F727C3F98EEEC3E87
:101BB00076C20E3F33D938BDE02E0E3FF3A0CA3EA9
:101BC000FC2BFDBEC5A6383FFB538DBFD862553FE9
:101BD000D4C325401794BDBF3D0F5E3F161BDC3EAE
:101BE000AC275DBF054496BC36218D3F8655D03E5F
:101BF0001BA942BF3202D5BDBF5F68BF89F8893ECD
:101C0000119D763FB7A26E3F6AC0FEB9C91B9EBF49
:101C10000787FDBEA02DBE3E1E7A02BE58280E3F8D
:101C200087075FBDB4A49C3E912142BE96E0F13C83
:101C3000AE8BDF3E0C94753F7D082ABF2008023E24
:101C4000918379BE899D17BE2F0B83BE7601BF3E5F
:101C50008075AE3EAA820CBF959ECF3E36093CBF32
:101C6000EE55563FBB8CEA3E878EA83E7EA4943E3E
:101C7000FA418DBE7E7CA8BE5392FDBEE6763D3F06
:101C8000FACB673F0B8548BF50A691BE98DFFEBEDA
:101C90002B916FBF94D7FF3EE9D8EA3E61F210BFA7
:101CA00028691D3FE8CE993DE23B5C3FE02AA23E19
:101CB000930C43BFC1020BBE9B7D13BF2DEBEA3DCE
:101CC0004248763FA139033E5CC9EB3D9F615F3FCF
:101CD0008E29333FAF3B1B3FECD1073FF66BCFBCA8
:101CE000FABE053D10424E3E8437AD3E51AB793FC2
:101CF00007AAF23DCA9CD63FB251693F285F8EBF0A
:101D0000588D093F98A1733FB7CD333FF32214BEDE
:101D10006FDCDCBF7DC1A83E8D0D923F2FA19B3FA4
:101D200043C8DEBF6A302EBF2CABC9BE02524D3F46
:101D30003F7D98BF4B74A03E684A3ABF3A56B4BD47
:101D40001D1F44BE0C09973EE805A43E3221443EC7
:101D500040151D3F7157CCBE212F4F3E1600BDBC14
:101D60008461FE3E5C9185BFEE6D0BBEF0D9CCBFA9
:101D70004A06F53E7D6AF33E59EF0C3DB19B373E76
:101D80004F26CE3D2E43873ED7EAA63F2E456FBE57
:101D900011E34ABEB7E70D3F3B83C93D8ED33E3FBB
:101DA000E6A88F3F25B8123F1B385EBF6739643FF6
:101DB000A9780ABF238EA33DC82A313FD212DA3E4A
:101DC0006E69EE3F6A8EB93ECECF59BFBE7F22BF4D
:101DD000CD7D2BBF214528BFC3DE6B3E1066B93ECB
:101DE00061A220BEB9DE8DBED70C85BE506BB63E5B
:101DF000EE5510BF7723B63E177F9E3CC27D7DBF58
:101E0000BC0CD6BD6C5579BD87E3D3BD9253C3BF1F
:101E10007849D0BEDE920D3F1EDF35BF0E265C3FF7
:101E2000BF34D5BF872AF1BE5865ABBE566114BF1B
:101E30000817C73E3218F0BE7499813F9100203FC9
:101E4000E78E7A3CBE422BBF7C0376BF9002DEBE9B
:101E50000F45BE3FDD36BB3DC4986D3F084E0A3E80
:101E6000EAF472BEF009693FE5DC86BF521984BF0F
:101E7000CFC5473F68DBFC3ECFDE19BE78245E3D10
:101E80005CD430BFCC894A3D22FF5E3F41B8AF3FB2
:101E90008BF196BECE9820BFDD46E9BE9CAFB3BFA6
:101EA000AD6E823F117D62BEC1140BBEEFD80740FC
:101EB000D068273F47D63BBF56DD22BEBA52CE3F41
:101EC000F03969BEBC38333FDF90A33F14FE36BF04
:101ED0006C86F5BD151619BFBA2481BF4FC3D1BF9B
:101EE0005E40C8BF4AD948BFF766D43E14928ABF45
:101EF0005B62763F5B372DBFE5079C3F8C2182BF3D
:101F00000CDFA4BF1C80893D18CA1DBF675D203F40
:101F10007ABB003F7BFBA6BEE9EF853EC66F69BD7D
:101F20004DBCC63E071B303F8670F43EB9D0823EA2
:101F3000E8B8023F824A61BF2EE25ABFB521A8BE6F
:101F4000B750B83E042DD33E1931F83EB9635F3D1A
:101F50009539F9BEC491193F4718BDBFC9AFB13F0C
:101F6000F6D550BEC30249BF83471F3F5551CEBE71
:101F7000C0FE603F2F5675BFD64F9D3F91E2783E21
:101F80001F136FBFF7CB3B3FDA3886BF672D8FBC7F
:101F90008AEB9CBF31B3D5BE60B5303F94E7D33EEA
:101FA000B8135FBF10DBAD3CF213773F6A0DAABEDA
:101FB00086362F3EBB6097BE283976BFDDF2203FC4
:101FC000F01DCF3E23B4663F44B4ADBE9FF704BFBF
:101FD0007BF8F3BCB3FC46BF70B151BFD7C5883F97
:101FE00038E485BFDA1A48BE9921F13E8FAB093F2C
:101FF00021F321BE2C8CA7BFAD5620BF43B384BFB5
:1020000073B2673F885E9D3FDDE732BF1C21393FD9
:102010003532133F5032943D0B9E0040F5DF41BFF7
:1020200001CED6BFE7AF363EE473803FF9E343BF4E
:1020300038DFF63E06A2C73EA2C7423E0741023F36
:102040001F27D4BC321E6C3FD436A9BF43FC58BFF7
:10205000659370BE2D680D3B3CF3F2BE3FA405BFF7
:102060003D5B59BF45071CBF7687483EDFAC19BFB3
:1020700033425ABC5337E5BC4C9763BFDFD09CBF9B
:10208000EB87F53E2942A13E753A58BF039F3A3E81
:10209000C05C5C3F864B16BFC3CC42BF2A66A23FE2
:1020A000BD49823F600D003F438DA1BE325993BEB2
:1020B000D810ABBD83B03ABD35C852BEEEB743BFF2
:1020C0008059C73DDAF62BBFE89D8D3E17021A3FB7
:1020D000F462A83F4A5DB6BF70305EBFCD9A743FD0
:1020E00057EC24BF5BCE893E49BA643FD92459BF1F
:1020F00052ED92BFB06B44BFDBE2D53D5C85BFBD06
:102100007F2D363FEBEE43BF8B0D62BF94655FBF03
:10211000A195FCBEA91A3DBFC42EA7BF40E527BDAF
:10212000598C12BFC8FB93BF7BCF283C358D50BF65
:10213000E242033EB7324F3FC003A6BFB4DD76BED6
:10214000137313BFF9A6823F4D8CF3BD89F9883F05
:10215000EC03B73E216D0A3DC992963CA909813F27
:10216000B54798BFB593B8BE298F413F0BD2A2BFE8
:10217000CEEEBEBD1B032F3F7A5A70BEA12100BF19
:10218000867A91BF1A0F9F3FF77246BFA5C0083EDF
:10219000F233F6BE403DFBBF6039B9BFE396CFBD19
:1021A0001BD2683F0EDDCABF49EC5B3EA529B63E97
:1021B000C1D4803E3AB0E63F140FF3BE27A9EEBE6D
:1021C00001E6263FC4FE2E3FAA72323F5248573FD7
:1021D000193A373F9AF9F23ECFB320BF5AA824BE2E
:1021E000D5CCD3BF9202B93EE83B683FA203933FF0
:1021F000BDDFB53F94CFA93EBB4FED3E9AA308BFCC
:10220000B324DFBD8AB0FCBD8892CE3FCC48EC3D04
:102210007074183FF3518D3EDB880D3E3F57853E6D
:10222000A77D20BFF1892CBF3F86B23EF3A4AB3E11
:10223000854665BFFE82AABEBA73A03F64CEE7BFE3
:10224000427D81BFC7531BBF49493FBE142D86BE87
:10225000A0158C3FC758E23DD93F833F41AD33BF06
:10226000DD2393BEC10924BF00A6443E2E02D8BF81
:102270004437463E86850DBE5680883FAB3D443F81
:102280002FAC7A3EBF8A903E5538953F78696ABE3A
:102290009FFD1EBF3CD8CABE8461D93F73EA70BEA1
:1022A00085AED03E097AAB3CE5E99ABF40EA4B3FA8
:1022B000E6E49BBFB2CEC2BE7B3A90BF053385BD7C
:1022C0006F94F63C1040DABD9CB163BF0FA73BBED4
:1022D0009F8486BFC78DC1BFB574D73D9ABFDC3E12
:1022E000D6A8FABD1D2948BE551F953F01BB8BBF1F
:1022F000F7CBA83F6F8E23BF3F12553CFC77253F9D
:102300008EAD1E3CE88E19BF216FB0BEE86C153F44
:10231000AB56FCBE48FAAFBF8CA5EB3DC041CBBE6F
:10232000F499D2BE428F67BFAF00583FA6A1A93D26
:102330003FAF0E3EBD0016BEB5D5023F24A2A7BEDC
:10234000552005BE238A93BF22138BBFAE8D7C3FE1
:10235000207CA5BE547503BF4E579BBEB80B35BE3F
:10236000DA86F23EB87A323F16E5933EC28B0ABD5A
:10237000F85C39BFE999A1BF3D550A3FB07B57BF13
:10238000B40E7B3FB5FA98BE8AD0843F8D2C37BF00
:102390007C42F83F4E864E3FEE4D7B3E045C79BE5C
:1023A000F72FD1BD03DECBBE40ABB63D468227BD85
:1023B000B9B085BE1952213F21A099BEEF3EB0BFF2
:1023C00039A5E5BED3B79FBFC23366BDC2C59DBDAB
:1023D000E19AAC3E3A3BBE3E09FA113E6024BBBFD7
:1023E00062F7E43CED016D3E2208ABBFDD635F3E6A
:1023F000109E8FBD5BC1263F5FB7B43F2195A73EBE
:102400000CA5A83FA8EC493EFBFF133FD4651EBEB8
:10241000D53C0B3FF988FFBEE62DE2BF99C272BFE3
:10242000C1BDDDBF7FF67DBF4800753FF049F4BDFB
:10243000BFF6B6BF5152243EC98659BEA0443D3BAB
:10244000382E8EBE0B38583DD0BA50407FD8023D52
:1024500034A4B6BF66BC813FF062AB3F4FD2B93FF8
:102460000B3704C032B0003F8F994EBF82E8133F54
:10247000B1C91EBFFC71B8BF818BA63F2651AFBF4B
:1024800091B68DBE8E207A3F2BA9DF3FF2FEF03C45
:10249000DA57423C943FABBF5D870EC02CE4073F48
:1024A00057FCCF3F4AAB3ABE0B4981BF6ADA3E3F89
:1024B0004B274440254328BE8BFCCE3ED2AC34BFD4
:1024C000138597BF4AF2763FCA5396BE486A543F77
:1024D0006D5F6ABFE9EB363DF3D6FA3C9568583F2D
:1024E000E425BEBEE2D8C23F718E2F3FCACCD5BC18
:1024F00099BD623F6354EFBD0BA413409DE3F23ED0
:102500003F0F98BE55638D3D041B4CBE4955E8BE38
:10251000D3683C3FDA30243F4DA96DBE9F9003BF86
:1025200021CF653EAFEE9B3EEBD3FCBE1A2ED5BD50
:10253000C25717BEC826BEBEB7B2B0BF7E84CCBCE1
:102540001F60EF3DFCEFDB3EADA14FBFD5B267BFD3
:102550007C580D3F0632A83EA2712D3FE7F81C3F84
:10256000B3C6D03FEFC243BF4BB4C03F182E473E67
:10257000F188B43FB364C5BFA265A53FC7319EBF14
:10258000C33C313FB25D5EBEBC545B3F125B6EBE6E
:102590000D49C6BF481B46BEFC09843FA656B0BEC7
:1025A000889972BEC30E39BF549B8E3E52E19DBFC7
:1025B0008559953E1C3D363FF9CD03BFED701BBFDD
:1025C0001B4D0BBFE816BB3BFB600BBFB6242DBFFA
:1025D000FDFFDFBF6CC331BF0C7719BECE12623E68
:1025E000241C193FA56A933F47C9F53E645881BF33
:1025F000F6722ABF68AEEE3E6EE0AA3EEFED7C3E7C
:1026000068CC933F3CFE383FEBEBDABD3384413F6F
:1026100021D0F83DB3A978BF60BFABBEAFAFF0BD6E
:102620007A479EBE6AA1B6BC45063FBF177F27BF4B
:10263000B07DC83E171E49BF44F60F3F9C35113F81
:10264000E9595FBFFC611A3E091325BE932D853FF2
:1026500031789BBE8E4D173F35E40D3F6B08CBBDE7
:10266000908B0EBF7D5991BE2187BFBFF6A3213F3E
:1026700033CA103F481EE93E1461A83EEDF16A3F9F
:10268000734243BE7D2D243F43925E3E9D63613F76
:10269000D7AF8A3E799A5A3F7E7A0E3F6A6E6F3F75
:1026A0002EF88CBF595592BE62642CBF6A88DBBF7E
:1026B000BF72DFBE464131BFA06337BE8AB12CBFB7
:1026C000C5AC063FD312E2BD48448BBFF40014BF33
:1026D000350F84BFF367B23F6342A3BD7F64CA3F37
:1026E00029EEF0BEDD84273F605F953D91B5C03E89
:1026F00096DF283DF08991BF11DBE3BEA05B1BBED6
:10270000105C75BF530D49BF6BB1913FF53DBABE2B
:10271000BC19A73EE5B110BF62E2BA3E6750013F67
:102720007493E73F9F7CDC3E625811BF533E423EAC
:10273000FF8792BF68EE1D3EAF64203F4A7C94BF86
:10274000FBCD223F7F4FB13DE0CA0EBFB5281F3FF2
:10275000CF52C93FC6BA04BEDE02FE3F5B2F9DBF0B
:102760005C4E833D0F7C96BE587CC6BF8A6CC33DD1
:102770002C96B23C700DE73EBD2B59BF2925BB3FBF
:102780006CB34EBFB10518BF7ED787BFA31D3B3EBC
:102790007572FABE6291BF3E58F27A3FCD81823E99
:1027A0009810B9BF6992B63F29C1DF3F524FD4BEDE
:1027B000E54E403D0BE4C4BE75A30F3F9F04AABE87
:1027C000AFC7183FA59318BEB599953E6F5BE4BEA1
:1027D000C54EEF3E8E0E1ABEF17BA03F3A08CE3EAC
:1027E000053CC83D8DA3C53F2CC2B83F84A3B9BFEB
:1027F0000098ADBF94CE5F3F0EA28E3E1E9B38BEAA
:102800009867A0BF66B7F33E51829B3E9C310ABFDA
:102810005A458C3EDABEB93E73008B3F3DDDEE3E3D
:10282000EC84803EE3D8B6BE3FF4E7BEFBA5423F52
:102830000A371D3FE8D0CDBFE00F38BFBA997BBF44
:102840000E2962BE6EEB8F3F61B71E3F97FB0FBF35
:10285000631C693FABDEEABE6B362F3F742B2F3F04
:102860008529EE3FFCCC093FB05E063F5F8305BE85
:1028700052ECC1BB0BF5E23DF53B463FEA084CBECE
:1028800043C7ABBF52738F3E73FA2BBDC45F2E3E5E
:10289000738322BF547CEB3DC7C6C93E5F082E3F01
:1028A000BCAFD03E843EF4BE6DCE393FE82AAF3F88
:1028B000914BC33D6C6D823FE54DBCBF3A36DFBEE8
:1028C000E82EC6BFAAFB30BD8FE42D3FFB9C383FEE
:1028D00022BD2C3FCDE750BFD23DA6BE424FB3BC78
:1028E000C5D113BF9550733C34ADBA3FC60751BF35
:1028F000425EE13E09A3EB3E5D4F093F3423673D55
:10290000903F1EBECCCC7A3FFDD628BF703D03BFA2
:10291000C83342BFC60539BF76D9EB3D0C3A10BF6C
:102920003EFB623F28F08F3E2FD257BFE26BEE3D59
:10293000B36665BF96E5A1BEA7EE8E3FDF46A5BF95
:10294000ED1169BF726F8DBEA375943E78715B3EC9
:10295000B7CB8CBE3FF22EBE8FDCD1BE41944BBEB6
:102960000EA8963F5B6C063F864F633F30C3DCBECC
:1029700090A88C3FC1A837BE6E51D13D4A0504BF17
:10298000379448BF9DFD283FD77EE33EFE0CACBE8A
:10299000371BB8BE5023813ED5F78CBFE34A7F3F3B
:1029A00072BA7C3DB9EAD0BFDBBF813FB38E80BF36
:1029B0001C0FF53DD983D63EE5ADDABD708429BF45
:1029C00055D425BFF4CE49BF6EBACE3EBF12E6BE87
:1029D0003D6CD13F528AE73D14E8963F0F61B2BE8D
:1029E000F8D238BF05EA0F3FCFEFBC3E0FB6543EDA
:1029F000F5276E3FFB0ECABE137D743DD684573F4C
:102A00006C4B3D3E9CB60DBFD9BCF73ECC6636BF85
:102A1000AF7280BFDDCF6FBFEB8C94BEAF673EBDA2
:102A20007631B53DC57636BF79A656BFA19796BF1C
:102A3000F6F0153E432B193F7E37233F51E2C3BECC
:102A400082756DBDC4F0AD3F6CE094BEB947263DC4
:102A500034F0023F26A17C3FE112A0BFD590B3BE67
:102A600026D59B3F6099E43EF98DF7BE0C0D6E3F75
:102A70003300F73E1BDA513EF4853D3FBB33E23E67
:102A8000C9C9893E23CC033F4876E6BEA90FDD3E87
:102A90000FF670BDE7F3E8BE77817B3FAA38173F9A
:102AA000BA5DC7BF0B35213D32BB76BE347C79BEE3
:102AB00099CD6FBFE150023E2501BF3F810D4C3FD4
:102AC000A758AF3FA51498BEFDB180BF680107BFEE
:102AD000590F6C3EEBA496BEA43C763EAED7423F67
:102AE0004974973DF9D9B9BEF85808BF97D9DB3E6C
:102AF000EA596B3F76C7AFBEE953EEBDFD50A83F24
:102B0000801094BEF262EE3F371FC13F703A953F8E
:102B100041F5A53FD67DE83F25EFB7BE040D943FB4
:102B20001003953F06FC5A3E5DD71C3F5E5969BEB7
:102B300050001C3F58EEE3BEE667543F8647AD3E6B
:102B400040E5AE3DC374513F1DF10140DED89A3FD0
:102B50006F3CC83E3297A1BECA091A3FA69A4ABF27
:102B6000E4F9F13FB34DB3BDC6F8F13E9B2362BE1D
:102B7000F190B73D8FC286BFBEABA03F05E2AF3E2E
:102B8000E32D793F04AFB03E9E7C663F922D5C3EC4
:102B900067DBB03FB3018FBE00E1843FC0FE44BF9E
:102BA0006027173F1ED70F3F25CEFA3FAE07F73DF0
:102BB000B173293F61A7493F45A4B93F74F8FA3E74
:102BC0007082043FA362A5BE34E07DBDCEB0383F25
:102BD000312B1E3FEEBD24BFF20476BF96BE8CBEE5
:102BE00014E71E403F2E0FB9F5679F3DC1CA05BDD2
:102BF000A663283F45594ABF78584F3F8D652DBF82
:102C0000816EC93EF78B92BD6157733F09E219BED1
:102C10009C10ADBF20D25B3FA1DA2E3F5985D9BEB3
:102C2000095BB4BEE28414BEA8EF4ABF87A1953FFA
:102C3000A81A89BDD604B63F3D52223FA3B0093E33
:102C4000378505BF5579DEBEFE2F7DBE0A60FA3D91
:102C5000C4FB3EBF2194A83FBF1DC33BB630883F95
:102C60004D21B43FEF091BBE888711BE9258CC3E60
:102C7000CAC705409E94D1BE9E251BBE95BE6F3E21
:102C8000AFEAA43F7BB9E63E01AA50BF770D10BD65
:102C900057E8A9BD2099193F0939843C496C7FBD8B
:102CA000BC3C96BF5CA1003E7837DFBF2985A3BE40
:102CB000794A983FAE87BEBEDBAC64BFFC2B10BE2A
:102CC0004E83D2BE85A8033FE62502BEE997ABBE80
:102CD0004BB77DBF6702203FA7913EBF67FCFB3D1E
:102CE0009A5955BED81AB7BF70080ABFD52EA83E4C
:102CF000C8D4F7BE27311C3FB5A56A3FE35272BE68
:102D0000974F8BBE728B013E92603FBE7A1B3C3F59
:102D1000417B84BF63E5C43F1B3D8EBE5778313D88
:102D2000B047823FB629DBBF7FAD67BE7B2D1B3F1F
:102D3000832510BE67543CBD9391B73F5290823CAF
:102D40009BC1583F0D9EC83ED036143F1BF6DD3E5A
:102D500097E7593E6F12333F2899D93FADA2EFBE96
:102D6000BBB12FBF018803BF64B0EF3F7C03033FBB
:102D70009E193E3F7522933E662E133FC4688DBD5B
:102D8000C310FD3D8DFDB9BFE05D13BFBB14CDBECB
:102D90004A87274007C09B3F20C8543F7DBF6A3EFB
:102DA0009FE33DBE22CC50BFE47B14BFEFFA693FE6
:102DB000BB77C1BE0C7B963E13EBAF3FF0762EBFC8
:102DC000514A37BECBCA83BFC0A67BBE566B07BD78
:102DD000EBD2D6BE8E972E3DE267D5BD9E7918BE4A
:102DE0005E16633F5190BCBE4CDF153FE0A0B4BF00
:102DF0004BCCCEBFBDD281BEB6591A3FB626B23E2D
:102E000094C8733F297EE83E8D66AC3EDC9D32BFA0
:102E1000E117C13FE7F692BF4CBA96BE1FA4DBBDD7
:102E2000EE8FA63F0B0FB7BEC9F8723E8B9E873E52
:102E300054E947BEFD5E303D1D528A3C9F1B6BBF6F
:102E40003298973D2CCE1DBFD454573E9E71AFBFD4
:102E5000D91A0B3FF6350CBFE34C6F3F7EC648BF17
:102E6000A9402F3FC3BDDBBEE32487BE5190D6BE31
:102E7000F4EDF83BFCE7E5BCEF5BC2BF47D7E63DAE
:102E8000CCA84C3F289046BFA9BA7ABEBF4EB7BE69
:102E90007A9C2D3FEB0E773E418F0ABE4A291EBF1A
:102EA000D876873F4AC059BDDE69C8BEE66B75BF9C
:102EB000F076C1BEDD75EFBE00ECFF3D08761F3F2A
:102EC000CC73423F42B032BE81E985BF6069C5BE66
:102ED00047CFD7BF1BAC393E5C0D2D3E62444A3F05
:102EE000CCAAA23EC5F80EBF3F2ACC3B4E80ECBE1A
:102EF000AD20803E0C9B643F9F6F38BF402BEBBEE4
:102F0000A6E8C8BED8CC98BF91511DBF77CD733EFF
:102F100012073EBF15D4913F6BFE04BD7608D8BFA3
:102F20009DC4B0BFA85AB5BF69E1553F185C82BEC9
:102F3000088EF4BE8950CC3F8B60593F4396CDBE7E
:102F40004ED5EA3FB246D5BF63198F3F00FD3FBF64
:102F50004794153E33FA283F03AAB53F5937B6BF09
:102F6000EDF892BFFE30D0BFB497433F2A41A4BED4
:102F7000665D8E3D0258153FBA6EC53F14BB9A3E42
:102F8000363FC8BDF840E1BD822820BD1C15163F64
:102F90003BF95BBD4359E43FA82E8E3F933479BF84
:102FA000D7E9A2BE2D2074BF4C96D43E80738E3FCD
:102FB0005A2413BF7642B3BD246097BF1C483EBE5F
:102FC000E94615BFABDA633F2820DE3E9185C4BDDC
:102FD000849C713E2C88C73E1C9FC0BEC4BE193F56
:102FE000DF88283D229C54BF417C583E9E3A7B3E60
:102FF0006FDA19BEBA9812BFD2ED933E3D84A43F5A
:10300000A27F963F2268133FF2827F3FE3C0493F91
:10301000F301873E6F8627BDA44FA13F71BC8DBFD2
:10302000266D233F3CB6313FDD7E98BFB2F4563F5C
:10303000F91A5EBF3E80213F1E9E7F3FAB321E3F8E
:103040009C00223F8B7B1C3E45893A3FF617053F8B
:1030500098916FBE2518FBBE3502C73E536C4EBF1C
:10306000A493953D06B14FBFBAB335BF3DB9193FE3
:1030700040AA993BD11FB4BF47DE7EBE498ACCBE71
:10308000DEC066BF5CAAA83F24FD6BBEEE5C77BFC6
:103090009CEB423F613D853FA10519BF252E65BFD1
:1030A00041A3A8BEA324943F678902BF7F005E3F6F
:1030B0007800943F2F19273FB5902A3FA6073E3E40
:1030C00096F89FBF3A2DAEBD6CD6A3BE1CAC95BE84
:1030D0001E46323F54E089BE8B09BA3F45AF663E7B
:1030E00092D10CBE12DBB8BF0B1EB5BFBFD2EDBE76
:1030F000C2E143BE0025B9BE60F582BEE138E13EC3
:1031000054E108BF4FF9083D3FE99CBEDF9197BFEE
:10311000FF71313F97CCEA3C33909CBF91F8983EC9
:10312000EEC308BF642A0F3F790287BEA9A3723D90
:103130006F338A3E8F813FBFDFD3DC3E968B633E89
:103140006FFC35BFD915EE3E846605BF088D373F4D
:103150004C1F073F7DFE8FBFC6BE96BFB249FC3EE7
:103160007717813EAEE549BCEAC4EF3E719D32BFA0
:103170002A341A3F6F841FBE730C993FDA4B24BF69
:10318000E738993C19B968BF2F416ABFFFC59E3D1A
:10319000A7D3423F0BC39C3FC38D273FB1F42EBE44
:1031A00056FC82BE4E3B13BE4F39413C518A37BF5D
:1031B0006BB70D3F07CAF2BE4B321840D4F75FBF62
:1031C0001E69A13F204AA73FAE2C34BEA0C27DBFDE
:1031D000536DA13FD6B873BE9499163FBBBC873FD1
:1031E000AAC51EBE65AB2FBE4C3CF63EE5FA623E5C
:1031F000CC55A23E09429C3F4ADFB0BEBC204E3EA9
:103200005AD5953E1FA4D8BF895D90BE10654D3E2E
:10321000F5748B3E41D0643F5DB04CBEA55A47BEAD
:103220006D88903F9AFC40BE5685BC3F2B1462BE11
:10323000348A06BE82D0C6BE08D9693F2DE8D2BD09
:103240008AA1FDBE5465AD3E4E0402C06D6EBC3E0B
:10325000BCFC5D3FC553B7BF6F434FBE01C66ABFDD
:1032600019F7EF3F4DCD2C40A640E4BE2056AD3FB0
:1032700057BC77BF9547EE3D8F3795BFEA09F9BE3A
:1032800090CED5BFDF0915BF99AA0A3F5671C2BEBD
:10329000F1766A3EFB7720BF2C0CCB3E51E0EE3D31
:1032A0006AE5493FAE1A4D3F3205A2BB6578A53E9F
:1032B0003EBA8D3E399BF4BF328D1BBEEF9A34BFB0
:1032C000662392BFC6D2F53D423C6DBE75F2C33E49
:1032D0001124E63E0FF40A3FA0128FBE5DB93D3FB8
:1032E000ACF886BE06310DBFF3535C3F3EE291BFA2
:1032F000C4327F3E67954D3F31F2333E12F078BFC6
:103300006EA36A3F853740BFC499523F56DEA23F45
:10331000B57B4E3FFB171B3E1476BB3D7D044DBF76
:103320009D82153ECE2013BFE23A7E3FC7BFB6BD99
:103330003A3090BFE0B84DBFB54B853FD882473F8C
:1033400057D2463F5105153ECCF8F3BD5F40A4BEB1
:103350002821E2BEDB3BA3BEBA4FBBBF6AC9A33E76
:1033600029E09BBEE42335BF481C00C0B0C0A13E8D
:103370004851863F989FAABF75B38A3FB61ADA3D77
:10338000AF41C3BDF4E893BFCAA43C3E8F9A7A3FD5
:10339000D447D6BE4CB2C9BCE1E4513FCA24E33F96
:1033A0002305BEBE95F20ABFB3B3D6BD8F8EA4BEB1
:1033B000475C98BE1ED18EBF061F733EA0BC9D3FCA
:1033C000292676BF28FAA73F4E07A0BF25EA3CBFB3
:1033D000DDB33DBF97A126C0EA83FF3F88C5A0BFEC
:1033E000D405A23F23D65340A063A93FABED063FCF
:1033F0007AC10F404515BC3F02140B40C2BEF23EDD
:1034000029C8DE3DB4E24F3F4A6598BFE96818BF5E
:10341000C135533E24B8CB3D3EE6CF3FCD675DBFBF
:1034200061C7A4BF72861140BE36183F86CEE0BF8A
:10343000D976A3BF2EDBCEBF079875BFE529E7BFBE
:10344000DD7B9C3EB4B12C405038CF3F6B3DF8BE85
:103450008E500040CCBB1B3F64E6833F504FFBBE09
:103460006F08FCBFAAC6B73D71A504BF59A2CBBF68
:103470002B97DB3F9CD521402512C8BF87B5B3BE33
:10348000ED2247C0830AA33FA2F1A73C0D04853F6C
:10349000F6B9D13FD4AD89BF58FA01BF815EC2BF32
:1034A000AD16B0BF70AC03BE47184EC02086DFBE5D
:1034B00026E40B3E98E13ABF170736BF116EA1BF55
:1034C000DE4A1D3F60F7DB3D180B5A3FC8A250BFD4
:1034D000713102C05E04853F144C1940817BC3BD2D
:1034E0001EFFC33EBE790EC0165F8F3FBF5C913F8B
:1034F0006BEB01C05F51B23E2C3EACBF6D0A823F08
:10350000E2B6303F59F0DCBE26D3DFBE6565EA3E49
:1035100015F907BCD7A13DBFF67711407626AEBDA1
:103520001A0D70BFB29DCCBE824162BFBBF0D43ECB
:10353000EE15173EEBCBD83EAF58ED3E9FD40C3F77
:103540003612A4BF904AB43D7C0E32BF22369D3F56
:103550001376BF3EE1ABC03EA4B643BF2784163E00
:103560009CF438BF3904ADBE669DCB3C88ECAABF45
:1035700094543A3FB6E1253FE9E7D13EB2B07BBE75
:103580005A956B3ED839FABDD8E266BF8B257A3F93
:103590001D359B3F334E5C3FD793B1BFDE758E3FE9
:1035A000C811D5BD7F74553F1DCA63BD10BA533FC6
:1035B000A057E13ED240BABDF41E89BEB895733F14
:1035C000FFA58DBEB586CBBD2BA75E3FB7B272BE41
:1035D00062AB9BBE349CABBE80401D3F6601783F12
:1035E0005A5307BFE2DD9C3E49C142BD5CFB523FDE
:1035F000CAFAA4BFEFEEB8BFF10D0FBFFEBC43BFC8
:1036000010D4083F12185D3E1BE4753E48DBE4BE53
:1036100001DAE4BD1A4EE1BE499A34BFB34A1ABF7B
:10362000892207BFE9115B3FDAAE3ABFA50035BE7C
:10363000D8919FBF7B88BEBDED4E09C0DEC77F3FDE
:10364000F5059C3E91808FBF891DFD3F61BB36BF54
:103650008769343FED57F73C8C11DCBF5F6F373F14
:103660002C9F8EBFF677E4BFE163B2BF3AB26F3FE3
:103670005AF514BFEEBB863EAA6E3A3E9B034B3F03
:10368000A8879CBFE739073E314D33BFF941433D21
:1036900000741DBF8CCD3EBF5ACE36BFBAD9DE3FB7
:1036A00017A6EA3C4EF7053DE5B892BFC857933FD1
:1036B0005E60C23E33E1B73E3ED040BF46A235BE5B
:1036C00020CFC0BEA8EE9C3EC0B41C3F1BE0EE3D28
:1036D00000FE1E40FC04763F6B5473BF25A0F0BE75
:1036E000C72C08BF994F063FF77E97BFF42EBBBF8C
:1036F0000AF485BE1F069E3F8D5B17BFABF2BCBFB1
:103700005D784B3E8BB09CBE6988A63E7A6F60BCEC
:1037100012C4143FA0A31BBF0D8B05BF703BAD3E71
:103720008989A6BF35B1F83B84832F3F47D215BEA8
:10373000C0A0B73E1B27B3BED9901E3FC0B0A83F64
:103740002287073F55F2583F8EC3E0BCC4B7113FF4
:10375000F052FE3D54B8873DB2000D3F5CCF573F5D
:103760005F99AFBEC37583BE99B0353D73401C3FB2
:10377000B4E1963E970534BE39FC12BD54048C3F2B
:1037800025C4C7BFA2EF95BEE29E833E519704BFFA
:10379000D946BA3D6801043F676323C07507B63D4B
:1037A00011CDFBBEAABAB1BED8649BBF702B473EF9
:1037B000BCD095BFBD50D0BFD7732C3EE3E4A13F32
:1037C00068E937BE31710ABF68EE4ABF667D2BBF1C
:1037D000B7EBCCBE36B4403FDD72093E58E8363F09
:1037E000DE3734BF9C6ADF3EA0EE323F04392C3E08
:1037F000CE9288BE29F64E3FB9907D3F130CAD3E68
:10380000D67527BF49C5CB3D8B6B933FD14ECABF01
:10381000AA0BEFBF81F24A3EE22C19BF0886C13ED7
:1038200055203E3D1DFBB33E2BD45DBD928A3F3FEC
:1038300065C89ABF90D98C3E92D6843E9640193F77
:10384000D224A43F8DB2F3BF66562CBF7FB2A6BE72
:10385000B84B14BF10731E3FAF0BF8BC3179133F48
:10386000CF2EEC3E200F9ABE77C506BF174CFD3C0D
:10387000AF246B3F48ED153FC8A4D4BFE53EB8BFA9
:103880003DDC90BE6DFAB3BF27CBD9BDA473383FE2
:10389000304EE2BDE73DD93EADFE00C0048A60BFB8
:1038A000F64FA3BF8AA1D63E248FA03E1696B7BF7F
:1038B0001D6215405D16333CD644DEBF8E8E833FBD
:1038C00098CFBDBDAFA475BF2F2C8ABFBA9B733DE7
:1038D000804822BF0EF2D5BEC0A5903FE908F9BED0
:1038E0005B564B3E2D9416BE4202BF3EDF159EBF77
:1038F000FB0081BF05F323BF3DB0573E2DD55ABF16
:10390000FCB5A13EA6EFA3BFD58DB83E756EDCBD5C
:10391000E188BC3E7088083F1D77923E807FD53C91
:103920008F42E6BE6DAC873D343714BF4F76043E00
:10393000493F1CBF97652DBEA8B3BA3DCC8D19BFBA
:103940000796A03EB31265BB6BD9C63F35CE00BF0C
:10395000007DBF3FC2F65DBFE1D6713F0C98103EBF
:10396000725DB9BECB21BFBEEE4A8C3FE1EB87BF93
:103970005FFF32BF8360B4BE5F6A1FBD82FC8F3DB4
:103980000251823FC635A7BC46E204BEBC09B5BEA3
:10399000EDEDA33FF8A9D9BD200288BEFE38013F56
:1039A00035736B3FAD4BDABEAA68C7BEC377413EE5
:1039B0007B3D4A3F2DD2B6BEC793B63D27D7FD3FCC
:1039C0006A7C7DBC4AD226BE6E057A3FFDE8BBBD4F
:1039D000E808C93FA3FD3BBEA8F2023FC3ECC4BB4D
:1039E000AAB8543F65490AC078F68B3E564D01BFD0
:1039F00082D981BEAB8876BFA45ABC3D3C188DBF2E
:103A0000B17EA03D17F491BE4DD407BE22AD9DBF3F
:103A1000A3044C3F1BD8853EC6730D3F2AA416BF96
:103A2000852A2E3FBF7B7C3F1FC7ACBE74CC63BED4
:103A30004026C83F474F8EBF5574B63EE9CD543F30
:103A400046AFE83EB8249C3DD298BCBF4BCFFE3F6A
:103A5000B7CED63F4E8AD2BEBEA285BFE93D373F24
:103A60006849803FDA40FF3D55D1A03FCD92943D5B
:103A70001E78A9BDEEB2433FE677383FCCBF39BFD1
:103A800049DBCF3EE37B65BF8B4A0FBC9310853E7D
:103A900093F9B0BF63BE383FF5DF2CBE975BA7BF7D
:103AA00066728ABD824AA2BFEADA92BF561D6C3D99
:103AB0006C7FFD3DBD325F3E388195BE5D9F583EB7
:103AC00048BC3EBFD74ECEBE23AC18BF49122FBF55
:103AD0000E3F1E3FE5E9443DE51322BCC0DDF23E4A
:103AE0004A6E463F31A2F8BFD141CE3E9ED0593EEC
:103AF000769C07BF6F62973E5862313E9CA7AE3DF1
:103B0000024A873E0AD73CBE677DC83E95BFE53D69
:103B1000D0D08BBD8C75DD3E4CC81D3FB5D17B3EF2
:103B2000D4978DBE5E22313FC832BCBEC6300BBEBC
:103B30007896833B062E903ED3C9A7BF070E95BE4D
:103B40002A536DBFF8C91D3E4112EDBE7C3F313F87
:103B5000FCBB49BFD3F6353F91A02F3F7B3893BEC6
:103B60001678DBBE0863C5BEA8F0F7BEE624833D29
:103B70009752743F062F26BFCCA062BF132333BFDA
:103B800017A7353F12680EBEC58D333FAC9CD33EA0
:103B90006C111ABFD01DD7BE3B8F103FEF761A3F76
:103BA0005CA40BBE3976843D5D005CBEF353343EAD
:103BB000673A9E3E551B943EDBBC9DBE4C68483F19
:103BC000FD6DC83E81106C3E8A10E4BEB4185E3EA6
:103BD000D5FB663F1D5BBE3E60FB60BE94E821BF27
:103BE000154BA53C7FF4AFBD7614CC3EE709543F9E
:103BF00096A4DCBBEF0997BEFC2C04BFE19869BE1C
:103C000095EF9BBE934578BF6A73663FFE2FA5BDB7
:103C10002AEE01BE048B173F8C1711BD5409D6BE86
:103C2000140DA13F0F8C5DBF311BDDBFF026AB3EF5
:103C30002737B9BE9E90863FD8ED9EBF8DCCC63D3E
:103C4000BD569B3FE71215BF7ED5C4BE545CBB3C3E
:103C5000371102C0C301E33E9C2D53BEA42FC4BE46
:103C60007E8F6CBF2C8FEFBEBAB61FBF7D27FABF09
:103C700061F1CB3FC9F3E5BE0C440E3F4185CB3F1C
:103C8000E4FE693E16A2983F3BBFD9BFA77B38BB75
:103C9000C7E034BF839C11BF3D751CBE3B6C68BF41
:103CA000598D043F0D5B623F9DD0D9BFF0BBAF3D46
:103CB000BC3AE1BF454311BF3F08D0BFD97D0EBF1D
:103CC000BF11F93F6D236FBF4CFDA0BFCE038C3DEC
:103CD0008D4298BF3ED5433D55A592BFD3F4C0BE9B
:103CE000166FE83E187A343D1BB3C83ED991833E27
:103CF0008941E3BD1C72E3BDC0243FBF22F107BC74
:103D00003177603D5EA112BE45633F3F5A7876BE73
:103D1000FFA9B33F73B19BBE6D02C33F6605A9BF48
:103D200026DE98BFEAA2A9BFF085893FEBED93BEDE
:103D3000CE34ABBFAB86183F2F4D3EBF61854F3EA3
:103D4000C7FDC5BEA94904BEC2C83ABEBD21BC3E1E
:103D50001F8ACBBF65214DBFA172A93EC30C57BEC0
:103D600096DB56BCC4F58CBE6D6C653E749376BF15
:103D700082CBBCBECD52273F7437C43DC8EBA1BE39
:103D80007693C2BFA115C13EF4AE06BFA882B8BEED
:103D90001921AA3DC631E73EF8CF31BF123F2D3E73
:103DA000DF5951BD16894BBFA0FF3F3DA4B083BF73
:103DB0001D509DBEDD17BDBD05FB8B3FAF78A6BE78
:103DC0006DF9E43E650D4CBD1DB3573F37B5383E28
:103DD0006D4C7BBDAFDEF53DE70C4C3F9A6A983FDA
:103DE00085418DBD15E2103F2F958ABCD702DBBE01
:103DF000AE4613BE6271663F461F56BF9FF01C3F22
:103E00009910A93E1FAB92BE74C34BBFA74846BFD3
:103E1000D17598BEB28D49BFBA6401BD6E9739BEE7
:103E2000AD8A183FE085ABBB185216BF85332E3FD5
:103E300082AE3A3EAC4402BD1111313E3063CF3EFA
:103E40002B34C13F6FD04FBFFA416BBF1954F4BE42
:103E5000338FC33D90B759BF80539B3EABDCEF3EE1
:103E60005CEC1DBFD61D0D3F3C3EED3D61E5EC3EDB
:103E70003C1D0A3EA0DA25BECB834C3F9B6C81BF24
:103E8000902B69BFADCE10BE55F1593E8576573F98
:103E9000FA4CA43E1F6BC93DA00CEF3E74A6C3BBF9
:103EA000503083BC335993BEDCB4723E7C6141BF59
:103EB000998672BFFE7F633EF2056CBF9FF561BDC0
:103EC000065CDABF3C29303F9BC8A2BF3DFB00BF68
:103ED00042515DBF07D473BEB841DCBDC74CDBBEE9
:103EE000B4D6133F548FA53FCC822BBE5DB9723F31
:103EF000C961CB3E35131A3E0885943FCD00AE3ED6
:103F000027B51ABF4A77DB3EF6822BBEFAD09DBD9D
:103F10001830313F58C58E3FAB68653DE1D5393E1D
:103F20008CCF95BF532A9C3F34ED853F8396D53E79
:103F30008EDA903FA0D7F8BC4F03DDBF1A8C1DBFAF
:103F40000C1985BF65D7DFBE3D3DECBF4396A43F4E
:103F50007CA293BFBAF08D3E70C9363CD2323B3F53
:103F60004FF23D3F416749BF0F6EECBEDF9054BE3C
:103F700046771C3F6EE6633FB66179BF5CEC7DBF60
:103F8000E160403F5BF55A3F15D4323FFCA6E63B6B
:103F90006C9B433FAA23AB3FB2C505BF1D04D8BFEE
:103FA000E0BADABF0D4E35BF20816ABFB45F43BFB0
:103FB000B02A893F0898C53F1F60883F30DF953F92
:103FC00042DB993F68A8CDBECFF138BFDBEF843F1D
:103FD0008D723A40C9FF803D02E741BF6838143F07
:103FE000F88AE43E6FADBD3F86B7EC3DD1F36CBFC0
:103FF0001606D93E2A06933F95FD353FE7DB52BFB3
:10400000187D49BEAA4F043FC8693BBF9B789D3FBE
:10401000406F97BD55314A3FDA787BBFFFB313BF7E
:10402000382CAA3F2285973F8458BEBFCB8DC33E14
:104030006EDECCBE3D3F17BFCBC698BED64B573FBA
:10404000480A143F6095183F0FE119BFD19A373ED7
:10405000226F2B3DF9788FBE8DDD6C3FC6FAD5BB44
:104060007160B13D41A798BFCE7E5BBF646E32BF29
:1040700003DD99BF312104BF576E6E3FC4DE053D9D
:104080003C70AFBCDB2E3A3F785B44BEBFDCA9BFBF
:104090009977FF3E601D723EDB33DF3F1BC684BF56
:1040A000F956CE3F0E9102BF7B5325BF3D3E2A3FBE
:1040B000A6DD62BFB7C64D3F1A37FD3EC922BE3EE0
:1040C0006B5C96BFCFCC07BFCC06503D5D5689BF19
:1040D00001D40ABF3BBC1BBFE55421BFCD768ABFCC
:1040E0001F22A2BE7C602A3FCF7E153F8CE2D73EC6
:1040F000123053BF88DEBFBD236423BFE74AB53EFD
:10410000402AA8BF6308AF3B4AFEA2BFBB9A8DBF3F
:1041100013E9EE3B749380BF6F4B3EBF11C6C8BE20
:10412000260006BFC7D782BE7FA7F4BE898FB1BB6A
:10413000D5DB06BFB3DFFDBFF3C3BE3F3DF30A3F90
:10414000E82C723EBB56EE3E312A88BDECBDDBBE8C
:10415000C33C08BF22AC40BE82E166BD0BEF31BF5D
:10416000817E1C3F956E0D3F1677363FCEEA35BEF9
:104170005FC35CBD41A02CBE2DEA003FB1C4B33C7F
:104180004A58443E9C9D633EE3CE3CBE02CAE03E9C
:10419000930FA7BFE80359BFBE6396BF9F6DD4BE00
:1041A000E60BBABF16EEDEBEF3C9FA3DDFD7DD3E41
:1041B0001989023F21AB8EBFDC56F83E635E7E3F1D
:1041C00078AE42BF14D373BFDAD5EABEC6CC353D54
:1041D00020B5E33E4B0337BFC43FB2BF184102BF17
:1041E000EC1F083F2002253CACA0453F118AC9BF07
:1041F000875B39BF71FE02BF3549033F082A493F3B
:10420000B294E53E472E903E2F8F1C3F5DCC1BBFE6
:10421000D3E869BEF700D43DF89E83BE81BB1D3E46
:10422000429DAD3E2404CBBE1E1AC63F8CBB30BEA1
:104230001AA4223F0AAF31BF23AA8FBE1FF7E0BEE8
:104240007E56FABE9594363FC5823FBFC1F3393FD3
:104250004D6BBF3FF48B3C3F7E969E3CEB61813EB5
:10426000D58284BD0AA3053FCC6B413FDBDC343EE5
:10427000D60960BF67185CBDD513533F592E273F41
:1042800044D99D3F44CFDEBD4313A93F45FAB1BE9B
:104290002BE8B6BEA634DC3E614D9F3D8897AD3F0E
:1042A00030737C3FBA40DFBE53C08CBEBB59B73FB2
:1042B0000C150B3F4C7AFD3E288808BF537B4DBE42
:1042C000D06A45BEF3EAAD3F1F49A53F28EF293F1D
:1042D0009836EC3ED525B9BDE9D3EABEBB76283F7A
:1042E00024AD42BF9CFA323F11C2EDBFA485943E7B
:1042F000CD1E9C3D49217D3FC3031E3CDAAF1FBD4F
:10430000E5185A3FADC864B567E0FF3FFD1489BFAB
:104310004EBFDC3E43DF23BF2060F53E154096BF15
:10432000444C85BDB13ACE3EF04EF2BF9A1D933E4D
:10433000EFCBFDBED800A8BECD151CBFF355213F65
:104340008903A03F84A5DA3DC217673FC285FABF43
:104350005DEADE3D804396BEBFB9D1BE0C30C2BD22
:1043600024E82BBF06FE003FFAD056BF56790ABF9D
:104370008F4CAFBE8EA1A3BF6CA8B83DF38F22BFF8
:1043800071AA08C04B293ABFFA8C47BF9681C4BEB8
:1043900034EF8EBF87E50F408A039ABF7D8BC23F03
:1043A000334E0ABF12250F40B9127EBE7241B1BF13
:1043B00062341C3E013AD9BD6EDD833F0790C03E9A
:1043C000AC928FBF18D849BFBE888E3ED273B8BE9C
:1043D0001366243D446A04C0BE447CBFBA9C703F4F
:1043E00029E09E3D3393D33F389AB4BF66320ABF6B
:1043F0003225B0BF2C099C3CF22ADABE9FD4FB3F89
:104400001DDB37BF3BD8DB3F0B3B80BE0DAF4DBF45
:10441000C213533F84A81A3F5C548A3E6E5F5FBF4D
:104420003D522A3F654D9E3EBEFCCBBE7A8E4D3F2F
:10443000DB82B53F1D900BBF21B071BFF09D70BFF7
:1044400013F2703FE4DC573FC87C163F5151513F97
:10445000855DE6BEBA9C5BBD288F8A3FBD6B553F2C
:10446000DD25FDBEB7FF223E644F90BFAECD023FBB
:10447000806AADBF2E89A3BF21F33F3F7551AABE0D
:104480001850A83EFB4744BFED0F37BEE4CF523F64
:104490001D7B8E3ED33494BE052130BFE372943F22
:1044A0000DE1CA3EB82283BEEAA5B93F0F22FE3E07
:1044B000F70486BFDEABA3BF16AD9C3E42EF4DBEF8
:1044C00063CA01BF6561913F5DC20BBE967574BE44
:1044D0003616FCBBDC20BF3FFD632C3FEBB88EBF24
:1044E000589F26BFBE658D3F81193DBDE163F03EFB
:1044F00016B1903F4BAEA13FE6A5973F5A09F83E53
:104500000059ABBF53A6C13D549F883F9E7A70BFF0
:104510004FD6B9BF8E2E413ECB3D5E3F7FDB503F35
:1045200050D9BEBF4CBE8BBE72C7A53E32C2F7BFCC
:10453000A41CE4BFCA33F33F0BD1C4BF742472BFC1
:10454000AAAB2EBF01DF6E3F8A06EA3F1AEB2EBFF1
:1045500077F013BFCCC8803EE1D9CE3ED11E9F3F3D
:10456000B925B83E76F80ABFB588A7BF6585F2BF02
:10457000E3ECCCBF4C4A983F1E8E5A3EEF3C3D3F89
:1045800047CE233FC5FC133F0197433F123AE7BE96
:1045900093A479BEE43446BFCACD5A3E9DEEB9BF5E
:1045A0001EAB6E3F6BA6BEBD4699DEBF111A1DBE87
:1045B00060EA8CBF153B9FBE4FA5173FE94908C075
:1045C0002D30DC3E7C7AC6BF9F7BB73EEE4EA5BF4A
:1045D000174C993F5C4BE33FED906B3F8CEE89BEEF
:1045E000DA19603F3F37183FF33DBFBF1C701F3FD4
:1045F000C32C92BF799DD3BEAE8E9ABF3EFBD4BE74
:1046000094038FBED5232B3EA5D7A33C8BDB8E3DD9
:104610005CD1BF3E8EB9E9BDDBA75ABD2F3AC43D80
:104620005CB2A5BCDCB1FFBD87E8633C9B460C3E99
:10463000688849BD321FC73E0BFD61BD9593C13EE1
:104640001C3A943B635B8A3DA8BB9EBC84DF24BDBF
:104650003E3DFA3D0FA85BBC389CBF3EBC1FA1BCD1
:10466000CD2726BD6EC0223E1414F8BC425EF63C37
:104670006DE964BDB84B093C74E14ABD794424BE80
:1046800017EFC73DE23A833D4D0EC8BDE7361A3EEF
:10469000235CE43D17DB86BBD900593E8B9B57BD9D
:1046A000938F4F3E2CF3ADBC7778573E9D9E263DB1
:1046B000E1AE14BE324C22BE13FE9BBED60FCE3FDF
:1046C000EB0C61BD39650DBE19F1FFBC77E680BD0D
:1046D000DFAE27BEC30B0F3AE5FF14BB98A840BD61
:1046E000F0EA92BD7391813D885ADB3EEDD4DEBD88
:1046F0008079BEBD919116BEACBAA3BC79A7FCBDB2
:1047000089EBA53D30A43A3D2EA294BEB441C33DF1
:10471000E9D3DD3DF141983D9C8690BDA1B426BD15
:10472000F906393DCF52913D668DF4BBABC5AE3D28
:10473000983DC73C130904BF59300EBD9F7B4DBD4A
:1047400063B70EBCD3CAA1BD8E7A8A3DA85F053E71
:10475000F07F11BD7D673D3D1D9C1ABA962B6E3CC6
:10476000B0F7FE3D9C20A4BED34311BDE5468BBDF2
:104770001AD07ABD4160AA3C9E87D13DA660C73D54
:104780004432843D10114F3DD37363BBC6105F3D6F
:104790000AC8A6BD3A027E3DC7EAADBE13AD3ABE19
:1047A000372B6EBE6E77933DC79056BD4F02463D88
:1047B00027CEC9BD679D5FBCD2F50C3EE2F298BF23
:1047C00091B0A23DE7FCA13E4817323D20B787BD1E
:1047D000CC6CC0BD9EBE8EBC70B3D2BD1C16163E46
:1047E00003C5823CDC7C9FBBF123AA3D16A9973D03
:1047F00037A9093EF88F803DDFFB71BE3F0986BCBB
:10480000CCE5063E93678C3ECCAC0BBD9F5A94BD65
:10481000291C80BEF987F3BE943205BB75486B3DF9
:1048200077E2533D4409C23BBDC6C03DE658D3BD07
:1048300004071EBE6E08C1BEFA9BC9BD07BE0B3E73
:104840002CAB413C25430ABEC136A4BD1D7FE2BD51
:1048500004C270BD5F0D183E782C6ABFD28FFEBDBA
:104860002EA86CBCF72E0EBF291AD43CAF0025BD74
:1048700027EE3DBD91A4BD3E53230EBE40BB5A3D25
:104880003A65803D25F994BD51F9C9BC5B50053DA1
:104890009174003E082C5C3DE91CCFBC2065E63ECF
:1048A000831E8DBEC0C0BBBD2608FA3D136CDFBDA4
:1048B00099BDE3BB2A91C83D6D1F5EBEED1A91BF45
:1048C000E8D9863D13EC683D1AE4A13DC83A5ABECA
:1048D00025131F3EF643053ECFB21DBD2548063EBB
:1048E0002E62D9BDB450183D37C8153E8D3F363CB9
:1048F0007E9009BD6078D13C1648E9BD2C43033E4B
:10490000B9E9BD3D698B08BF3ABD833EBED57F3D49
:104910000571103EA658F13ED579443D34157DBD54
:104920009016CE3DEF4A90BDE7B12CBD27EAEDBD14
:10493000835DBDBDA833DE3E02F50739FA14F5BE2E
:104940009ED98BBD0641183EF1D78A3D33D4663CD3
:1049500008A28A3C81283BBE646A213FEE6CF73D89
:10496000BEF0C8BDA940FE3EE59C7F3D14B1B7BD79
:104970003BCA66BDACAD01BF4361663EC028E8BD21
:1049800094F0623E1C38583D45DB403DB94F93BE24
:104990000B3E95BE8A7EC63D8D2CA4BDE9DBB8BE1C
:1049A000AB04903E4792903DA3E989BE269AEC3C29
:1049B000625975BCBAC419BC40A9083F9519A03EFC
:1049C00033BB873D6FA9C7BD69A349BB5410073EE0
:1049D00034924ABD1ED020BE4BCBCC3D582601BEE2
:1049E00015214A3E3362573D87F769BFE3FE783CA5
:1049F0002A75B1BD73AECEBDC425DC3EE82D05BE23
:104A00005142BDBD591884BD0F142B3E71CB24BE3D
:104A1000D1D0D03DD1D0D03DD9D8D83D8988083E1D
:104A2000C1C0C03DC9C8C83DD1D0D03DA1A0A03DA6
:104A30008180003D8180803D8180803DD1D0D03D0E
:104A4000D9D8D83DD1D0503DA9A8A83DF1F0F03D2E
:104A5000C9C8C83DD1D0D03DE9E8E83D8180003EDD
:104A6000F1F0F03DF1F0F03DC9C8C83DD9D8D83DCE
:104A7000D1D0D03DB1B0B03DA1A0203E8584043E50
:104A80008180003EF1F0F03D9594143ED9D8D83D98
:104A9000E9E8E83DE9E8E83DD1D0D03DE9E8E83D86
:104AA000C9C8C83DD9D8D83DA9A8A83DE1E0E03D96
:104AB000B9B8B83D8988883DB1B0B03D9998183EE5
:104AC0008988083EB1B0303D9998983D8180803DFD
:104AD000D1D0D03D8180003EB9B8B83D9190103E14
:104AE000D9D8D83DA1A0A03D9998983DD1D0D03D2E
:104AF000F1F0F03D8180003E8180803DB9B8B83D45
:104B0000C1C0C03D9998983D9998983DA1A0A03DFD
:104B1000B1B0B03D9190903DF9F8F83DC1C0C03DB5
:104B2000F9F8F83DA1A0A03D8988883DB9B8B83D05
:104B30008988883DE9E8E83DC9C8C83D9190903D25
:104B4000E1E0603D8584043ED1D0503DB1B0B03D40
:104B5000D1D0D03DD1D0D03DF9F8F83DA5A4243E28
:104B60009998183EC9C8C83D9998983DC1C0C03DA4
:104B70008D8C0C3EA9A8A83DF1F0F03D9998183E07
:104B8000C1C0C03DD1D0D03DA9A8A83DC9C8C83D2D
:104B90008988083E9594143E9594143E9190103E59
:104BA000A1A0203E8584043E9190103EF1F0F03D9E
:104BB000B9B8B83DB1B0B03DB9B8B83DD9D8D83D15
:104BC0008D8C0C3EC1C0C03DC1C0403DB9B8B83DA0
:104BD0009998183E8180003EF1F0F03DC1C0C03D83
:104BE000A9A8A83D9190903D9998183EA1A0A03DFC
:104BF000D1D0D03DB1B0B03DA9A8A83DC1C0C03D05
:104C0000B1B0B03DD1D0503D8988883DB9B8B83DEC
:104C1000A9A8A83D8180003D8180803DB1B0303D94
:104C20008988883D8180803DA1A0A03D9190103D64
:104C30009998983DE1E0E03DE1E0E03D8180003D74
:104C4000A9A8A83DB1B0B03D9998983DD1D0503DAC
:104C5000F1F0F03D8988883DE1E0E03DA9A8A83D5C
:104C6000E1E0E03D8584043EE1E0E03DA1A0A03D1F
:104C7000F1F0F03DA9A8A83DB1B0B03D8584043E57
:104C80008180003EA9A8A83DF1F0F03DC9C8C83D0B
:104C9000F1F0703D8D8C0C3E8180003EC9C8C83D4E
:104CA000BDBC3C3E9998183E8988083EB9B8B83DCD
:104CB0008180003EC9C8C83DF1F0703DB1B0B03D43
:104CC000F9F8F83D8180003E9190103E8584043EC5
:104CD000C9C8C83DA9A8A83DF9F8F83DC9C8C83D4C
:104CE000A9A8A83DD1D0D03DF1F0F03D8180803D14
:104CF000E9E8E83D8988083EF1F0F03DA1A0A03D3B
:104D0000D9D8D83DD9D8D83D9190103DF1F0703D1B
:104D1000E1E0E03DE1E0603DF1F0703D9190103D5B
:104D2000D1D0D03DB9B8B83DA1A0A03D8988083EFA
:104D3000F1F0703DA1A0A03DC1C0C03D9190903D5B
:104D4000E1E0E03DB9B8B83DB1B0B03DB9B8B83D6B
:104D5000C9C8C83DE1E0E03DA1A0A03DA1A0A03DA3
:104D6000D1D0D03DB9B8B83DC1C0C03DD9D8D83DEB
:104D7000A9A8283EB9B8B83DE1E0E03DB1B0B03DEA
:104D8000C1C0C03D8180003EF9F8F83DE9E8E83D4A
:104D90008D8C0C3E8988083EF9F8F83DF9F8F83D0D
:104DA000B1B0B03DD1D0D03DF1F0F03DE9E8E83D03
:104DB0008988083EB1B0B03DA1A0A03DC1C0C03DB2
:104DC0009998983DE9E8E83D9594143E8584043E21
:104DD000A1A0A03DF1F0F03D9D9C1C3ED1D0D03D66
:104DE000D9D8D83DA9A8A83DF1F0F03DA1A0A03D9B
:104DF000E1E0E03DE1E0E03DB1B0B03DC9C8C83D13
:104E00008584043EF1F0703D8180803DE1E0603DAD
:104E1000A9A8A83DD1D0D03D9998983DC1C0C03D2A
:104E2000A9A8A83DC9C8C83D8180803D9190903D0A
:104E30008988883D9190903DD1D0D03DC1C0C03D82
:104E40009998983D8988883D8988883DA9A8A83D7A
:104E5000D9D8D83DE9E8E83DD1D0D03DD9D8D83D22
:104E6000D9D8D83DA9A8A83DA1A0A03DF1F0F03D1A
:104E70008D8C0C3EE9E8E83DC9C8C83DE9E8E83D4D
:104E8000C9C8C83DF9F8F83DB9B8383E9190103E10
:104E90008988083EB1B0303EB1B0303EA9A8A83DE7
:104EA000A9A8A83DE1E0E03DF9F8F83D8180003E89
:104EB0009998183EE9E8E83DF1F0F03DE1E0E03D89
:104EC000E1E0E03D9998983DB9B8B83DE9E8E83DA2
:104ED000F1F0F03D8D8C0C3EB9B8B83DF1F0703D6D
:104EE000D1D0D03DB1B0B03D9998183EC9C8C83DA9
:104EF000F1F0F03D9594143EE1E0E03D8584043E00
:104F0000D9D8D83DA9A8A83D8988883DB1B0B03D81
:104F1000E1E0E03D8584043EC1C0403DA9A8A83D34
:104F2000E9E8E83D9190103EF9F8F83D8988083E9F
:104F3000C9C8C83DA9A8A83D8180803DF9F8F83DC1
:104F4000B1B0B03D8988883DA1A0A03D9190903D31
:104F5000E9E8E83D9190103EF1F0F03D9190103E6F
:104F6000D1D0D03DF1F0F03DF9F8F83D8D8C0C3EFC
:104F70008988083EA5A4243EE1E0E03DD1D0D03DA3
:104F80008180003E8584043E8988083E8584043EF5
:104F90008D8C0C3E9594143E9998183EB9B8B83D46
:104FA0008988083E9998183E8584043EE9E8E83DE2
:104FB0009998183EF1F0F03D8180003E9998183E96
:104FC0008988083E8180003EC1C0C03DE1E0E03DEF
:104FD0008180003EF9F8F83DE9E8E83DA1A0A03D58
:104FE0008988883DC1C0C03DC1C0C03DF9F8F83DC9
:104FF000D1D0D03DC1C0C03DA1A0A03DB9B8B83D01
:10500000B9B8B83DD9D8D83DA1A0A03DC9C8C83DC0
:10501000F1F0F03DF1F0703DB9B8B83DE1E0603D30
:105020008180803DD9D8D83DD9D8D83D8D8C0C3ED3
:105030008584043E8180003EE1E0E03DC9C8C83D72
:105040008D8C0C3EE1E0E03DB1B0B03D8988083E7A
:10505000C1C0C03DE1E0E03DC1C0C03DB1B0B03D28
:105060008D8C0C3E8584043EE9E8E83D9190103E2D
:105070009998183EF1F0F03DB1B0B03DC1C0C03DCF
:10508000D9D8D83DF9F8F83DC9C8C83D9190103E2F
:10509000A1A0203E9998183E9190903DA1A0203E5D
:1050A000F9F8F83D8584043E9998183ED9D8D83D42
:1050B0009998983D8180003EA9A8283E9594143E79
:1050C000E1E0E03DA9A8A83DB9B8B83DA9A8A83D30
:1050D000F1F0703DA9A8A83DD1D0D03DE1E0E03D80
:1050E000D9D8D83DD1D0D03DA1A0A03DA9A8283E77
:1050F000A9A8A83D9998983DE1E0E03DD1D0503D68
:10510000A9A8A83D9190903D9190903DA1A0A03D6F
:10511000E1E0E03DF9F8F83DC1C0C03DE9E8E83D17
:105120008180803DF1F0703DE1E0E03D8180803D97
:105130008988883D9998983DC1C0C03DC1C0C03D97
:10514000C1C0C03D8D8C0C3EB1B0B03DB9B8B83DCA
:10515000F1F0F03D9998183EC9C8C83DC1C0C03DA6
:10516000F1F0F03DD1D0D03D8180003E9594143EC9
:10517000D9D8D83DD9D8D83D8180003E9998183EDD
:105180009594143E8584043E9D9C1C3EA1A0203E27
:105190008180003E9190103E9D9C1C3EA5A4243E23
:1051A000C9C8483EA9A8283EC9C8483EA1A0203E7B
:1051B000C9C8C83D8584043E9594143EF9F8F83D6D
:1051C0008988083E9D9C1C3ED1D0D03DD1D0503D19
:1051D0009998983D9998183E8584043EE1E0E03D19
:1051E0008988083E9998983D9190903DC1C0C03DF6
:1051F0009998183EF1F0F03DB1B0B03DE1E0E03DEE
:10520000E9E8E83D9998983D9998983DA1A0203DFE
:10521000B1B0B03DE9E8E83D8D8C0C3E8584043E9C
:10522000D1D0503D9998983DB1B0B03DD1D0503DCE
:10523000A9A8A83D9190903DB9B8B83DE1E0E03D06
:10524000E9E8E83D8584043EA1A0A03DA1A0A03DE1
:10525000D1D0D03D8988083EC9C8C83DC9C8C83D1D
:10526000C1C0C03DE1E0E03DF1F0F03D8180003E95
:10527000F9F8F83DA1A0A03DD1D0D03D9190103ECD
:10528000A5A4243ED9D8D83D9998183EB1B0303E57
:10529000B9B8383EBDBC3C3EB9B8383EE1E0603EEE
:1052A000ADAC2C3EE9E8E83D8D8C0C3E9D9C1C3E4F
:1052B000E9E8E83D8988083E8584043E8180003E17
:1052C0008180003EA9A8283E8584043ED1D0D03DEF
:1052D0009594143EB9B8B83D8180003EF1F0F03DA0
:1052E0009998983DA1A0A03DA1A0A03DA9A8A83D46
:1052F000A1A0A03D8988883DD1D0D03DD1D0D03D5E
:10530000A1A0A03DC1C0403DB9B8B83DE9E8E83D25
:10531000F9F8F83DB1B0B03DB9B8B83D9190103E44
:10532000C1C0403D9998983DB1B0B03D8988083ED4
:10533000E1E0E03DB1B0303D8180803DD9D8D83D3D
:10534000F1F0F03DF9F8F83DE1E0E03D9190903D5D
:10535000B1B0B03D8988083EE9E8E83D8D8C0C3E4F
:105360009190103EF9F8F83DF9F8F83D8D8C0C3E1F
:105370008988083E8D8C0C3E9D9C1C3EF9F8F83DBA
:105380008584043E9594143EF9F8F83D9190103EC2
:10539000CDCC4C3EC9C8483EA1A0203E9D9C1C3EA1
:1053A000CDCC4C3EA1A0203EB9B8383EB9B8383E6D
:1053B000B9B8B83D9D9C1C3E9D9C1C3EE1E0E03D83
:1053C0009594143EF1F0F03D8D8C0C3E9998983DEB
:1053D000D1D0D03D8180003EF1F0F03DF1F0F03DC4
:1053E000C1C0C03DC1C0C03DF1F0703DB9B8B83DCD
:1053F000D9D8D83DB1B0B03D8988883D8584043E78
:105400008584043EC9C8C83DD9D8D83DA1A0A03DD7
:10541000B9B8B83DC9C8C83DA1A0A03DD9D8D83DAC
:105420008180803DE1E0E03DA1A0A03DE1E0E03DE4
:10543000F1F0703DC9C8C83D9998183EE1E0E03DE3
:10544000B9B8B83DE1E0E03D8D8C0C3EF1F0F03DA7
:10545000D1D0D03D9594143E9998183E8988083E45
:105460008180003EF9F8F83DD9D8D83DD9D8D83D4B
:10547000B9B8B83DC9C8C83D9998183EC5C4443E9E
:10548000A9A8283E9594143EA1A0203EA5A4243EA0
:10549000B1B0303E8180003EA9A8283EB5B4343E6C
:1054A0009D9C1C3EBDBC3C3EB9B8383EB1B0303EC0
:1054B0009998183EB1B0303EADAC2C3E9998183E4C
:1054C000B1B0B03D9190103EF1F0F03DC1C0C03D93
:1054D0009594143E8988083E9594143E9594143E04
:1054E0009594143EF9F8F83D8180803D9998983D57
:1054F000E9E8E83DE9E8E83DD1D0D03DD1D0D03D64
:10550000C1C0C03DE1E0E03D9998983DC1C0403D3B
:105510009998983DF1F0703DC1C0403D8180003EBA
:10552000E9E8E83D9190903DF9F8F83DE1E0E03D93
:10553000C9C8C83DA9A8A83D8988883DE9E8E83DD3
:10554000E9E8E83D8180003D9190103EADAC2C3EF5
:105550009998183EF1F0F03DA1A0203EA1A0203E78
:10556000F1F0F03DA1A0A03D9594143EB1B0303EC5
:10557000A1A0203EA5A4243EA5A4243EB1B0303E67
:10558000B9B8383E9D9C1C3E8584043EB5B4343E7B
:10559000C9C8483ED1D0503EC1C0403EB5B4343EEB
:1055A000A5A4243E8988083E9998183E8D8C0C3E0F
:1055B000ADAC2C3EA5A4243EC1C0403EA1A0203EDF
:1055C000E1E0E03DA1A0203EA9A8283EA5A4243EFC
:1055D0009998183EC9C8C83DC9C8C83DD1D0D03D6A
:1055E000C9C8C83DC1C0C03DB9B8B83DA9A8A83D0B
:1055F000D9D8D83D8D8C0C3E8584043EB9B8B83DD1
:105600008988883D8180803D9998983D8180803D42
:10561000B9B8B83D9190903DF1F0F03DB9B8B83DC2
:10562000B1B0303DA1A0203DC1C0403D9190903D22
:10563000B9B8B83DE9E8E83D9190903D8988883D4A
:10564000B1B0303D9998983D8584043E8D8C0C3ED8
:105650008988083EA5A4243E9594143E9190103E5E
:10566000B1B0303EA1A0203EC1C0403EF1F0F03DBF
:10567000ADAC2C3EC9C8483ECDCC4C3EE1E0603ECE
:10568000C9C8483EDDDC5C3EE9E8683ECDCC4C3E16
:10569000C1C0403EB9B8383EC5C4443ECDCC4C3EF6
:1056A000B9B8383EB5B4343EADAC2C3EC1C0403E76
:1056B000B1B0303E8D8C0C3EE9E8E83DE9E8E83DCC
:1056C000B1B0303E8584043EC1C0403E9190103E52
:1056D000D1D0D03DB1B0B03DC1C0C03DE9E8E83D5A
:1056E000C1C0C03D9594143E9D9C1C3E8988883D58
:1056F0008D8C0C3EE1E0E03DE1E0E03D8584043E40
:105700009998183EC1C0C03DC1C0403D8988883DC0
:10571000B1B0B03D9998983DB9B8B83DC1C0C03D51
:10572000B1B0B03DB1B0B03DD9D8D83D8584043ECC
:105730009998983DD1D0D03DE1E0E03DD1D0D03D29
:10574000C1C0C03D8988083EF1F0F03D9998983D70
:105750008988883DE9E8E83D8D8C0C3ED1D0D03D6C
:105760009998183EB9B8383E9190103EB9B8B83DF6
:10577000C9C8483EBDBC3C3EC9C8483EE1E0603EA9
:10578000C1C0403EC5C4443EEDEC6C3ED1D0503E5D
:10579000E9E8683ED1D0503EC1C0403ECDCC4C3E41
:1057A0009594143EADAC2C3EB1B0303ED5D4543EB1
:1057B000D9D8583EB1B0303E9998183E9D9C1C3EB9
:1057C0008180003E8584043E8584043ED1D0D03D56
:1057D000F1F0F03D9998183ED9D8D83D8180003E2F
:1057E000E9E8E83DC9C8C83DE9E8E83DE1E0E03D59
:1057F000F1F0F03DE9E8E83DF1F0F03D8180803DD9
:10580000E1E0E03DB9B8B83DE9E8E83DE1E0E03D80
:105810008180003EB1B0303DC1C0403DC1C0C03DFF
:10582000B9B8B83DA9A8A83DF1F0F03DC1C0C03D50
:10583000A1A0203DC1C0C03D9190103E9190103E6E
:10584000D1D0D03DB1B0B03DA9A8283EE1E0E03DC7
:10585000A9A8A83DA5A4243EB1B0303EBDBC3C3EA5
:10586000A1A0203E8988083EB9B8383EBDBC3C3E68
:10587000BDBC3C3EBDBC3C3EE1E0603EF1F0703E54
:10588000E5E4643EF1F0703EBDBC3C3EE9E8683EB4
:10589000E5E4643ED9D8583EE5E4643EF1F0703E5C
:1058A000DDDC5C3EC1C0403EB1B0303EC1C0403ED8
:1058B000C9C8483EC5C4443EADAC2C3EADAC2C3E40
:1058C000ADAC2C3E8D8C0C3E8584043E9190103EF8
:1058D000B5B4343E9190103E8988883DE9E8E83DB2
:1058E0008988883DF1F0F03DA1A0203E9190103EC6
:1058F000D1D0D03DF9F8F83DD1D0D03D9998983D20
:105900008180003EE1E0E03DB1B0B03D9998983D26
:10591000F1F0F03DC1C0C03DC1C0C03DA9A8A83D47
:10592000F9F8F83DD1D0503DE1E0E03D9594143ECA
:105930009998983DE1E0603DC9C8C83D8180003E2E
:105940008988883DB1B0B03DF1F0F03D9594143EAA
:10595000F9F8F83DE9E8E83D8584043EA1A0203E41
:10596000BDBC3C3EC1C0403EC5C4443EA9A8283E83
:10597000E5E4643EE5E4643ED9D8583EE5E4643E9F
:10598000F1F0703E8786863E8180803E8382823E33
:10599000EDEC6C3EE9E8683E8988883EF1F0703EA7
:1059A0008786863EF5F4743EEDEC6C3EC5C4443EFD
:1059B000A5A4243EA9A8283ED1D0503EC5C4443E4B
:1059C000B5B4343EC1C0C03DA1A0203E8584043E94
:1059D000B1B0B03DD1D0503DD1D0D03DB1B0B03D4F
:1059E000D1D0D03D8180003EC9C8C83DA9A8A83DFE
:1059F0009998983DC9C8C83DC1C0C03DA9A8A83D57
:105A0000E9E8E83DB1B0B03D9998183ED9D8D83D05
:105A1000D1D0503D8180803DF1F0703D9998983D06
:105A2000C1C0C03D9998983D9190903D8D8C0C3EA1
:105A3000A1A0203E8584043E8180803DC9C8C83D28
:105A40009998183E9594143E9594143E8180003E9A
:105A5000F1F0F03DC9C8C83D8988083EC1C0C03DCD
:105A60009D9C1C3EC5C4443E8584043E9594143ED2
:105A7000D9D8583EDDDC5C3EF5F4743EE5E4643E86
:105A8000F5F4743EFDFC7C3E8B8A8A3E9998983EE4
:105A9000A3A2A23E8B8A8A3E8786863E8584843E68
:105AA0008988883EB5B4343EDDDC5C3EE5E4643E86
:105AB000B5B4343EB5B4343EC5C4443EADAC2C3E62
:105AC0009998183E8584043EB9B8383E8584043ED2
:105AD000B1B0B03D9998983DD9D8D83DA9A8283EF5
:105AE000A9A8A83DE1E0E03D9998983DD1D0D03DEE
:105AF000B5B4343EC1C0C03DE1E0E03DA9A8A83D39
:105B0000E1E0E03DF1F0703D9998183E9998983D9C
:105B1000C1C0403DD1D0D03D8584043E9190903DA0
:105B2000B1B0B03DB9B8B83DC1C0C03DB9B8B83DDD
:105B30008180003E8988083EF9F8F83DF9F8F83D83
:105B40008988083EB1B0303EC9C8C83D8584043E4E
:105B50009190103ED9D8D83DA9A8283E9594143EDE
:105B6000D5D4543EE1E0603EADAC2C3EBDBC3C3EE5
:105B7000E5E4643EF5F4743E8F8E8E3E8D8C8C3E53
:105B80009D9C9C3E9392923EF9F8783E9190903E77
:105B90009594943E9594943E9594943E9594943E19
:105BA0009F9E9E3E8D8C8C3EC1C0403EC1C0403EFB
:105BB000EDEC6C3EDDDC5C3EC1C0403E9594143E95
:105BC000F1F0F03D8180003E9190103EADAC2C3E56
:105BD0008584043EF1F0F03DF9F8F83DD9D8D83D80
:105BE000A9A8A83D8D8C0C3EF9F8F83DC1C0C03D78
:105BF000C9C8C83DE1E0603DA9A8A83DE1E0E03D9D
:105C0000F9F8F83D8180003EA1A0A03DD1D0D03D63
:105C1000E9E8E83DE9E8E83D8584043EB1B0B03DFF
:105C2000D1D0D03D8D8C0C3EB1B0B03D8988083EBE
:105C3000C9C8C83D8180003EB1B0B03DB9B8B83DDB
:105C4000E1E0E03D9594143EA5A4243E8584043E05
:105C5000A1A0203EF9F8F83DADAC2C3ED1D0503E8D
:105C6000E1E0603EB1B0303ED9D8583EF1F0703E30
:105C70008988883E9594943E9190903E9998983E5C
:105C80008F8E8E3E9796963E9796963E9796963E28
:105C9000A7A6A63EA5A4A43E9B9A9A3E9B9A9A3E8E
:105CA0009594943E8F8E8E3E8786863EEDEC6C3EBC
:105CB000D5D4543EF9F8783EBDBC3C3E9D9C1C3E7C
:105CC000B1B0303E9594143E8D8C0C3EE1E0E03D49
:105CD000BDBC3C3E8584043E8D8C0C3EB1B0303E54
:105CE0008584043E9190903DC9C8C83DF1F0F03DD7
:105CF0009998983DC9C8C83DF1F0F03DC1C0C03D7C
:105D0000D1D0D03DB5B4343EE9E8E83D8180803D56
:105D1000F9F8F83DD1D0D03D8180803DC9C8C83D5B
:105D20009998983DB1B0B03DA9A8A83DB1B0303E1A
:105D3000D9D8D83DE9E8E83DE9E8E83DD9D8D83DEB
:105D4000A5A4243E8988083E8D8C0C3EE9E8E83DF8
:105D50009190103EB1B0303EB9B8383EADAC2C3E5B
:105D6000DDDC5C3EC5C4443EF5F4743E8584843E6F
:105D70008988883E9B9A9A3E9998983E9B9A9A3E2B
:105D80009796963EA3A2A23EB5B4B43EB5B4B43E37
:105D9000B1B0B03EA9A8A83EABAAAA3EA5A4A43E15
:105DA0009190903E8786863EF9F8783E8180803ECD
:105DB000D9D8583EF5F4743EB9B8383EB9B8383E33
:105DC000EDEC6C3EB1B0303EB9B8383E9998183E13
:105DD0009190103EF9F8F83D8988083E9190103E68
:105DE000A9A8A83D8988883DD9D8D83D9998183E5A
:105DF000ADAC2C3EF1F0F03DE1E0E03DC1C0C03D76
:105E00008584043E9D9C1C3EB9B8B83D8180803D90
:105E1000D1D0503DC1C0C03DF1F0F03D8180803D0A
:105E2000A9A8A83DC1C0C03DA9A8A83DD9D8D83DC2
:105E30008988083EB1B0B03DC1C0C03DE9E8E83D49
:105E40008180003EC1C0C03DE9E8E83DF1F0F03D91
:105E50008988083E9998183E8584043EBDBC3C3E26
:105E6000C9C8483ED5D4543EFDFC7C3EF9F8783E86
:105E70008584843E9F9E9E3EABAAAA3EA7A6A63ED0
:105E8000AFAEAE3EB7B6B63EBBBABA3EB9B8B83E94
:105E9000BDBCBC3EB5B4B43EB9B8B83EB3B2B23E78
:105EA000A1A0A03E9796963E8584843E9392923E12
:105EB000F5F4743E8988883ED9D8583EB1B0303E5A
:105EC000D5D4543EB5B4343ED9D8583EC5C4443E6A
:105ED0008584043EA5A4243EA5A4243EF1F0F03D13
:105EE0009998983DB1B0B03DB1B0B03DD9D8D83D4A
:105EF0009190103E9998183EF1F0F03DA9A8A83D68
:105F0000C1C0C03DE1E0E03D8584043E8988083E93
:105F1000A9A8A83DB1B0B03D9190103EC9C8C83DF8
:105F2000B9B8B83D9998183EF9F8F83DC1C0C03DE0
:105F3000A9A8A83DD9D8D83DF1F0703DB1B0B03D89
:105F4000D9D8D83DE9E8E83D8D8C0C3E8584043EE7
:105F5000A9A8283EADAC2C3EADAC2C3EB9B8383E1D
:105F6000ADAC2C3E8180803E8B8A8A3E8180803E13
:105F7000F5F4743E9D9C9C3EB3B2B23EB9B8B83EB7
:105F8000B7B6B63EC3C2C23ECDCCCC3ECDCCCC3EE5
:105F9000CFCECE3EC7C6C63EC5C4C43EBDBCBC3EC9
:105FA000BBBABA3EB7B6B63EA5A4A43E9190903E09
:105FB0009998983E8786863EF9F8783EE5E4643EF7
:105FC000B5B4343ECDCC4C3ED5D4543EADAC2C3ED5
:105FD0009998183E9998183EBDBC3C3E9190103E51
:105FE000B1B0B03D8584043EC1C0C03D9190903DAC
:105FF000C9C8C83D8584043EB1B0B03DE1E0E03D94
:10600000A9A8A83DD1D0D03DA1A0A03DC1C0C03D10
:10601000F1F0F03DC1C0C03D8180003DF1F0703D28
:10602000C1C0403D8988883DE1E0603DE1E0E03D60
:10603000C1C0C03DB9B8B83DF9F8F83D9594143EDB
:10604000A1A0A03D8180003E8584043EE9E8E83DB2
:10605000A5A4243E9D9C1C3EE1E0603ECDCC4C3E80
:10606000D5D4543EF5F4743E8B8A8A3E9190903E8E
:106070009B9A9A3EA3A2A23EB5B4B43EBBBABA3E26
:10608000CFCECE3ED3D2D23EDDDCDC3EDBDADA3E12
:10609000DDDCDC3ED9D8D83ED3D2D23ECFCECE3E08
:1060A000C7C6C63EBBBABA3EADACAC3E9F9E9E3E96
:1060B0009796963E8786863EFDFC7C3E8988883E84
:1060C000E5E4643EB1B0303ED1D0503E9594143EEC
:1060D0009D9C1C3E8180003EA5A4243E8D8C0C3EE0
:1060E0008988883DE9E8E83DD1D0D03D8180803D78
:1060F000A9A8A83DB9B8B83DC9C8C83DD1D0D03DC0
:10610000C1C0C03D8D8C0C3EB9B8B83DE9E8E83D52
:10611000F9F8F83D8584043ED1D0D03DD9D8D83D9A
:10612000F1F0F03D9594143EF1F0F03D9998983DD2
:10613000A9A8283EE1E0E03D8988083ED9D8D83DAD
:106140008180003EF1F0F03DD1D0D03DC9C8C83DBE
:10615000B1B0303EB5B4343EB9B8383EB5B4343ED3
:10616000E1E0603EE9E8683E8D8C8C3E9F9E9E3E5D
:10617000AFAEAE3EB1B0B03EBFBEBE3ECDCCCC3E6B
:10618000D5D4D43EE5E4E43EEDECEC3EEFEEEE3E5D
:10619000E9E8E83EEBEAEA3EE1E0E03ED7D6D63E6B
:1061A000CDCCCC3EC5C4C43EB1B0B03EA9A8A83E3B
:1061B0008786863E8180803EF9F8783E8584843EDD
:1061C000FDFC7C3ED5D4543E9D9C1C3EA1A0203EAF
:1061D000B9B8383EF1F0F03D9D9C1C3E8180003EF8
:1061E000E1E0E03DF9F8F83DB9B8B83DD1D0D03D97
:1061F000B9B8B83DE9E8E83D8584043ED9D8D83D32
:10620000F9F8F83DD9D8D83DC1C0C03D8180003EE5
:106210008180803DE1E0E03DF1F0F03DE1E0E03DF6
:106220008584043EE9E8E83DB1B0B03DF9F8F83DB9
:106230009594143EF1F0F03D8584043ED9D8D83DC4
:106240009998183E9D9C1C3EA9A8A83D8180003EBF
:10625000C1C0403EE1E0603EADAC2C3EF1F0703E8E
:10626000E9E8683E8584843E9998983E9594943EEA
:10627000AFAEAE3EB5B4B43ECBCACA3EDBDADA3E10
:10628000E1E0E03EF5F4F43EFDFCFC3E8180003FA1
:10629000FBFAFA3EFDFCFC3EF5F4F43EE7E6E63E92
:1062A000DBDADA3ECBCACA3EB7B6B63EA3A2A23EFE
:1062B000A5A4A43E8F8E8E3E8584843EE5E4643E94
:1062C000E5E4643EBDBC3C3EA1A0203EC5C4443EC6
:1062D000B1B0303E8988083EF1F0F03DA5A4243EDF
:1062E000F9F8F83DF9F8F83DD1D0D03D8180003E75
:1062F000B1B0B03DE1E0E03D8180003EC1C0C03DB5
:10630000F9F8F83D9190903DC9C8C83DE1E0E03D05
:10631000A1A0203DA1A0A03DF1F0703DD1D0D03D85
:10632000E1E0E03DF1F0F03DF1F0F03DF9F8F83D4D
:10633000C1C0C03DD9D8D83DF1F0F03DF9F8F83DE5
:106340008988083EE1E0E03DE9E8E83DA9A8283E6B
:10635000D9D8583EC1C0403ED1D0503EF1F0703E39
:106360008786863E8D8C8C3E9796963E9F9E9E3E5F
:10637000B3B2B23EC5C4C43ED9D8D83EE9E8E83E7F
:10638000FBFAFA3E8382023F8988083F8C8B0B3FE1
:106390008C8B0B3F8988083F8483033FFBFAFA3ECE
:1063A000EBEAEA3ED5D4D43EC3C2C23EADACAC3E6D
:1063B000EDEC6C3EFDFC7C3E9190903EFDFC7C3E05
:1063C000F1F0703ECDCC4C3EB9B8383EB5B4343E59
:1063D000A1A0203EC9C8483E9190103E9594143E1D
:1063E0009998183EE9E8E83D9998983D9190103EBB
:1063F000C1C0C03DC1C0C03DD1D0D03DE9E8E83DFD
:106400009190103E8584043EA9A8A83DA9A8A83D66
:10641000B1B0B03D8180803D8988883DD9D8D83DD4
:10642000C1C0403D9594143EB1B0B03D9190903DB7
:10643000F9F8F83D8180003EF1F0F03D8988083E92
:10644000C9C8C83DA5A4243EADAC2C3EF9F8F83D22
:10645000A9A8283EB1B0303ED1D0503ED9D8583E40
:10646000E1E0603E9190903EA5A4A43EA5A4A43E88
:10647000BFBEBE3ECBCACA3EE1E0E03EF5F4F43E0C
:106480008584043F8E8D0D3F9493133F9897173F5B
:106490009998183F9695153F8F8E0E3F8685053F3C
:1064A000F9F8F83EE7E6E63ED7D6D63EC1C0C03E94
:1064B0008D8C8C3E9B9A9A3E9190903E8382823E38
:1064C0008988883EC5C4443ED1D0503EA1A0203E1C
:1064D0009D9C1C3EB5B4343E9594143EA9A8283E1C
:1064E000D1D0D03DC1C0C03DF1F0F03DF1F0F03D64
:1064F000C1C0C03DF9F8F83DD9D8D83D8180003EF3
:106500009594143E9594143EF1F0F03DA9A8A83D51
:106510008180003EC9C8C83DD9D8D83DD9D8D83D1A
:10652000E1E0603DB9B8B83D8180003EA5A4243EBD
:10653000A1A0A03DE1E0603DF1F0F03D9998183E4A
:10654000C1C0C03DC1C0C03DB5B4343EB1B0303EA5
:10655000A1A0203EB1B0303ED1D0503E8180803EDF
:10656000F5F4743E9594943EA9A8A83EAFAEAE3E15
:10657000C7C6C63ED9D8D83EE9E8E83E8584043F80
:106580008D8C0C3F9897173FA1A0203FA5A4243FD6
:10659000A6A5253FA2A1213F9998183F908F0F3FB4
:1065A0008584043FF1F0F03EDDDCDC3EC9C8C83E26
:1065B000BFBEBE3EA7A6A63EA3A2A23E8D8C8C3E29
:1065C0008584843EF5F4743EF1F0703EB5B4343EFB
:1065D000BDBC3C3E9D9C1C3EC1C0403EE9E8E83D40
:1065E000A1A0203E8D8C0C3EBDBC3C3E8988083E5F
:1065F000E1E0E03DA5A4243EADAC2C3EF9F8F83D29
:10660000ADAC2C3E9594143E9998183EA9A8283E0E
:106610008988883DD9D8D83D9998983DB1B0B03D8A
:10662000A9A8A83DF1F0703DB9B8B83D8180003E01
:106630009D9C1C3E8988883DD9D8D83DD9D8D83D65
:10664000A1A0203E9190103E9998183EA5A4243E0A
:106650009998183ECDCC4C3ED1D0503EF1F0703ED2
:106660009594943E9190903E9796963EBBBABA3ED2
:10667000C9C8C83EE1E0E03EFDFCFC3E8A89093F16
:106680009796163FA6A5253FB0AF2F3FB8B7373F27
:10669000B8B7373FB1B0303FA6A5253F9998183F0E
:1066A0008B8A0A3FFDFCFC3EE1E0E03ED9D8D83EB3
:1066B000BDBCBC3EA9A8A83EA3A2A23E9392923E16
:1066C000EDEC6C3EE1E0603EA1A0203EC1C0403E4A
:1066D000C5C4443EBDBC3C3E9998183ED9D8D83D6F
:1066E000C5C4443EE9E8E83DE9E8E83DA1A0203E14
:1066F000F1F0F03D8988083EC9C8C83DE1E0E03DC1
:10670000A5A4243E9594143E9D9C1C3EF9F8F83DAA
:10671000E1E0603DE1E0603DA1A0A03D8988883DC9
:106720009998983D8180803DE9E8E83DD1D0D03D01
:10673000F9F8F83D8584043EB1B0B03D9190103E2B
:10674000B1B0B03DF1F0F03D8180003EA9A8A83D78
:10675000BDBC3C3EDDDC5C3EC1C0403EE9E8683E7D
:106760009998983E9F9E9E3EA1A0A03EBBBABA3E7D
:10677000D5D4D43EEBEAEA3E8584043F9594143F99
:10678000A3A2223FB4B3333FC2C1413FCDCC4C3F63
:10679000CECD4D3FC2C1413FB3B2323FA1A0203F59
:1067A0009291113F8483033FE9E8E83ED3D2D23E81
:1067B000BFBEBE3EA7A6A63E9998983E8D8C8C3E45
:1067C0008584843EE9E8683EC5C4443ED5D4543E41
:1067D000C5C4443EC5C4443E9998183EADAC2C3E59
:1067E000A9A8283EA9A8283ED5D4543EA1A0203E61
:1067F000F9F8F83D9594143EE1E0E03DD9D8D83D54
:106800009D9C1C3E8988083E9190103EF9F8F83D09
:106810008180803D9190903D9998983DC9C8C83D30
:10682000C9C8C83DB1B0B03DA1A0A03DC1C0C03DE8
:10683000F9F8F83DE1E0E03DB1B0B03DD1D0D03D58
:106840008180803DB9B8B83DC5C4443EB5B4343E3E
:10685000C1C0403EB9B8383EC5C4443E8382823E82
:106860008D8C8C3E9B9A9A3EABAAAA3EC1C0C03E7C
:10687000D9D8D83EF3F2F23E8E8D0D3FA2A1213F32
:10688000B0AF2F3FC0BF3F3FD4D3533FE4E3633F9C
:10689000E4E3633FD3D2523FBEBD3D3FA8A7273FAD
:1068A0009695153F8584043FEDECEC3EDDDCDC3E47
:1068B000C1C0C03EA7A6A63E9796963E9B9A9A3E1A
:1068C0008988883EF1F0703EE1E0603ED5D4543EC8
:1068D000A5A4243EB5B4343EBDBC3C3EA9A8283E88
:1068E0008D8C0C3E9594143EC1C0403EA5A4243E20
:1068F0008D8C0C3EB9B8383ED1D0D03DC9C8C83D0A
:106900008584043EA1A0203EE9E8E83DB9B8B83D41
:10691000B1B0B03DD1D0D03DB1B0B03D8180803D6F
:10692000B9B8B83DA9A8A83DD1D0D03DF1F0F03D0F
:10693000F9F8F83D8988083E9D9C1C3EF1F0F03D39
:106940009594143E9998183E9594143EADAC2C3E07
:10695000CDCC4C3ED9D8583EE1E0603EF5F4743ED3
:106960008382823E9B9A9A3EB3B2B23EC9C8C83E69
:10697000D5D4D43EFBFAFA3E9392123FAAA9293FFE
:10698000B7B6363FC7C6463FDFDE5E3FF1F0703F29
:10699000EFEE6E3FDDDC5C3FC5C4443FADAC2C3F49
:1069A0009A99193F8887073FF1F0F03EDBDADA3E2B
:1069B000C5C4C43EADACAC3E9D9C9C3E9594943EFB
:1069C000EDEC6C3ED1D0503EBDBC3C3E8988083ECB
:1069D000B9B8383EA9A8283EADAC2C3E9190103EE7
:1069E0009998183EB1B0303E9D9C1C3EB5B4343EE3
:1069F0009190103E9594143EF1F0F03DB1B0B03D51
:106A0000F9F8F83DB9B8B83DB9B8B83D8180803DD6
:106A1000C9C8C83D8180803DC1C0403D9190903D36
:106A2000F1F0F03D8D8C0C3ED1D0D03DC1C0C03DC9
:106A3000E1E0603DE9E8E83DD1D0D03D8584043E09
:106A40008988083EF9F8F83DD9D8D83D8988083EAC
:106A5000BDBC3C3ED9D8583EBDBC3C3E8180803E4A
:106A60008F8E8E3E8D8C8C3EB5B4B43EC5C4C43E74
:106A7000E3E2E23EFFFEFE3E908F0F3FA5A4243FDF
:106A8000B4B3333FC6C5453FDDDC5C3FEEED6D3F43
:106A9000EEED6D3FDBDA5A3FC3C2423FACAB2B3F5A
:106AA0009998183F8685053FF1F0F03ED9D8D83E39
:106AB000BFBEBE3EB7B6B63EA1A0A03E8988883E06
:106AC000D9D8583EC5C4443EDDDC5C3EA1A0203E82
:106AD000B1B0303E9D9C1C3E9D9C1C3EADAC2C3EFE
:106AE0009190103EC9C8C83DE1E0E03D9D9C1C3E30
:106AF000D1D0D03DF1F0F03DE9E8E83D8D8C0C3E81
:106B00009998983D9190903DB1B0B03D9190903D55
:106B1000D1D0D03DE9E8E83DD9D8D83D9998983D05
:106B2000E1E0E03DD9D8D83D8988883DB9B8B83D85
:106B3000A5A4243EF1F0F03DF1F0703DF1F0F03D00
:106B4000D1D0D03D8988083E9190103E9D9C1C3E3E
:106B5000B5B4343EE5E4643EE9E8683E8584843EAD
:106B60009392923EA1A0A03EA7A6A63EC7C6C63E4F
:106B7000E1E0E03EF3F2F23E8988083F9B9A1A3F3B
:106B8000ACAB2B3FBFBE3E3FD2D1513FE0DF5F3FBA
:106B9000E0DF5F3FD0CF4F3FBDBC3C3FA8A7273FC2
:106BA0009493133F8685053FEBEAEA3ED9D8D83E59
:106BB000C7C6C63EB5B4B43E9B9A9A3EF5F4743E41
:106BC000EDEC6C3EEDEC6C3EF5F4743EE9E8683EAD
:106BD000B5B4343E9594143E9D9C1C3EA5A4243E21
:106BE000C9C8C83D8988083E9594143EA5A4243E92
:106BF0008D8C0C3EB9B8B83DB9B8B83D8D8C0C3E03
:106C00008180003EB1B0B03D9190103D8988883DB3
:106C1000C1C0C03DE9E8E83DE9E8E83D8D8C0C3EA7
:106C2000E9E8E83DF9F8F83DD1D0D03D8D8C0C3E37
:106C3000C1C0C03DE1E0E03DE9E8E83DB9B8B83D9C
:106C4000C1C0C03D8D8C0C3EA1A0A03D9594143ECA
:106C5000C9C8483EDDDC5C3E9190903E8D8C8C3EF8
:106C60008584843E9D9C9C3EADACAC3EBBBABA3E96
:106C7000D9D8D83EE7E6E63E8382023F9493133F9D
:106C8000A2A1213FB2B1313FC1C0403FCBCA4A3F70
:106C9000CAC9493FBFBE3E3FB2B1313FA1A0203F6C
:106CA0009190103F8382023FE5E4E43ED9D8D83E7C
:106CB000C3C2C23EB3B2B23E9594943EE5E4643E94
:106CC000F5F4743EE1E0603ECDCC4C3EE1E0603E48
:106CD000A9A8283EB1B0303E9D9C1C3EC5C4443E90
:106CE0008988083E9998183EF9F8F83D9D9C1C3E0D
:106CF000A5A4243EF1F0F03DB9B8B83DE9E8E83D7F
:106D0000F1F0F03D8584043ED9D8D83DA1A0A03D46
:106D1000C9C8C83DD1D0503DB1B0303DE1E0E03D03
:106D2000F9F8F83DC9C8C83DB9B8B83DB9B8B83DDB
:106D3000A9A8A83D8584043EE1E0E03DE9E8E83DFE
:106D40008D8C0C3E9998183EB1B0303EBDBC3C3E97
:106D5000B9B8383EADAC2C3EF1F0703E8988883E23
:106D60008D8C8C3E9796963EADACAC3EB9B8B83E95
:106D7000D5D4D43EE9E8E83EFDFCFC3E8D8C0C3FCA
:106D80009998183FA7A6263FB3B2323FB9B8383F0B
:106D9000B8B7373FB1B0303FA7A6263F9A99193F01
:106DA0008B8A0A3FFBFAFA3EE3E2E23ED3D2D23EBE
:106DB000B9B8B83EADACAC3E9B9A9A3E8B8A8A3E3F
:106DC000FDFC7C3EC1C0403EBDBC3C3EA9A8283E67
:106DD000D1D0503EC9C8483ED9D8583E9D9C1C3E93
:106DE0008584043EB9B8383E9998183ED9D8D83D24
:106DF000D1D0D03DA9A8A83DD1D0D03DD1D0D03D53
:106E00008988083EE9E8E83DB1B0B03D9998983DE1
:106E1000C1C0C03DB1B0303DC1C0403D8D8C0C3EC5
:106E2000D9D8D83D9594143EE1E0E03DB9B8B83DDD
:106E3000E9E8E83DF1F0F03DA9A8A83D8180003ED9
:106E40009190103E8D8C0C3EE1E0E03DC5C4443E87
:106E5000DDDC5C3ED5D4543ECDCC4C3EFDFC7C3ECE
:106E60008B8A8A3E9392923EA3A2A23EB1B0B03EDC
:106E7000C9C8C83EDFDEDE3EFBFAFA3E8887073F20
:106E80009291113F9E9D1D3FA5A4243FAAA9293F91
:106E9000AAA9293FA3A2223F9B9A1A3F908F0F3F96
:106EA0008584043FF1F0F03EDFDEDE3EC9C8C83E17
:106EB000ABAAAA3EA3A2A23EA5A4A43E8382823E80
:106EC000F1F0703EEDEC6C3EC1C0403EC9C8483E9A
:106ED000BDBC3C3EA9A8283EBDBC3C3E9190103EA6
:106EE0009190103EA5A4243E8D8C0C3EC1C0C03DA7
:106EF000D9D8D83DE9E8E83D8D8C0C3EC9C8C83DDD
:106F00009998983DE9E8E83DE1E0E03DE1E0E03DC9
:106F10009998983DD1D0D03DC9C8C83DC9C8483E10
:106F2000A9A8A83DC1C0C03DF1F0F03DF9F8F83D79
:106F30009D9C1C3EA9A8A83D8180003EB9B8B83DE3
:106F4000F9F8F83D8D8C0C3EE9E8E83D9998183E3B
:106F5000B9B8383ED5D4543ED9D8583ED5D4543E8D
:106F6000F9F8783E8988883EA9A8A83EB1B0B03E1D
:106F7000BDBCBC3EDBDADA3EF1F0F03E8180003F82
:106F80008887073F9190103F9897173F9C9B1B3F26
:106F90009B9A1A3F9796163F908F0F3F8786063F22
:106FA000FBFAFA3EE9E8E83ECFCECE3EC1C0C03E95
:106FB000B5B4B43EA1A0A03E8B8A8A3E8180803EBB
:106FC000EDEC6C3EE9E8683EC1C0403EA5A4243E1D
:106FD000C1C0403EB5B4343EA1A0203E9D9C1C3EA5
:106FE000D9D8D83D8180003E9998183E9998183E8E
:106FF0009190903DF9F8F83D9594143EB9B8B83D9C
:10700000B9B8B83DE1E0E03DD1D0D03DC9C8C83DF8
:107010008988883DE9E8E83DA9A8A83DC1C0C03DF0
:10702000B1B0B03D8180003EE9E8E83D8180003E9E
:107030009594143EC9C8C83DC1C0C03DD9D8D83DFB
:10704000F9F8F83DADAC2C3EB5B4343EA5A4243ED1
:10705000BDBC3C3EC9C8483EC5C4443EFDFC7C3E68
:107060008D8C8C3EF9F8783E9D9C9C3EAFAEAE3E3A
:10707000BDBCBC3ED7D6D63EDFDEDE3EF5F4F43EE8
:107080008180003F8786063F8D8C0C3F908F0F3F9D
:107090008F8E0E3F8C8B0B3F8887073FFFFEFE3E97
:1070A000EFEEEE3EDDDCDC3EC7C6C63EB5B4B43E18
:1070B000B7B6B63E9998983E8B8A8A3E8B8A8A3EAE
:1070C000FDFC7C3EE9E8683E9594143EC9C8483E04
:1070D000C9C8483EA9A8283EA5A4243E9998183EB0
:1070E000D9D8D83DA9A8283E8D8C0C3EB1B0B03D72
:1070F0008180803D9998983DD1D0D03DD1D0D03D70
:107100009998183E8D8C0C3ED1D0D03DE1E0E03D09
:10711000F1F0703DB1B0B03D8180803DD9D8D83D0F
:10712000F1F0F03DD1D0D03DE9E8E83DB9B8B83D47
:10713000E1E0E03DD9D8D83DB1B0B03D9998183ED6
:107140008988083E9190103E8988083E8D8C0C3EBF
:10715000A9A8283ED1D0503EB1B0303ECDCC4C3E57
:10716000EDEC6C3E8F8E8E3E8988883EA1A0A03EBD
:10717000B9B8B83EC3C2C23ED5D4D43EE1E0E03E89
:10718000EFEEEE3EFBFAFA3E8382023F8584043F37
:107190008483033FFFFEFE3EFBFAFA3EF1F0F03E31
:1071A000DBDADA3EC7C6C63EB7B6B63EA9A8A83EE9
:1071B0009D9C9C3E9392923E8B8A8A3EF1F0703E5B
:1071C000E9E8683ED9D8583EEDEC6C3EBDBC3C3E8B
:1071D000ADAC2C3ED5D4543ED1D0D03D8584043EB8
:1071E0009190103EA1A0203E8D8C0C3E8584043EE3
:1071F000E1E0E03DB9B8B83DF9F8F83D9190103EB6
:10720000F1F0703D8988883DE1E0E03D8D8C0C3ED9
:107210009190103EF1F0703DE1E0603DB9B8B83DAD
:10722000A9A8A83DA5A4243ED1D0D03D8988883DF9
:107230009190903DE9E8E83DA5A4243EA5A4243E14
:107240008180003EE1E0E03D8D8C0C3EB1B0303EEF
:107250009998183EB1B0303EC9C8483EEDEC6C3E3E
:107260008382823E8382823E8988883E9B9A9A3EB0
:10727000ABAAAA3EB7B6B63ECBCACA3ED5D4D43E18
:10728000E1E0E03EE9E8E83EEDECEC3EF1F0F03E16
:10729000EFEEEE3EEDECEC3EE7E6E63ED9D8D83E2A
:1072A000CFCECE3EC7C6C63EB7B6B63EA9A8A83E0C
:1072B0009998983E9796963E8584843ED1D0503ECC
:1072C000F5F4743EE1E0603ED1D0503E8988083E3E
:1072D0008584043EDDDC5C3E9190103E9D9C1C3E0E
:1072E000F9F8F83DA5A4243EB9B8383EE9E8E83DF0
:1072F0008988083E8988083EC1C0C03DF9F8F83D3C
:10730000E9E8E83DC9C8C83D9998983DC9C8C83D55
:10731000D9D8D83DB1B0B03DB9B8B83D9998983DED
:10732000C1C0C03DA1A0203E8D8C0C3EE1E0E03DFF
:10733000E9E8E83DE9E8E83DD9D8D83DB9B8B83D35
:10734000C9C8C83DBDBC3C3ED1D0D03D9594143E8B
:107350009D9C1C3E9D9C1C3EC5C4443ECDCC4C3ED9
:107360008786863E8382823E8D8C8C3E8D8C8C3EC1
:107370009796963EABAAAA3EBBBABA3ECDCCCC3EBF
:10738000D3D2D23ED9D8D83ED7D6D63EDDDCDC3EED
:10739000E1E0E03EDDDCDC3ED9D8D83ECFCECE3ECB
:1073A000C1C0C03EB3B2B23EABAAAA3EA3A2A23EA7
:1073B0008F8E8E3E8B8A8A3E8180803E8584843E7D
:1073C000C9C8483EBDBC3C3EB9B8383EC1C0403ECD
:1073D000D5D4543EB9B8383E9D9C1C3E8D8C0C3E95
:1073E0009998183E8584043EF9F8F83D8D8C0C3E42
:1073F000A1A0A03DA9A8A83DA1A0A03D9998983D15
:10740000E1E0E03DC1C0C03DC1C0C03DE1E0E03DC4
:10741000D1D0503DC1C0C03DB1B0B03DD9D8D83DAC
:107420009998983DB9B8B83D8584043E9998183E1E
:107430008988083E8D8C0C3EA5A4243ED9D8D83D21
:10744000E1E0603DC1C0C03DB9B8B83D9998183E73
:10745000BDBC3C3E8584043EADAC2C3EDDDC5C3ED8
:10746000E9E8683E8584843E8D8C8C3E8D8C8C3E14
:107470009D9C9C3EABAAAA3EADACAC3EB3B2B23E24
:10748000C5C4C43EC7C6C63EC7C6C63ED1D0D03EA0
:10749000D5D4D43EC7C6C63EC7C6C63EC3C2C23E8A
:1074A000A7A6A63EA1A0A03EA7A6A63EA1A0A03E3C
:1074B0008584843E8B8A8A3E8786863EFDFC7C3EA0
:1074C000D5D4543ED9D8583E9D9C1C3E9998183E20
:1074D000B5B4343EE9E8E83DBDBC3C3EF1F0F03DDA
:1074E000F9F8F83D8D8C0C3ED9D8D83D8D8C0C3EEA
:1074F000A5A4243ED9D8D83DD1D0D03DB1B0B03D1F
:10750000D1D0D03D9190903DB1B0B03D8180803DD3
:10751000A9A8A83DF1F0703D8988083EE9E8E83D5A
:10752000A1A0A03DA9A8A83DF1F0F03D9D9C1C3E66
:107530008584043E8D8C0C3EA9A8283E8180003EA7
:10754000A9A8A83DF1F0F03D8584043E8D8C0C3E49
:10755000C5C4443ED1D0503E9190103ED5D4543E47
:10756000CDCC4C3EF5F4743E8B8A8A3E8584843EB5
:107570009796963E9F9E9E3EA1A0A03EA3A2A23EAD
:10758000C1C0C03EB9B8B83EB5B4B43EBFBEBE3E41
:10759000C1C0C03EB9B8B83EB9B8B83EB1B0B03E4F
:1075A000ADACAC3EA9A8A83EA9A8A83E8988883E53
:1075B0008180803EFDFC7C3EE1E0603ED5D4543EBF
:1075C000EDEC6C3ECDCC4C3EE5E4643EA9A8283EF3
:1075D0009190103EA1A0203EA1A0203EC5C4443EF3
:1075E0008180003E8D8C0C3EF1F0F03DB9B8B83D85
:1075F0008988083ED9D8D83D8584043EB9B8B83DBD
:10760000D9D8D83D8988883DC1C0C03DC9C8C83DCA
:10761000B9B8B83DB1B0B03DA9A8A83D8180003E41
:10762000A9A8A83DA9A8A83D9190903D8988083EA9
:107630008180803D9594143EE1E0E03DB1B0B03DE5
:10764000C9C8C83D9190103E9D9C1C3EA1A0203E03
:107650008180003EE9E8E83DADAC2C3EB5B4343E57
:10766000B5B4343EF1F0703EFDFC7C3EFDFC7C3E4A
:107670008786863E8D8C8C3E9998983EA7A6A63E1E
:10768000ABAAAA3EBBBABA3EB9B8B83EB3B2B23E94
:10769000B3B2B23EB9B8B83E9F9E9E3EA5A4A43EEA
:1076A000A9A8A83EA1A0A03E8D8C8C3E8D8C8C3EBE
:1076B0008382823EFDFC7C3EF1F0703EF9F8783E1C
:1076C0008B8A8A3EF5F4743EEDEC6C3ECDCC4C3E9C
:1076D000B9B8383ECDCC4C3EE1E0603EF1F0F03D33
:1076E000A1A0203E8584043EB9B8B83DA1A0203EAB
:1076F0009998183EC1C0C03DC1C0C03D8988883D31
:107700008180803DD9D8D83D8988083EF1F0F03D90
:10771000F1F0F03DD9D8D83DA9A8A83DD1D0503D31
:10772000E1E0E03D8180003EE1E0E03D8D8C0C3EFB
:10773000B9B8B83D8D8C0C3E9D9C1C3E9594143E72
:10774000A9A8A83DE9E8E83D9190103E9594143E23
:107750009190103EADAC2C3E9594143ED1D0503E4D
:10776000D1D0503EBDBC3C3ED1D0503EDDDC5C3E75
:107770008988883EE9E8683E9594943EA3A2A23E9B
:107780009D9C9C3EA5A4A43EB1B0B03EABAAAA3E2F
:10779000AFAEAE3EABAAAA3E9D9C9C3E9998983E49
:1077A000A3A2A23E8988883E8786863EF1F0703E7D
:1077B000EDEC6C3EE1E0603E8B8A8A3E8180803E4B
:1077C000D1D0503EE9E8683E9D9C1C3E9998183EF9
:1077D000B9B8383E9998183E9D9C1C3E9998183E21
:1077E0008988083EA9A8283EB9B8383EB9B8383EBD
:1077F000B5B4343E9D9C1C3EF1F0F03D8D8C0C3EAA
:10780000B9B8B83DB1B0B03DA1A0A03D9998983DA0
:10781000F1F0F03DE1E0E03DE9E8E83DB9B8B83D20
:107820009998983DB1B0B03DF1F0F03DB9B8383E0F
:10783000F9F8F83D8584043EE9E8E83DE1E0603D83
:107840009190903DB1B0B03D8584043E8988083E5A
:107850009998183ECDCC4C3EC1C0403EB9B8383E98
:10786000A1A0203EA1A0203EC5C4443EE5E4643E64
:10787000E5E4643EF1F0703E8D8C8C3E9796963E2A
:10788000A3A2A23E8988883E8B8A8A3EA1A0A03E00
:107890009B9A9A3E9594943E9392923E9190903EFC
:1078A0009190903E8180803EEDEC6C3EEDEC6C3E24
:1078B000E9E8683ED1D0503EE1E0603EB9B8383EDC
:1078C000D1D0503E9594143EADAC2C3EC5C4443E40
:1078D000B1B0303EE1E0E03DE9E8E83DB9B8383E1E
:1078E0008988083EA1A0203EBDBC3C3ECDCC4C3E8C
:1078F0009998183EA9A8283E8988083ED9D8D83D2D
:10790000D9D8D83D8D8C0C3ED1D0D03DC9C8C83D0A
:107910008988883DE9E8E83DD9D8D83D8584043E8A
:10792000A1A0A03DC1C0C03DC9C8C83DC1C0C03DA7
:10793000C1C0403DF9F8F83D8180003EF1F0F03DD6
:10794000C1C0C03DF1F0F03DB9B8B83DE1E0E03D67
:10795000ADAC2C3E8584043EBDBC3C3E9998183E9F
:107960008D8C0C3EA1A0203EB1B0303ED5D4543E0B
:10797000B9B8383ED9D8583EE5E4643E8180803EAF
:107980008D8C8C3E8382823E8584843E9392923E8F
:107990009392923E8180803E8D8C8C3E8B8A8A3E73
:1079A0008B8A8A3E8786863EDDDC5C3EDDDC5C3E83
:1079B000C1C0403EE1E0603ECDCC4C3EB1B0303E77
:1079C000C1C0403E9594143EB9B8383EC1C0403E57
:1079D0008180003EF9F8F83D8180003E9D9C1C3E70
:1079E0009D9C1C3E9594143EADAC2C3EB9B8383EDF
:1079F000D1D0D03DE1E0E03DE1E0E03DA1A0203D7F
:107A0000E1E0E03D9998983DA9A8A83DE1E0E03D7E
:107A1000F1F0F03DE1E0E03CB1B0B03DD9D8D83D67
:107A2000A1A0A03DB1B0B03DB1B0B03DF1F0F03D8E
:107A30008988883D9594143E9594143E9190103E0B
:107A4000D9D8D83D8180003EBDBC3C3E9190103ECF
:107A50009190103E9190103EB1B0303EB1B0303EAA
:107A6000F1F0F03D9D9C1C3EDDDC5C3EE1E0603EC3
:107A7000B1B0303EADAC2C3EE9E8683EE1E0603E9E
:107A8000D1D0503E8584843E8382823E8180803E78
:107A90008584843EF1F0703EF5F4743E8786863E20
:107AA000FDFC7C3EF9F8783EC5C4443EB9B8383E8A
:107AB000E1E0603EA1A0203EA9A8283EE1E0603EB2
:107AC000B1B0303EA9A8283EBDBC3C3EB9B8383E56
:107AD000F9F8F83DC1C0C03D8D8C0C3EE9E8E83DA9
:107AE000C1C0C03DB9B8383E8180003E9998183E6B
:107AF0009998183EE1E0E03D8584043E8180003E97
:107B0000B1B0B03DF9F8F83DC9C8C83DB9B8B83D05
:107B1000B9B8B83DB9B8B83DC9C8C83DD1D0D03D55
:107B2000A9A8A83D9190903DD1D0D03DD9D8D83DBD
:107B3000D9D8D83D8584043EC9C8C83DB1B0B03D50
:107B4000E1E0603DF9F8F83DC9C8C83DC9C8C83D85
:107B50009998183EA9A8283EF9F8F83D9998183E3A
:107B6000D9D8D83D9998183EB5B4343ED1D0503EBE
:107B7000DDDC5C3EDDDC5C3EE9E8683EC5C4443EDD
:107B8000C9C8483E8988883E8382823EF5F4743EA7
:107B9000D5D4543EC1C0403EF1F0703ED1D0503EED
:107BA000E5E4643EC1C0403EB5B4343E9D9C1C3EFD
:107BB000CDCC4C3EDDDC5C3EC9C8483EA9A8283E81
:107BC000D5D4543EDDDC5C3EA9A8283E9190103E01
:107BD0008584043EF1F0F03D9190103EB1B0B03D8F
:107BE000F9F8F83D9594143E8180003EC9C8C83D1F
:107BF000F1F0703DE1E0E03D8180003E9998983DD4
:107C0000D1D0503DC9C8C83D8D8C0C3EB1B0B03DFF
:107C1000E1E0E03DE9E8E83DD1D0D03DB1B0B03D94
:107C2000F1F0703DA1A0A03D8180003E8180803DAB
:107C3000E9E8E83DE9E8E83DB9B8B83DA1A0A03DD4
:107C40008988883DF9F8F83D9998183E9190903DC3
:107C50008584043E9D9C1C3E9D9C1C3EA1A0203E14
:107C60008D8C0C3EA1A0203E8D8C0C3EBDBC3C3EBC
:107C70009594143ED5D4543EC9C8483EE5E4643ECC
:107C8000E1E0603EDDDC5C3EEDEC6C3EE9E8683E48
:107C9000A5A4243E9998183EB1B0303EF1F0703E54
:107CA000C1C0403EBDBC3C3ED9D8583EDDDC5C3E48
:107CB000DDDC5C3ED9D8583EBDBC3C3E9594143EBC
:107CC0009190103EB1B0303EA5A4243E9594143E50
:107CD0009190103EE1E0E03DADAC2C3E8180003E55
:107CE000B9B8B83DB9B8B83D8988083E9998983D6B
:107CF0009190903DB9B8B83D8180003E8988883D1B
:107D0000A1A0A03DB9B8B83DB9B8B83DD1D0D03DDB
:107D1000B9B8B83DD1D0D03DB1B0B03DA1A0A03DE3
:107D20009998983DB9B8B83DE9E8E83DC1C0C03D73
:107D3000C9C8C83DA9A8A83DA1A0A03D8584043E0E
:107D40008180003EE1E0E03DB1B0303EA9A8283E90
:107D50008584043EF9F8F83DA5A4243EADAC2C3E44
:107D6000D1D0503EA1A0203ED9D8D83D9998183EF8
:107D7000D9D8D83DCDCC4C3ED1D0503EC9C8483ED4
:107D8000EDEC6C3E9594143EC9C8483ED9D8583E97
:107D9000C9C8483EC1C0403ED1D0503ED5D4543E63
:107DA000B5B4343EDDDC5C3EDDDC5C3ED5D4543E17
:107DB0008D8C0C3EB5B4343EB9B8383E9D9C1C3E0B
:107DC000E1E0E03D9D9C1C3EF9F8F83DB9B8B83DB6
:107DD0008988083EB1B0303E9190103E8988083EB7
:107DE000C9C8C83DE1E0E03DA5A4243E9594143EF9
:107DF000A1A0A03DA1A0A03DB1B0B03DB1B0B03DAB
:107E0000F9F8F83DF1F0F03DA1A0A03DC1C0C03DA2
:107E1000E1E0E03DE1E0E03DB1B0B03D9190903D6A
:107E2000D1D0D03DF1F0703DB9B8B83D8180003E71
:107E3000E9E8E83DD9D8D83D8584043EE9E8E83D45
:107E40009190103EB9B8B83DB9B8B83DD1D0D03D49
:107E5000A1A0203EB9B8B83DE1E0E03DC1C0403E40
:107E60009998183E9998183E9998183E8584043E32
:107E70009998183EBDBC3C3E9594143E9998183E86
:107E8000DDDC5C3EADAC2C3EC9C8483ED1D0503E96
:107E9000BDBC3C3EB9B8383EF1F0703ED9D8583E32
:107EA000C9C8483EC9C8483EC9C8483EC1C0403E8E
:107EB000B9B8383EB5B4343EADAC2C3E8584043EF2
:107EC000D9D8D83DCDCC4C3EA9A8283EF9F8F83DEC
:107ED0009594143EA1A0203EE1E0E03DE1E0E03DCC
:107EE000E9E8E83D8D8C0C3EE9E8E83DE9E8E83D4D
:107EF000F1F0F03DD1D0D03DB1B0B03D8D8C0C3E15
:107F0000C9C8C83DB9B8B83D8180803DC9C8C83D21
:107F1000D9D8D83DA1A0A03DC1C0C03DB9B8B83D99
:107F2000B9B8B83DC1C0C03D8180803DA9A8A83D79
:107F3000E9E8E83DE9E8E83DA9A8A83DE1E0E03D41
:107F4000B1B0B03D8584043ED1D0D03DB9B8B83D84
:107F5000B5B4343EB9B8383E8584043E9D9C1C3E81
:107F60009190103E8D8C0C3E9190103ED1D0D03D22
:107F70008584043E9190103EBDBC3C3EB5B4343E79
:107F8000C9C8483ED1D0503EB5B4343EA9A8283E19
:107F9000B5B4343EA1A0203E9190103EC5C4443EED
:107FA000A9A8283EC1C0403ECDCC4C3ED9D8583EB1
:107FB000ADAC2C3E9594143E8988083EF9F8F83D06
:107FC000B9B8383E9998183EA9A8283E9998183E05
:107FD000E1E0E03DB1B0303E8584043E8D8C0C3E46
:107FE000D1D0D03DB9B8B83DE1E0E03D8180003E60
:107FF000B1B0303EC1C0C03DE1E0E03DF9F8F83D30
:10800000A1A0A03D8988883DC1C0403D9190903D90
:108010009998983DC1C0C03D9190903DE1E0E03D10
:10802000B9B8B83D9998983DC1C0C03DD9D8D83DA0
:10803000E1E0E03DC1C0403D8180803D9998183E1F
:10804000C9C8C83D9D9C1C3EA5A4243E8180003E1D
:10805000F1F0F03D9190103EE9E8E83D9190103E3E
:10806000A1A0203E9D9C1C3E8180003ED1D0D03DF1
:10807000A9A8283ED1D0503ED1D0503EB5B4343E10
:10808000A1A0203EF9F8F83DB9B8383E9190103ED5
:10809000C9C8483EA5A4243EB5B4343EB5B4343E68
:1080A000C5C4443EA5A4243EADAC2C3EADAC2C3E94
:1080B0008584043E8584043E9998183E9594143E28
:1080C0009998183EB9B8B83DE1E0E03D8D8C0C3E82
:1080D000D1D0D03DD1D0D03DC1C0C03DD9D8D83D00
:1080E0008584043E8584043EE9E8E83DD1D0D03D56
:1080F0009998183EC9C8C83DE1E0E03DF1F0703DF7
:10810000C9C8C83D9998983DB1B0B03DE1E0E03DA7
:10811000D1D0503D8180003DC1C0C03DC1C0C03DF7
:10812000A9A8A83DC9C8C83DE1E0E03DC9C8C83D0F
:10813000D1D0D03D9190903DF1F0703DB1B0B03DC7
:10814000B9B8B83D9D9C1C3E9190103EA9A8A83D91
:10815000E1E0E03D8180003EC9C8C83D8180003E2D
:10816000E9E8E83D9190903D8988083EC5C4443EC9
:10817000B5B4343EA9A8283E9D9C1C3EC9C8483EC3
:10818000B1B0303EF9F8F83DADAC2C3EADAC2C3E74
:108190008D8C0C3EB5B4343EA9A8283EADAC2C3E27
:1081A000A5A4243EA1A0203E9D9C1C3E8D8C0C3E8F
:1081B000DDDC5C3E9594143EE9E8E83DF1F0F03DED
:1081C000ADAC2C3EADAC2C3EB9B8383E9D9C1C3EAF
:1081D0008988083ED1D0D03DE1E0603DB9B8B83DD6
:1081E0009998983DC1C0C03DD9D8D83D8584043EFA
:1081F0008180003E8180803D9998183E9998183E74
:10820000C1C0403DC9C8C83DD1D0D03DD1D0503DFE
:10821000E1E0603D8988883DC1C0C03DC1C0403DAE
:10822000D1D0D03DD1D0D03DB9B8B83DB9B8B83D26
:10823000B9B8B83D8584043EC1C0403DF1F0703D01
:10824000C9C8C83DC1C0C03D8988083EB1B0B03D75
:10825000E9E8E83D9594143EF1F0F03DA9A8A83D69
:108260009190103EE9E8E83DA5A4243E9594143E83
:108270008584043E9D9C1C3E9190103E9D9C1C3E1E
:10828000D1D0503E9D9C1C3E8584043EB5B4343E06
:10829000A5A4243E9D9C1C3EA5A4243E9594143E7A
:1082A000A5A4243EADAC2C3EA1A0203EB5B4343EE6
:1082B000C1C0403E9998183ED9D8D83D8180003E33
:1082C000D1D0D03DA9A8283ED1D0D03DC9C8C83D05
:1082D000F1F0F03DE1E0E03DE9E8E83DE9E8E83DC6
:1082E000F1F0F03D8988083EE1E0E03DE9E8E83D55
:1082F000C9C8C83DD9D8D83DD1D0D03D8988083E1D
:10830000F1F0703D8180803D8D8C0C3EB1B0B03D70
:10831000B9B8B83DC1C0C03D9190903DC1C0C03D0D
:10832000D9D8D83D8988883DB9B8B83DB1B0303D7D
:10833000A9A8A83DD1D0D03DB1B0303DA9A8A83D55
:10834000B9B8B83DE1E0603DB1B0B03D8180003EDC
:10835000D9D8D83D9998983D8584043E9D9C1C3E73
:10836000E9E8E83DB9B8B83DBDBC3C3EA1A0203E1F
:10837000D9D8D83DF1F0F03D9190103EB9B8B83D54
:10838000ADAC2C3E9998183ED1D0D03D8584043EAA
:10839000B9B8383EA9A8283E8584043E9998183E6D
:1083A000ADAC2C3EF9F8F83D8D8C0C3EADAC2C3EBE
:1083B0009D9C1C3EA5A4243E9594143EB5B4343E29
:1083C000E9E8E83D8180003E9594143E9594143E82
:1083D000A9A8A83D9998983D8180003EB1B0B03DD4
:1083E0009190903D9998183ED9D8D83D8584043E07
:1083F000B9B8383EA1A0A03D9190903D8988883DB4
:10840000F1F0F03DA1A0A03D9998983DD9D8D83D74
:10841000C1C0C03DF1F0F03DC1C0C03DD9D8D83D8C
:10842000B9B8B83DA1A0A03DD1D0503DB9B8B83D34
:10843000F1F0F03DD9D8D83D9190903DA1A0A03D5C
:10844000B1B0B03DC1C0403DB9B8B83DF1F0F03D6C
:10845000E9E8E83D9998983DF1F0F03DA5A4243E67
:108460008D8C0C3EF1F0F03DF1F0F03DADAC2C3ECA
:10847000BDBC3C3EF1F0F03DA9A8283E8988083EED
:10848000F9F8F83D9D9C1C3E8180003E9998183E6D
:10849000B1B0303EB1B0303E9D9C1C3E8988083E54
:1084A0008988083EA9A8283EA9A8283EA1A0203E68
:1084B0008D8C0C3EC5C4443E9998183EF9F8F83DA1
:1084C000D9D8D83D8D8C0C3ECDCC4C3EA5A4243EB5
:1084D0009594143EF9F8F83DE9E8E83DD9D8D83D3F
:1084E000C9C8C83DE9E8E83D8988083EF9F8F83D83
:1084F0009190103E9D9C1C3ED1D0D03DA1A0203D2E
:108500008180803D9594143E8180003EF1F0703D65
:10851000F9F8F83DB9B8B83DA9A8A83DA9A8A83D63
:10852000E1E0E03D8180003E8180803DD1D0D03DC2
:108530009998983D8988083EF9F8F83DA1A0A03D9A
:10854000C9C8C83D8D8C0C3EF9F8F83DD9D8D83D46
:108550009998983DE1E0E03DF1F0F03DF1F0F03D1B
:10856000C1C0C03D8988083EADAC2C3EB5B4343E98
:108570009998183EB1B0303E8988083EBDBC3C3E5B
:108580009594143E9594143E9594143E9998183EF3
:108590008180003EC9C8483ECDCC4C3EA9A8283EAB
:1085A0009594143E9D9C1C3EA1A0203EA1A0203E7F
:1085B0008584043EA1A0203EA1A0203ED9D8D83D6C
:1085C0008988083E8D8C0C3EB1B0B03DF9F8F83D7D
:1085D000D9D8D83DC9C8C83DC9C8C83DC1C0C03D2B
:1085E000F1F0F03DD9D8D83DD1D0D03DE9E8E83D13
:1085F000B9B8B83D9998183E9190903DB1B0B03D52
:10860000E1E0603DA9A8A83DF1F0F03DA1A0A03DAA
:10861000C1C0403E9D9C1C3E9998183EB1B0B03DF3
:10862000D9D8D83DF1F0F03DA9A8A83DB1B0B03DF2
:10863000A1A0A03DA1A0A03D8988883DE1E0E03D4A
:10864000D9D8D83DF1F0703DF9F8F83D8988083E59
:10865000F1F0F03DC1C0C03DF9F8F83DD9D8D83DA2
:10866000A9A8A83D9998983DD9D8D83D8D8C0C3EA5
:10867000B1B0303EADAC2C3EB1B0303EC1C0403E9A
:108680009998183ED1D0D03DA5A4243E9594143E8F
:108690008584043EE9E8E83D9190103E9190103EBB
:1086A000C9C8C83D8988083E9190103E8584043E23
:1086B000BDBC3C3EF1F0F03DF1F0F03D9594143E30
:1086C0009594143ED1D0D03D9190903DC1C0C03D15
:1086D000F1F0F03D9998183EC9C8C83DD9D8D83DA9
:1086E000A9A8A83DF1F0F03DC9C8C83DB1B0B03D62
:1086F000E1E0603DC1C0C03D9594143E9998183E9C
:10870000C9C8C83DB1B0B03DF1F0703DE1E0603D99
:10871000C1C0403ED1D0D03D8988083E8180003E16
:10872000C9C8C83DF1F0F03D8180803DE1E0E03D09
:10873000D9D8D83DB9B8B83DF1F0703DD1D0503D51
:10874000F1F0F03D8180803DE1E0E03DD9D8D83DB9
:10875000A9A8A83DD1D0D03D8584043E8180003EAB
:108760008584043E8D8C0C3E8584043ED1D0D03D62
:10877000BDBC3C3ED5D4543EC9C8483E8D8C0C3E51
:108780008988083EBDBC3C3EF9F8F83DB1B0B03D2B
:108790009190103E8988083EC1C0403EA9A8283E5D
:1087A0008988083ED1D0D03DD9D8D83D8D8C0C3E9B
:1087B000ADAC2C3E9998183E9D9C1C3EC1C0403EDD
:1087C000A9A8A83D9190103E9594143E9190103E1A
:1087D0009594143EA1A0203E8584043EC1C0C03DB6
:1087E000C1C0C03DF9F8F83D8988083EF9F8F83D68
:1087F000D1D0D03DA1A0203E8584043E8180003EA2
:108800009998183EC1C0C03D8180003DC1C0C03DA7
:10881000D1D0503E9594143EE9E8E83DA9A8A83D82
:10882000C1C0C03DF9F8F83DF1F0F03DC1C0C03D18
:10883000A1A0A03DB9B8B83DD1D0D03DD1D0D03D58
:10884000B9B8B83D8988883DF1F0F03DA1A0203E3F
:10885000F9F8F83DF1F0F03D9998983DE1E0E03D00
:108860008180003ED1D0D03DD1D0D03DF1F0F03D5F
:108870008584043ED9D8583ED5D4543E9594143EB0
:108880008180003EA1A0203E9998183EC1C0C03D05
:108890008988083E9190103E8988083EF9F8F83D95
:1088A0008180003EC1C0C03DD1D0D03DA5A4243EB2
:1088B0009D9C1C3EF9F8F83DE9E8E83D8584043EBE
:1088C0009190903DF9F8F83DA1A0A03DB9B8B83D10
:1088D000D1D0D03D9594143E8988083EC9C8C83D82
:1088E000D1D0D03DE9E8E83DD1D0D03DA5A4243E8B
:1088F0008584043E8988083EB1B0303E9D9C1C3E74
:10890000A9A8A83DB1B0B03DB1B0B03DF1F0F03D87
:108910008584843EE1E0E03DA1A0A03DE9E8E83D9A
:10892000C1C0C03DF1F0703D9190103D9998983DC7
:10893000B1B0B03DA9A8A83DA9A8A83D9998983D77
:108940008988883D8180003DC9C8C83DA1A0203EDE
:108950009998183EC9C8C83D8180803DC1C0C03DBE
:108960008988883DD1D0D03DA9A8A83DA9A8283E96
:108970008988083ED5D4543EB1B0303E9D9C1C3E03
:108980008584043E8D8C0C3E8988083EE1E0E03D04
:108990008180003EA9A8283EE1E0E03DC9C8C83D6D
:1089A0008180003EE1E0E03DB9B8383E8988083E6C
:1089B0008180003E8180003EF1F0F03DE1E0E03D4D
:1089C000A9A8283E8180003EA1A0A03D8180803DD5
:1089D000C9C8C83DB1B0B03D8180003E9190903D86
:1089E000D1D0D03DE1E0E03DF9F8F83DA1A0A03DB7
:1089F0008180803D8584043EBDBC3C3EC1C0403E7C
:108A0000F9F8F83D8988883DB1B0B03DF9F8F83DF6
:108A10000000000000000000000000000000000056
:108A2000000000001327373D2A424C3F0000003F62
:108A30000000B0420000B0C20000807F3BAAB83FF7
:108A40001872313F0000803F0000003FABAA2A3E71
:108A5000ACAA2A3D8588083C0000803F000000BF8A
:108A6000ACAA2A3D6A0BB6BA0000803FABAA2ABE68
:108A70008588083C470C50B9DB0F4940DB0FC940E3
:108A800083F9223E0000803F00000040000080404B
:02000004FFFFFC
:08FFF800000004F0900A06F07D
:040000058000000077
:00000001FF
