:0200000480007A
:10000000B70204F087A002005393A0A0630A030084
:10001000B70204F003A38200530503F067800000D9
:10002000B70204F087A04200531315A06306030033
:10003000530500F067800000B70204F087A0C200FB
:1000400053711510D30301C0D3F103D0B70204F0EC
:1000500007A20201D3F2411053705508B70204F011
:1000600087A54202B70204F007A60202C375B0607A
:10007000B70204F007A6C201C375B060B70204F06E
:1000800007A68201C375B060B70204F007A642015B
:10009000C375B0604375B0609383F30793937301A6
:1000A000D38003F05375151067800000B70204F089
:1000B00087A00205B70204F007A14205D3712510FD
:1000C00053A301C0D37103D0D3F111105375350878
:1000D000B70204F087A082045393A0A06306030034
:1000E00053751508537515085325A520B70204F05C
:1000F00087A08204B70204F007A1C20493030000A2
:100100005313A1A06306030053F5A0089303100046
:100110005370A510B70204F087A04203B70204F0A1
:1001200007A10203C3701010B70204F007A1C202B6
:10013000C3701010B70204F007A1820243751010BB
:10014000638403005315A52067800000D303A52016
:100150005325A520B70204F087A00205B70204F0DA
:1001600007A14205D371251053A301C0D37103D059
:10017000D3F1111053753508B70204F087A082043B
:100180005393A0A063060300537515085375150813
:10019000D3A3A3205325A520B70204F007A1C204CE
:1001A0005313A1A06304030053F5A0085370A510D6
:1001B000B70204F087A04204B70204F007A10204CA
:1001C000C3701010B70204F007A1C203C37010106F
:1001D000B70204F007A18203C37010105375151005
:1001E0005325752067800000130141FF2320110073
:1001F00027229100272421015309A5205320A5205F
:10020000B70204F087A00206531310A0630803028C
:10021000B70204F007A0C20553750910EFF05FDEC6
:10022000D304A520B70204F007A0820553F5040803
:10023000D3F00400537515186F000001B70204F0E5
:1002400007A5820553052521072981008724410040
:10025000832001001301C10067800000B712000075
:100260001303050093830500130E06006384020246
:10027000832E0300139F2E00B38FE30107A50F0009
:100280002720AE0013034300130E4E009382F2FFAB
:100290006FF0DFFD67800000130141FE2320810025
:1002A0002322910023242101232631012328410107
:1002B000232A5101232C61011304050093840500B6
:1002C0001309060093890600130A0700938A0700A2
:1002D000130B0800630E0B06138E0A00938E0400A6
:1002E000138F0900630A0E0407A50E00B38FCA41DD
:1002F000B38F4F03939F2F00B30FF40193020900B4
:1003000013030A006300030287A50F0007A602007B
:1003100043F5C550938F4F00938242001303F3FFC0
:100320006FF05FFE2720AF00938E4E00130F4F003B
:10033000130EFEFF6FF01FFB93122A0033095900C2
:1003400093922A00B3895900130BFBFF6FF09FF8BB
:100350000324010083244100032981008329C10073
:10036000032A0101832A4101032B81011301C101E9
:1003700067800000130101FD23201100232281006A
:10038000232491002326210123283101232A41011E
:10039000232C5101232E6101232071032322810389
:1003A000232491032326A10313040500938405004D
:1003B0001309060093890600130A0700938A0700B1
:1003C000130B0800379C05F0130CCCE1930B0000D5
:1003D0009302000463D05B3693922B00B302540067
:1003E00007A50200EFF0DFC15304A520930C000025
:1003F0009302000263DA5C1493020002B3825B0290
:10040000B382920193922200B382540007A50200A6
:10041000EFF01FBFD314A52093020002B3825B024A
:10042000B382920193922200B302590007A90200FD
:10043000D3F98410537A891053853921EFF05FBCCA
:10044000D30AA52053054A21EFF05FC6530BA52020
:1004500053054A21EFF09FCFD30BA520D3F56A11A6
:1004600053F67A1193020002B3825B02B3829201C7
:1004700013032000B382620293922200B3825900D8
:1004800087A6020007A74200B70204F007A0820572
:10049000D3F005085301C620D3F11610537227106C
:1004A000D3F1410853F22610D37217105372520041
:1004B000D3F2941053732911D3F2620053F39110C5
:1004C000D37322115373730053735318D373921061
:1004D000D3F72111D3F3F308D3F3531893922C00DD
:1004E000379305F033035300272E53A9379305F0B4
:1004F00033035300272E63B1379305F033035300C2
:10050000272E73B9379305F033035300272E63D09A
:10051000379305F033035300272E73D8379305F034
:1005200033035300B70304F007A58305272EA3C0A8
:10053000379305F033035300530500F0272EA3C86B
:10054000938C1C006FF0DFEA930C0000B7120000E0
:1005500063DE5C0ED30700F0130D0000930200026F
:10056000635C5D0C93122D00379305F03303530049
:100570008729C3D1379305F033035300072AC3D922
:10058000379305F033035300872AC3C1379305F02F
:1005900033035300072BC3C953F05911D3706A11A9
:1005A00053701008370304F08720C305C3F70078A1
:1005B000379305F0330353000721C3A9379305F0A0
:1005C000330353008721C3B1379305F0330353003E
:1005D0000722C3B9D371311053724110D3F23A10CC
:1005E00053734B10D3F2620853F34A10D3733B108A
:1005F0005373730053AE5220D32E6320537EDE011B
:10060000370304F0872E83065313DEA1630603002D
:10061000D30200F0530300F0379305F03303530087
:10062000272E53C0379305F033035300272E63C89A
:10063000130D1D006FF09FF293922C00B3025C002B
:1006400027A0F200938C1C006FF05FF0930C000069
:10065000B712000063D45C0493922C00B3025C00D8
:1006600007A502005323A5A063180300530500F05B
:1006700027A0A2006F0000025320A520370304F03A
:1006800087204306539300A063060300530500F040
:1006900027A0A200938C1C006FF09FFB93922B006D
:1006A000B3025A0087A40200930C0000B7120000A6
:1006B00063DE5C0693020004B3825C02B3827201C3
:1006C00093922200B3825A0007A50200D3F7A41028
:1006D000130D000063CCAC0393122D00B3025C0039
:1006E00087A50200B382AC4113030004B382620207
:1006F000B382720193922200B3825A0007A60200CD
:10070000C3F7C578130D1D006FF0DFFC93020004E2
:10071000B3825C02B382720193922200B3025B0047
:1007200027A0F200938C1C006FF05FF8938B1B00E6
:100730006FF01FCA8320010003244100832481003D
:100740000329C10083290101032A4101832A810170
:10075000032BC101832B0102032C4102832C810254
:10076000032DC1021301010367800000130101FF83
:1007700023201100232281002324910027269100A9
:100780001304050093840500638004060725040014
:10079000D304A5205370A5105370A010B70204F025
:1007A00087A0C2065370101053700500B70204F002
:1007B00087A0020753751010EFF01FA3B70204F0D3
:1007C00087A082055375150053F5A410B70204F0F5
:1007D00087A04207537515102720A4001304440076
:1007E0009384F4FF6FF05FFA8724C10083248100B3
:1007F00003244100832001001301010167800000F0
:10080000B71200009382F2FF13030004B382620266
:10081000939222003305550093020004638E020078
:100820000720050027A00500130545009385450016
:100830009382F2FF6FF09FFE678000001301C1FEFC
:10084000232011002322810023249100232621014B
:1008500023283101130405009384050007250400B3
:100860009302100063D292021393220033036400B8
:1008700007200300D31305A0638403005305002061
:10088000938212006FF01FFE5304A520D30600F0E0
:10089000130900006354990293122900B30954000C
:1008A00007A5090053758508EFF08FF527A0A9006B
:1008B000D3F6A600130919006FF0DFFD130900003D
:1008C0006350990293122900B302540007A5020055
:1008D0005375D51827A0A200130919006FF05FFE09
:1008E00003244100832481000329C10083290101DD
:1008F000832001001301410167800000373136F089
:100900001301C1F2370504F013058507B75505F04B
:10091000938585A837D605F01306C6E1EFF01F943E
:10092000374504F013058507B74504F0938585170F
:1009300037D605F01306C6E1B71606F09386C6E172
:10094000130710009307000437180000EFF0DF943E
:10095000374504F013058527B74504F0938585379F
:10096000376604F013068637B78604F09386863719
:1009700037C704F013078737B71706F09387C7E127
:10098000371816F01308C8E1EFF0DF9E371516F0A0
:100990001305C5E1B7050400EFF05FDD37C504F0CE
:1009A00013058547B7C504F09385855737E604F0EE
:1009B00013068657B70605F093868657374705F026
:1009C00013078757B71716F09387C7E1371826F034
:1009D0001308C8E1EFF01F9A371526F01305C5E19B
:1009E000B7050400EFF09FD8371526F01305C5E1D1
:1009F000B71536F09385C5E1EFF09FE0374505F078
:100A000013058567B75505F0938585A7371636F02A
:100A10001306C6E1B71636F09386C6F11307000435
:100A20009307400013081000EFF01F87371536F0CA
:100A30001305C5F193054000EFF05FE0B71236F003
:100A40009382C2F107A5020087A5420007A6820093
:100A500087A6C200379305F0130383A82720A300BD
:100A60002722B3002724C3002726D300D392A5A0B2
:100A700093030000638602005385B52093031000A2
:100A8000D312A6A0638602005305C620930320005C
:100A9000D392A6A06384020093033000B79205F0BE
:100AA00023AC72A8371436F01304C4F1B70458D03D
:100AB00093844400032904009309C00163C609021A
:100AC000B352390193F2F2001303A00063C662002F
:100AD000938272056F00800093820203238054008A
:100AE0009389C9FF6FF09FFD930200022380540099
:100AF000032944009309C00163C60902B3523901B6
:100B000093F2F2001303A00063C6620093827205A1
:100B10006F00800093820203238054009389C9FFF1
:100B20006FF09FFD9302000223805400032984008C
:100B30009309C00163C60902B352390193F2F2006E
:100B40001303A00063C66200938272056F008000E9
:100B500093820203238054009389C9FF6FF09FFDA5
:100B600093020002238054000329C4009309C001AA
:100B700063C60902B352390193F2F2001303A000D5
:100B800063C66200938272056F0080009382020345
:100B9000238054009389C9FF6FF09FFD9302A0004A
:100BA00023805400B70158D0938101009302F00FC5
:100BB00023805100E30800FE130000001300000032
:100BC00013000000130000001300000013000000D9
:100BD00013000000130000001300000013000000C9
:100BE00013000000130000001300000013000000B9
:100BF00013000000130000001300000013000000A9
:100C00001300000013000000130000001300000098
:100C10001300000013000000130000001300000088
:100C20001300000013000000130000001300000078
:100C30001300000013000000130000001300000068
:100C40001300000013000000130000001300000058
:100C50001300000013000000130000001300000048
:100C60001300000013000000130000001300000038
:100C70001300000013000000130000001300000028
:100C80001300000013000000130000001300000018
:100C90001300000013000000130000001300000008
:100CA00013000000130000001300000013000000F8
:100CB00013000000130000001300000013000000E8
:100CC00013000000130000001300000013000000D8
:100CD00013000000130000001300000013000000C8
:100CE00013000000130000001300000013000000B8
:100CF00013000000130000001300000013000000A8
:100D00001300000013000000130000001300000097
:100D10001300000013000000130000001300000087
:100D20001300000013000000130000001300000077
:100D30001300000013000000130000001300000067
:080D4000130000001300000085
:02000004F00406
:100000000000B0420000B0C20000807F3BAAB83FB1
:100010001872313F0000803F0000003FABAA2A3E2B
:10002000ACAA2A3D8588083C0000803F000000BF44
:10003000ACAA2A3D6A0BB6BA0000803FABAA2ABE22
:100040008588083C470C50B9DB0F4940DB0FC93F9E
:10005000DB0FC94083F9223E0000803F00000040D2
:10006000000080409EC97F7F08E53C1E1327373D76
:100070002A424C3F0000003F000000000100000049
:10008000410000004000000080000000C0000000AF
:10009000C10000008100000082000000C2000000DA
:1000A000C300000083000000430000004200000085
:1000B00002000000030000000400000044000000F3
:1000C00045000000050000000600000007000000D9
:1000D0004700000046000000860000008700000086
:1000E000C7000000C6000000C50000008500000039
:1000F00084000000C400000004010000440100006E
:100100004501000005010000060100000701000094
:100110004701000046010000860100008701000041
:10012000C7010000C6010000C501000085010000F4
:1001300084010000C4010000C3010000C2010000EE
:100140008201000083010000430100000301000060
:100150000201000042010000410100000101000015
:10016000000100004001000080010000810100004A
:10017000C1010000C00100000002000040020000B8
:100180004102000001020000020200000302000020
:1001900043020000420200008202000083020000CD
:1001A000C3020000C2020000C10200008102000080
:1001B00080020000C00200000003000001030000F4
:1001C000410300004003000080030000C003000062
:1001D000C10300008103000082030000C20300008D
:1001E000C303000083030000430300004203000038
:1001F00002030000030300000403000005030000E5
:10020000450300004403000084030000C403000011
:10021000C50300008503000086030000C60300003C
:10022000C7030000870300004703000046030000E7
:100230000603000007030000C70200008702000059
:1002400086020000C6020000C5020000C4020000D1
:100250008402000085020000450200004402000004
:100260000402000005020000060200004602000031
:1002700047020000070200000802000048020000D8
:1002800049020000090200000A0200000B020000FF
:100290004B0200004A0200008A0200008B020000AC
:1002A000CB020000CA020000C9020000890200005F
:1002B00088020000C80200000803000009030000D3
:1002C000490300004803000088030000C803000041
:1002D000C9030000890300008A030000CA0300006C
:1002E000CB0300008B0300004B0300004A03000017
:1002F0000A0300000B0300000C0300000D030000C4
:100300004D0300004C0300008C030000CC030000F0
:10031000CD0300008D0300008E030000CE0300001B
:10032000CF0300008F0300004F0300004E030000C6
:100330000E0300000F030000CF0200008F02000038
:100340008E020000CE020000CD020000CC020000B0
:100350008C0200008D0200004D0200004C020000E3
:100360000C0200000D0200000E0200004E02000010
:100370004F0200000F020000CF010000CE0100007C
:100380008E0100008F0100004F0100000F010000EE
:100390000E0100004E0100004D0100000D010000A3
:1003A0000C0100004C0100008C0100008D010000D8
:1003B000CD010000CC010000CB0100008B0100004A
:1003C0008A010000CA010000C9010000C801000044
:1003D0008801000089010000490100004801000077
:1003E00008010000090100000A0100004A010000A4
:1003F0004B0100000B010000CB0000008B0000004F
:100400008A000000CA000000C9000000C800000007
:10041000880000008900000049000000480000003A
:1004200008000000090000000A0000004A00000067
:100430004B0000000B0000000C0000000D0000004D
:100440004D0000004C0000008C000000CC000000BB
:10045000CD0000008D0000008E000000CE000000E6
:10046000CF0000008F0000004F0000004E00000091
:100470000E0000000F0000001000000050000000FF
:1004800051000000110000001200000013000000E5
:100490005300000052000000920000009300000092
:1004A000D3000000D2000000D10000009100000045
:1004B00090000000D00000001001000011010000B9
:1004C000510100005001000090010000D001000027
:1004D000D10100009101000092010000D201000052
:1004E000D3010000930100005301000052010000FD
:1004F00012010000130100001401000015010000AA
:10050000550100005401000094010000D4010000D6
:10051000D50100009501000096010000D601000001
:10052000D7010000970100005701000056010000AC
:100530001601000017010000D7000000970000001E
:1005400096000000D6000000D5000000D400000096
:1005500094000000950000005500000054000000C9
:1005600014000000150000001600000056000000F6
:1005700057000000170000001800000019000000DC
:10058000590000005800000098000000D80000004A
:10059000D9000000990000009A000000DA00000075
:1005A000DB0000009B0000005B0000005A00000020
:1005B0001A0000001B0000001C0000005C0000008E
:1005C0005D0000001D0000001E0000001F00000074
:1005D0005F0000005E0000009E0000009F00000021
:1005E000DF000000DE000000DD0000009D000000D4
:1005F0009C000000DC0000001C0100005C01000009
:100600005D0100001D0100001E0100001F0100002F
:100610005F0100005E0100009E0100009F010000DC
:10062000DF010000DE010000DD0100009D0100008F
:100630009C010000DC010000DB010000DA01000089
:100640009A0100009B0100005B0100001B010000FB
:100650001A0100005A0100005901000019010000B0
:1006600018010000580100009801000099010000E5
:10067000D9010000D8010000180200001902000092
:10068000590200005802000098020000D802000041
:10069000D9020000990200009A020000DA0200006C
:1006A000DB0200009B0200005B0200005A02000017
:1006B0001A0200001B0200001C0200005C02000085
:1006C0005D0200001D0200001E0200001F0200006B
:1006D0005F0200005E0200009E0200009F02000018
:1006E000DF020000DE020000DD0200009D020000CB
:1006F0009C020000DC0200001C0300005C03000000
:100700005D0300001D0300001E0300001F03000026
:100710005F0300005E0300009E0300009F030000D3
:10072000DF030000DE030000DD0300009D03000086
:100730009C030000DC030000DB030000DA03000080
:100740009A0300009B0300005B0300001B030000F2
:100750001A0300005A0300005903000019030000A7
:1007600018030000580300009803000099030000DC
:10077000D9030000D8030000D7030000970300004E
:1007800096030000D6030000D5030000D403000048
:10079000940300009503000055030000540300007B
:1007A00014030000150300001603000056030000A8
:1007B0005703000017030000D7020000D602000014
:1007C0009602000097020000570200001702000086
:1007D000160200005602000055020000150200003B
:1007E0001402000054020000940200009502000070
:1007F000D5020000D4020000D3020000D2020000A3
:100800009202000093020000530200001302000055
:10081000120200005202000051020000110200000A
:10082000100200005002000090020000910200003F
:10083000D1020000D00200001003000050030000AD
:100840005103000011030000120300001303000015
:1008500053030000520300009203000093030000C2
:10086000D3030000D2030000D10300009103000075
:1008700090030000D00300001004000050040000AA
:1008800051040000110400001204000013040000D1
:10089000530400005204000092040000930400007E
:1008A000D3040000D2040000D10400009104000031
:1008B00090040000D00400001005000011050000A5
:1008C000510500005005000090050000D005000013
:1008D000D10500009105000092050000D20500003E
:1008E000D3050000930500005305000052050000E9
:1008F0001205000013050000140500001505000096
:10090000550500005405000094050000D4050000C2
:10091000D50500009505000096050000D6050000ED
:10092000D705000097050000570500005605000098
:100930001605000017050000D7040000970400000A
:1009400096040000D6040000D5040000D404000082
:1009500094040000950400005504000054040000B5
:1009600014040000150400001604000056040000E2
:1009700057040000170400001804000019040000C8
:10098000590400005804000098040000D804000036
:10099000D9040000990400009A040000DA04000061
:1009A000DB0400009B0400005B0400005A0400000C
:1009B0001A0400001B0400001C0400005C0400007A
:1009C0005D0400001D0400001E0400001F04000060
:1009D0005F0400005E0400009E0400009F0400000D
:1009E000DF040000DE040000DD0400009D040000C0
:1009F0009C040000DC0400001C0500005C050000F5
:100A00005D0500001D0500001E0500001F0500001B
:100A10005F0500005E0500009E0500009F050000C8
:100A2000DF050000DE050000DD0500009D0500007B
:100A30009C050000DC050000DB050000DA05000075
:100A40009A0500009B0500005B0500001B050000E7
:100A50001A0500005A05000059050000190500009C
:100A600018050000580500009805000099050000D1
:100A7000D9050000D805000018060000190600007E
:100A8000590600005806000098060000D80600002D
:100A9000D9060000990600009A060000DA06000058
:100AA000DB0600009B0600005B0600005A06000003
:100AB0001A0600001B0600001C0600005C06000071
:100AC0005D0600001D0600001E0600001F06000057
:100AD0005F0600005E0600009E0600009F06000004
:100AE000DF060000DE060000DD0600009D060000B7
:100AF0009C060000DC0600001C0700005C070000EC
:100B00005D0700001D0700001E0700001F07000012
:100B10005F0700005E0700009E0700009F070000BF
:100B2000DF070000DE070000DD0700009D07000072
:100B30009C070000DC070000DB070000DA0700006C
:100B40009A0700009B0700005B0700001B070000DE
:100B50001A0700005A070000590700001907000093
:100B600018070000580700009807000099070000C8
:100B7000D9070000D8070000D7070000970700003A
:100B800096070000D6070000D5070000D407000034
:100B90009407000095070000550700005407000067
:100BA0001407000015070000160700005607000094
:100BB0005707000017070000D7060000D606000000
:100BC0009606000097060000570600001706000072
:100BD0001606000056060000550600001506000027
:100BE000140600005406000094060000950600005C
:100BF000D5060000D4060000D3060000D20600008F
:100C00009206000093060000530600001306000041
:100C100012060000520600005106000011060000F6
:100C2000100600005006000090060000910600002B
:100C3000D1060000D0060000100700005007000099
:100C40005107000011070000120700001307000001
:100C500053070000520700009207000093070000AE
:100C6000D3070000D2070000D10700009107000061
:100C700090070000D0070000CF070000CE0700005B
:100C80008E0700008F0700004F0700000F070000CD
:100C90000E0700004E0700004D0700000D07000082
:100CA0000C0700004C0700008C0700008D070000B7
:100CB000CD070000CC070000CB0700008B07000029
:100CC0008A070000CA070000C9070000C807000023
:100CD0008807000089070000490700004807000056
:100CE00008070000090700000A0700004A07000083
:100CF0004B0700000B070000CB0600008B0600002E
:100D00008A060000CA060000C9060000C8060000E6
:100D10008806000089060000490600004806000019
:100D200008060000090600000A0600004A06000046
:100D30004B0600000B0600000C0600000D0600002C
:100D40004D0600004C0600008C060000CC0600009A
:100D5000CD0600008D0600008E060000CE060000C5
:100D6000CF0600008F0600004F0600004E06000070
:100D70000E0600000F060000CF0500008F050000E2
:100D80008E050000CE050000CD050000CC0500005A
:100D90008C0500008D0500004D0500004C0500008D
:100DA0000C0500000D0500000E0500004E050000BA
:100DB0004F0500000F050000CF040000CE04000026
:100DC0008E0400008F0400004F0400000F04000098
:100DD0000E0400004E0400004D0400000D0400004D
:100DE0000C0400004C0400008C0400008D04000082
:100DF000CD040000CC040000CB040000CA040000B5
:100E00008A0400008B0400004B0400000B04000067
:100E10000A0400004A04000049040000090400001C
:100E20000804000048040000880400008904000051
:100E3000C9040000C80400000805000048050000BF
:100E400049050000090500000A0500000B05000027
:100E50004B0500004A0500008A0500008B050000D4
:100E6000CB050000CA050000C90500008905000087
:100E700088050000C8050000C705000087050000C0
:100E800086050000C6050000C5050000C405000079
:100E900084050000850500004505000044050000AC
:100EA00004050000050500000605000046050000D9
:100EB0004705000007050000C7040000C604000045
:100EC00086040000870400004704000007040000B7
:100ED000060400004604000045040000050400006C
:100EE00004040000440400008404000085040000A1
:100EF000C5040000C4040000C3040000C2040000D4
:100F00008204000083040000430400000304000086
:100F1000020400004204000041040000010400003B
:100F20000004000040040000800400008104000070
:100F3000C1040000C00400000005000040050000DE
:100F40004105000001050000020500000305000046
:100F500043050000420500008205000083050000F3
:100F6000C3050000C2050000C105000081050000A6
:100F700080050000C005000000060000010600001A
:100F8000410600004006000080060000C006000088
:100F9000C10600008106000082060000C2060000B3
:100FA000C30600008306000043060000420600005E
:100FB00002060000030600000406000044060000CC
:100FC00045060000050600000606000007060000B2
:100FD000470600004606000086060000870600005F
:100FE000C7060000C6060000C50600008506000012
:100FF00084060000C4060000040700004407000047
:10100000450700000507000006070000070700006D
:10101000470700004607000086070000870700001A
:10102000C7070000C6070000C507000085070000CD
:1010300084070000C4070000C3070000C2070000C7
:101040008207000083070000430700000307000039
:1010500002070000420700004107000001070000EE
:101060000007000040070000800700008107000023
:10107000C1070000C0070000000800004008000091
:1010800041080000010800000208000003080000F9
:1010900043080000420800008208000083080000A6
:1010A000C3080000C2080000C10800008108000059
:1010B00080080000C00800000009000001090000CD
:1010C000410900004009000080090000C00900003B
:1010D000C10900008109000082090000C209000066
:1010E000C309000083090000430900004209000011
:1010F00002090000030900000409000005090000BE
:10110000450900004409000084090000C4090000EA
:10111000C50900008509000086090000C609000015
:10112000C7090000870900004709000046090000C0
:101130000609000007090000C70800008708000032
:1011400086080000C6080000C5080000C4080000AA
:1011500084080000850800004508000044080000DD
:10116000040800000508000006080000460800000A
:1011700047080000070800000808000009080000F0
:10118000490800004808000088080000C80800005E
:10119000C9080000890800008A080000CA08000089
:1011A000CB0800008B0800004B0800004A08000034
:1011B0000A0800000B0800000C0800004C080000A2
:1011C0004D0800000D0800000E0800000F08000088
:1011D0004F0800004E0800008E0800008F08000035
:1011E000CF080000CE080000CD0800008D080000E8
:1011F0008C080000CC0800000C0900004C0900001D
:101200004D0900000D0900000E0900000F09000043
:101210004F0900004E0900008E0900008F090000F0
:10122000CF090000CE090000CD0900008D090000A3
:101230008C090000CC090000CB090000CA0900009D
:101240008A0900008B0900004B0900000B0900000F
:101250000A0900004A0900004909000009090000C4
:1012600008090000480900008809000089090000F9
:10127000C9090000C8090000080A0000090A0000A6
:10128000490A0000480A0000880A0000C80A000055
:10129000C90A0000890A00008A0A0000CA0A000080
:1012A000CB0A00008B0A00004B0A00004A0A00002B
:1012B0000A0A00000B0A00000C0A00004C0A000099
:1012C0004D0A00000D0A00000E0A00000F0A00007F
:1012D0004F0A00004E0A00008E0A00008F0A00002C
:1012E000CF0A0000CE0A0000CD0A00008D0A0000DF
:1012F0008C0A0000CC0A00000C0B00004C0B000014
:101300004D0B00000D0B00000E0B00000F0B00003A
:101310004F0B00004E0B00008E0B00008F0B0000E7
:10132000CF0B0000CE0B0000CD0B00008D0B00009A
:101330008C0B0000CC0B0000CB0B0000CA0B000094
:101340008A0B00008B0B00004B0B00000B0B000006
:101350000A0B00004A0B0000490B0000090B0000BB
:10136000080B0000480B0000880B0000890B0000F0
:10137000C90B0000C80B0000C70B0000870B000062
:10138000860B0000C60B0000C50B0000C40B00005C
:10139000840B0000850B0000450B0000440B00008F
:1013A000040B0000050B0000060B0000460B0000BC
:1013B000470B0000070B0000C70A0000C60A000028
:1013C000860A0000870A0000470A0000070A00009A
:1013D000060A0000460A0000450A0000050A00004F
:1013E000040A0000440A0000840A0000850A000084
:1013F000C50A0000C40A0000C30A0000C20A0000B7
:10140000820A0000830A0000430A0000030A000069
:10141000020A0000420A0000410A0000010A00001E
:10142000000A0000400A0000800A0000810A000053
:10143000C10A0000C00A0000000B0000400B0000C1
:10144000410B0000010B0000020B0000030B000029
:10145000430B0000420B0000820B0000830B0000D6
:10146000C30B0000C20B0000C10B0000810B000089
:10147000800B0000C00B0000000C0000010C0000FD
:10148000410C0000400C0000800C0000C00C00006B
:10149000C10C0000810C0000820C0000C20C000096
:1014A000C30C0000830C0000430C0000420C000041
:1014B000020C0000030C0000040C0000440C0000AF
:1014C000450C0000050C0000060C0000070C000095
:1014D000470C0000460C0000860C0000870C000042
:1014E000C70C0000C60C0000C50C0000850C0000F5
:1014F000840C0000C40C0000040D0000440D00002A
:10150000450D0000050D0000060D0000070D000050
:10151000470D0000460D0000860D0000870D0000FD
:10152000C70D0000C60D0000C50D0000850D0000B0
:10153000840D0000C40D0000C30D0000C20D0000AA
:10154000820D0000830D0000430D0000030D00001C
:10155000020D0000420D0000410D0000010D0000D1
:10156000000D0000400D0000800D0000810D000006
:10157000C10D0000C00D0000000E0000400E000074
:10158000410E0000010E0000020E0000030E0000DC
:10159000430E0000420E0000820E0000830E000089
:1015A000C30E0000C20E0000C10E0000810E00003C
:1015B000800E0000C00E0000000F0000010F0000B0
:1015C000410F0000400F0000800F0000C00F00001E
:1015D000C10F0000810F0000820F0000C20F000049
:1015E000C30F0000830F0000430F0000420F0000F4
:1015F000020F0000030F0000040F0000050F0000A1
:10160000450F0000440F0000840F0000C40F0000CD
:10161000C50F0000850F0000860F0000C60F0000F8
:10162000C70F0000870F0000470F0000460F0000A3
:10163000060F0000070F0000C70E0000870E000015
:10164000860E0000C60E0000C50E0000C40E00008D
:10165000840E0000850E0000450E0000440E0000C0
:10166000040E0000050E0000060E0000460E0000ED
:10167000470E0000070E0000080E0000480E000094
:10168000490E0000090E00000A0E00000B0E0000BB
:101690004B0E00004A0E00008A0E00008B0E000068
:1016A000CB0E0000CA0E0000C90E0000890E00001B
:1016B000880E0000C80E0000080F0000090F00008F
:1016C000490F0000480F0000880F0000C80F0000FD
:1016D000C90F0000890F00008A0F0000CA0F000028
:1016E000CB0F00008B0F00004B0F00004A0F0000D3
:1016F0000A0F00000B0F00000C0F00000D0F000080
:101700004D0F00004C0F00008C0F0000CC0F0000AC
:10171000CD0F00008D0F00008E0F0000CE0F0000D7
:10172000CF0F00008F0F00004F0F00004E0F000082
:101730000E0F00000F0F0000CF0E00008F0E0000F4
:101740008E0E0000CE0E0000CD0E0000CC0E00006C
:101750008C0E00008D0E00004D0E00004C0E00009F
:101760000C0E00000D0E00000E0E00004E0E0000CC
:101770004F0E00000F0E0000CF0D0000CE0D000038
:101780008E0D00008F0D00004F0D00000F0D0000AA
:101790000E0D00004E0D00004D0D00000D0D00005F
:1017A0000C0D00004C0D00008C0D00008D0D000094
:1017B000CD0D0000CC0D0000CB0D00008B0D000006
:1017C0008A0D0000CA0D0000C90D0000C80D000000
:1017D000880D0000890D0000490D0000480D000033
:1017E000080D0000090D00000A0D00004A0D000060
:1017F0004B0D00000B0D0000CB0C00008B0C00000B
:101800008A0C0000CA0C0000C90C0000C80C0000C3
:10181000880C0000890C0000490C0000480C0000F6
:10182000080C0000090C00000A0C00004A0C000023
:101830004B0C00000B0C00000C0C00000D0C000009
:101840004D0C00004C0C00008C0C0000CC0C000077
:10185000CD0C00008D0C00008E0C0000CE0C0000A2
:10186000CF0C00008F0C00004F0C00004E0C00004D
:101870000E0C00000F0C0000100C0000110C0000FA
:10188000510C0000500C0000900C0000D00C000027
:10189000D10C0000910C0000920C0000D20C000052
:1018A000D30C0000930C0000530C0000520C0000FD
:1018B000120C0000130C0000140C0000540C00006B
:1018C000550C0000150C0000160C0000170C000051
:1018D000570C0000560C0000960C0000970C0000FE
:1018E000D70C0000D60C0000D50C0000950C0000B1
:1018F000940C0000D40C0000140D0000540D0000E6
:10190000550D0000150D0000160D0000170D00000C
:10191000570D0000560D0000960D0000970D0000B9
:10192000D70D0000D60D0000D50D0000950D00006C
:10193000940D0000D40D0000D30D0000D20D000066
:10194000920D0000930D0000530D0000130D0000D8
:10195000120D0000520D0000510D0000110D00008D
:10196000100D0000500D0000900D0000910D0000C2
:10197000D10D0000D00D0000100E0000500E000030
:10198000510E0000110E0000120E0000130E000098
:10199000530E0000520E0000920E0000930E000045
:1019A000D30E0000D20E0000D10E0000910E0000F8
:1019B000900E0000D00E0000100F0000110F00006C
:1019C000510F0000500F0000900F0000D00F0000DA
:1019D000D10F0000910F0000920F0000D20F000005
:1019E000D30F0000930F0000530F0000520F0000B0
:1019F000120F0000130F0000140F0000150F00005D
:101A0000550F0000540F0000940F0000D40F000089
:101A1000D50F0000950F0000960F0000D60F0000B4
:101A2000D70F0000970F0000570F0000560F00005F
:101A3000160F0000170F0000D70E0000970E0000D1
:101A4000960E0000D60E0000D50E0000D40E000049
:101A5000940E0000950E0000550E0000540E00007C
:101A6000140E0000150E0000160E0000560E0000A9
:101A7000570E0000170E0000180E0000580E000050
:101A8000590E0000190E00001A0E00001B0E000077
:101A90005B0E00005A0E00009A0E00009B0E000024
:101AA000DB0E0000DA0E0000D90E0000990E0000D7
:101AB000980E0000D80E0000180F0000190F00004B
:101AC000590F0000580F0000980F0000D80F0000B9
:101AD000D90F0000990F00009A0F0000DA0F0000E4
:101AE000DB0F00009B0F00005B0F00005A0F00008F
:101AF0001A0F00001B0F00001C0F00001D0F00003C
:101B00005D0F00005C0F00009C0F0000DC0F000068
:101B1000DD0F00009D0F00009E0F0000DE0F000093
:101B2000DF0F00009F0F00005F0F00005E0F00003E
:101B30001E0F00001F0F0000DF0E00009F0E0000B0
:101B40009E0E0000DE0E0000DD0E0000DC0E000028
:101B50009C0E00009D0E00005D0E00005C0E00005B
:101B60001C0E00001D0E00001E0E00005E0E000088
:101B70005F0E00001F0E0000DF0D0000DE0D0000F4
:101B80009E0D00009F0D00005F0D00001F0D000066
:101B90001E0D00005E0D00005D0D00001D0D00001B
:101BA0001C0D00005C0D00009C0D00009D0D000050
:101BB000DD0D0000DC0D0000DB0D00009B0D0000C2
:101BC0009A0D0000DA0D0000D90D0000D80D0000BC
:101BD000980D0000990D0000590D0000580D0000EF
:101BE000180D0000190D00001A0D00005A0D00001C
:101BF0005B0D00001B0D0000DB0C00009B0C0000C7
:101C00009A0C0000DA0C0000D90C0000D80C00007F
:101C1000980C0000990C0000590C0000580C0000B2
:101C2000180C0000190C00001A0C00005A0C0000DF
:101C30005B0C00001B0C00001C0C00001D0C0000C5
:101C40005D0C00005C0C00009C0C0000DC0C000033
:101C5000DD0C00009D0C00009E0C0000DE0C00005E
:101C6000DF0C00009F0C00005F0C00005E0C000009
:101C70001E0C00001F0C0000DF0B00009F0B00007B
:101C80009E0B0000DE0B0000DD0B0000DC0B0000F3
:101C90009C0B00009D0B00005D0B00005C0B000026
:101CA0001C0B00001D0B00001E0B00005E0B000053
:101CB0005F0B00001F0B0000DF0A0000DE0A0000BF
:101CC0009E0A00009F0A00005F0A00001F0A000031
:101CD0001E0A00005E0A00005D0A00001D0A0000E6
:101CE0001C0A00005C0A00009C0A00009D0A00001B
:101CF000DD0A0000DC0A0000DB0A0000DA0A00004E
:101D00009A0A00009B0A00005B0A00001B0A000000
:101D10001A0A00005A0A0000590A0000190A0000B5
:101D2000180A0000580A0000980A0000990A0000EA
:101D3000D90A0000D80A0000180B0000580B000058
:101D4000590B0000190B00001A0B00001B0B0000C0
:101D50005B0B00005A0B00009A0B00009B0B00006D
:101D6000DB0B0000DA0B0000D90B0000990B000020
:101D7000980B0000D80B0000D70B0000D60B00001A
:101D8000960B0000970B0000570B0000170B00008C
:101D9000160B0000560B0000550B0000150B000041
:101DA000140B0000540B0000940B0000950B000076
:101DB000D50B0000D40B0000D30B0000930B0000E8
:101DC000920B0000D20B0000D10B0000D00B0000E2
:101DD000900B0000910B0000510B0000500B000015
:101DE000100B0000110B0000120B0000520B000042
:101DF000530B0000130B0000D30A0000930A0000ED
:101E0000920A0000D20A0000D10A0000D00A0000A5
:101E1000900A0000910A0000510A0000500A0000D8
:101E2000100A0000110A0000120A0000520A000005
:101E3000530A0000130A0000140A0000150A0000EB
:101E4000550A0000540A0000940A0000D40A000059
:101E5000D50A0000950A0000960A0000D60A000084
:101E6000D70A0000970A0000570A0000560A00002F
:101E7000160A0000170A0000D7090000D609000062
:101E80009609000097090000570900001709000093
:101E90001609000056090000550900001509000048
:101EA000140900005409000094090000950900007D
:101EB000D5090000D4090000D309000093090000EF
:101EC00092090000D2090000D1090000D0090000E9
:101ED000900900009109000051090000500900001C
:101EE0001009000011090000120900005209000049
:101EF0005309000013090000D308000093080000F4
:101F000092080000D2080000D1080000D0080000AC
:101F100090080000910800005108000050080000DF
:101F2000100800001108000012080000520800000C
:101F300053080000130800001408000015080000F2
:101F4000550800005408000094080000D408000060
:101F5000D50800009508000096080000D60800008B
:101F6000D708000097080000570800005608000036
:101F700016080000170800001808000058080000A4
:101F800059080000190800001A0800001B0800008A
:101F90005B0800005A0800009A0800009B08000037
:101FA000DB080000DA080000D908000099080000EA
:101FB00098080000D808000018090000190900005E
:101FC000590900005809000098090000D8090000CC
:101FD000D9090000990900009A090000DA090000F7
:101FE000DB0900009B0900005B0900005A090000A2
:101FF0001A0900001B0900001C0900001D0900004F
:102000005D0900005C0900009C090000DC0900007B
:10201000DD0900009D0900009E090000DE090000A6
:10202000DF0900009F0900005F0900005E09000051
:102030001E0900001F090000DF0800009F080000C3
:102040009E080000DE080000DD080000DC0800003B
:102050009C0800009D0800005D0800005C0800006E
:102060001C0800001D0800001E0800005E0800009B
:102070005F0800001F080000200800006008000042
:102080006108000021080000220800002308000069
:102090006308000062080000A2080000A308000016
:1020A000E3080000E2080000E1080000A1080000C9
:1020B000A0080000E008000020090000210900003D
:1020C0006109000060090000A0090000E0090000AB
:1020D000E1090000A1090000A2090000E2090000D6
:1020E000E3090000A3090000630900006209000081
:1020F000220900002309000024090000250900002E
:102100006509000064090000A4090000E40900005A
:10211000E5090000A5090000A6090000E609000085
:10212000E7090000A7090000670900006609000030
:102130002609000027090000E7080000A7080000A2
:10214000A6080000E6080000E5080000E40800001A
:10215000A4080000A508000065080000640800004D
:10216000240800002508000026080000660800007A
:102170006708000027080000280800002908000060
:102180006908000068080000A8080000E8080000CE
:10219000E9080000A9080000AA080000EA080000F9
:1021A000EB080000AB0800006B0800006A080000A4
:1021B0002A0800002B0800002C0800006C08000012
:1021C0006D0800002D0800002E0800002F080000F8
:1021D0006F0800006E080000AE080000AF080000A5
:1021E000EF080000EE080000ED080000AD08000058
:1021F000AC080000EC0800002C0900006C0900008D
:102200006D0900002D0900002E0900002F090000B3
:102210006F0900006E090000AE090000AF09000060
:10222000EF090000EE090000ED090000AD09000013
:10223000AC090000EC090000EB090000EA0900000D
:10224000AA090000AB0900006B0900002B0900007F
:102250002A0900006A090000690900002909000034
:102260002809000068090000A8090000A909000069
:10227000E9090000E8090000280A0000290A000016
:10228000690A0000680A0000A80A0000E80A0000C5
:10229000E90A0000A90A0000AA0A0000EA0A0000F0
:1022A000EB0A0000AB0A00006B0A00006A0A00009B
:1022B0002A0A00002B0A00002C0A00006C0A000009
:1022C0006D0A00002D0A00002E0A00002F0A0000EF
:1022D0006F0A00006E0A0000AE0A0000AF0A00009C
:1022E000EF0A0000EE0A0000ED0A0000AD0A00004F
:1022F000AC0A0000EC0A00002C0B00006C0B000084
:102300006D0B00002D0B00002E0B00002F0B0000AA
:102310006F0B00006E0B0000AE0B0000AF0B000057
:10232000EF0B0000EE0B0000ED0B0000AD0B00000A
:10233000AC0B0000EC0B0000EB0B0000EA0B000004
:10234000AA0B0000AB0B00006B0B00002B0B000076
:102350002A0B00006A0B0000690B0000290B00002B
:10236000280B0000680B0000A80B0000A90B000060
:10237000E90B0000E80B0000E70B0000A70B0000D2
:10238000A60B0000E60B0000E50B0000E40B0000CC
:10239000A40B0000A50B0000650B0000640B0000FF
:1023A000240B0000250B0000260B0000660B00002C
:1023B000670B0000270B0000E70A0000E60A000098
:1023C000A60A0000A70A0000670A0000270A00000A
:1023D000260A0000660A0000650A0000250A0000BF
:1023E000240A0000640A0000A40A0000A50A0000F4
:1023F000E50A0000E40A0000E30A0000E20A000027
:10240000A20A0000A30A0000630A0000230A0000D9
:10241000220A0000620A0000610A0000210A00008E
:10242000200A0000600A0000A00A0000A10A0000C3
:10243000E10A0000E00A0000200B0000600B000031
:10244000610B0000210B0000220B0000230B000099
:10245000630B0000620B0000A20B0000A30B000046
:10246000E30B0000E20B0000E10B0000A10B0000F9
:10247000A00B0000E00B0000200C0000210C00006D
:10248000610C0000600C0000A00C0000E00C0000DB
:10249000E10C0000A10C0000A20C0000E20C000006
:1024A000E30C0000A30C0000630C0000620C0000B1
:1024B000220C0000230C0000240C0000640C00001F
:1024C000650C0000250C0000260C0000270C000005
:1024D000670C0000660C0000A60C0000A70C0000B2
:1024E000E70C0000E60C0000E50C0000A50C000065
:1024F000A40C0000E40C0000240D0000640D00009A
:10250000650D0000250D0000260D0000270D0000C0
:10251000670D0000660D0000A60D0000A70D00006D
:10252000E70D0000E60D0000E50D0000A50D000020
:10253000A40D0000E40D0000E30D0000E20D00001A
:10254000A20D0000A30D0000630D0000230D00008C
:10255000220D0000620D0000610D0000210D000041
:10256000200D0000600D0000A00D0000A10D000076
:10257000E10D0000E00D0000200E0000600E0000E4
:10258000610E0000210E0000220E0000230E00004C
:10259000630E0000620E0000A20E0000A30E0000F9
:1025A000E30E0000E20E0000E10E0000A10E0000AC
:1025B000A00E0000E00E0000200F0000210F000020
:1025C000610F0000600F0000A00F0000E00F00008E
:1025D000E10F0000A10F0000A20F0000E20F0000B9
:1025E000E30F0000A30F0000630F0000620F000064
:1025F000220F0000230F0000240F0000250F000011
:10260000650F0000640F0000A40F0000E40F00003D
:10261000E50F0000A50F0000A60F0000E60F000068
:10262000E70F0000A70F0000670F0000660F000013
:10263000260F0000270F0000E70E0000A70E000085
:10264000A60E0000E60E0000E50E0000E40E0000FD
:10265000A40E0000A50E0000650E0000640E000030
:10266000240E0000250E0000260E0000660E00005D
:10267000670E0000270E0000280E0000680E000004
:10268000690E0000290E00002A0E00002B0E00002B
:102690006B0E00006A0E0000AA0E0000AB0E0000D8
:1026A000EB0E0000EA0E0000E90E0000A90E00008B
:1026B000A80E0000E80E0000280F0000290F0000FF
:1026C000690F0000680F0000A80F0000E80F00006D
:1026D000E90F0000A90F0000AA0F0000EA0F000098
:1026E000EB0F0000AB0F00006B0F00006A0F000043
:1026F0002A0F00002B0F00002C0F00002D0F0000F0
:102700006D0F00006C0F0000AC0F0000EC0F00001C
:10271000ED0F0000AD0F0000AE0F0000EE0F000047
:10272000EF0F0000AF0F00006F0F00006E0F0000F2
:102730002E0F00002F0F0000EF0E0000AF0E000064
:10274000AE0E0000EE0E0000ED0E0000EC0E0000DC
:10275000AC0E0000AD0E00006D0E00006C0E00000F
:102760002C0E00002D0E00002E0E00006E0E00003C
:102770006F0E00002F0E0000EF0D0000EE0D0000A8
:10278000AE0D0000AF0D00006F0D00002F0D00001A
:102790002E0D00006E0D00006D0D00002D0D0000CF
:1027A0002C0D00006C0D0000AC0D0000AD0D000004
:1027B000ED0D0000EC0D0000EB0D0000AB0D000076
:1027C000AA0D0000EA0D0000E90D0000E80D000070
:1027D000A80D0000A90D0000690D0000680D0000A3
:1027E000280D0000290D00002A0D00006A0D0000D0
:1027F0006B0D00002B0D0000EB0C0000AB0C00007B
:10280000AA0C0000EA0C0000E90C0000E80C000033
:10281000A80C0000A90C0000690C0000680C000066
:10282000280C0000290C00002A0C00006A0C000093
:102830006B0C00002B0C00002C0C00002D0C000079
:102840006D0C00006C0C0000AC0C0000EC0C0000E7
:10285000ED0C0000AD0C0000AE0C0000EE0C000012
:10286000EF0C0000AF0C00006F0C00006E0C0000BD
:102870002E0C00002F0C0000300C0000310C00006A
:10288000710C0000700C0000B00C0000F00C000097
:10289000F10C0000B10C0000B20C0000F20C0000C2
:1028A000F30C0000B30C0000730C0000720C00006D
:1028B000320C0000330C0000340C0000740C0000DB
:1028C000750C0000350C0000360C0000370C0000C1
:1028D000770C0000760C0000B60C0000B70C00006E
:1028E000F70C0000F60C0000F50C0000B50C000021
:1028F000B40C0000F40C0000340D0000740D000056
:10290000750D0000350D0000360D0000370D00007C
:10291000770D0000760D0000B60D0000B70D000029
:10292000F70D0000F60D0000F50D0000B50D0000DC
:10293000B40D0000F40D0000F30D0000F20D0000D6
:10294000B20D0000B30D0000730D0000330D000048
:10295000320D0000720D0000710D0000310D0000FD
:10296000300D0000700D0000B00D0000B10D000032
:10297000F10D0000F00D0000300E0000700E0000A0
:10298000710E0000310E0000320E0000330E000008
:10299000730E0000720E0000B20E0000B30E0000B5
:1029A000F30E0000F20E0000F10E0000B10E000068
:1029B000B00E0000F00E0000300F0000310F0000DC
:1029C000710F0000700F0000B00F0000F00F00004A
:1029D000F10F0000B10F0000B20F0000F20F000075
:1029E000F30F0000B30F0000730F0000720F000020
:1029F000320F0000330F0000340F0000350F0000CD
:102A0000750F0000740F0000B40F0000F40F0000F9
:102A1000F50F0000B50F0000B60F0000F60F000024
:102A2000F70F0000B70F0000770F0000760F0000CF
:102A3000360F0000370F0000F70E0000B70E000041
:102A4000B60E0000F60E0000F50E0000F40E0000B9
:102A5000B40E0000B50E0000750E0000740E0000EC
:102A6000340E0000350E0000360E0000760E000019
:102A7000770E0000370E0000380E0000780E0000C0
:102A8000790E0000390E00003A0E00003B0E0000E7
:102A90007B0E00007A0E0000BA0E0000BB0E000094
:102AA000FB0E0000FA0E0000F90E0000B90E000047
:102AB000B80E0000F80E0000380F0000390F0000BB
:102AC000790F0000780F0000B80F0000F80F000029
:102AD000F90F0000B90F0000BA0F0000FA0F000054
:102AE000FB0F0000BB0F00007B0F00007A0F0000FF
:102AF0003A0F00003B0F00003C0F00003D0F0000AC
:102B00007D0F00007C0F0000BC0F0000FC0F0000D8
:102B1000FD0F0000BD0F0000BE0F0000FE0F000003
:102B2000FF0F0000BF0F00007F0F00007E0F0000AE
:102B30003E0F00003F0F0000FF0E0000BF0E000020
:102B4000BE0E0000FE0E0000FD0E0000FC0E000098
:102B5000BC0E0000BD0E00007D0E00007C0E0000CB
:102B60003C0E00003D0E00003E0E00007E0E0000F8
:102B70007F0E00003F0E0000FF0D0000FE0D000064
:102B8000BE0D0000BF0D00007F0D00003F0D0000D6
:102B90003E0D00007E0D00007D0D00003D0D00008B
:102BA0003C0D00007C0D0000BC0D0000BD0D0000C0
:102BB000FD0D0000FC0D0000FB0D0000BB0D000032
:102BC000BA0D0000FA0D0000F90D0000F80D00002C
:102BD000B80D0000B90D0000790D0000780D00005F
:102BE000380D0000390D00003A0D00007A0D00008C
:102BF0007B0D00003B0D0000FB0C0000BB0C000037
:102C0000BA0C0000FA0C0000F90C0000F80C0000EF
:102C1000B80C0000B90C0000790C0000780C000022
:102C2000380C0000390C00003A0C00007A0C00004F
:102C30007B0C00003B0C00003C0C00003D0C000035
:102C40007D0C00007C0C0000BC0C0000FC0C0000A3
:102C5000FD0C0000BD0C0000BE0C0000FE0C0000CE
:102C6000FF0C0000BF0C00007F0C00007E0C000079
:102C70003E0C00003F0C0000FF0B0000BF0B0000EB
:102C8000BE0B0000FE0B0000FD0B0000FC0B000063
:102C9000BC0B0000BD0B00007D0B00007C0B000096
:102CA0003C0B00003D0B00003E0B00007E0B0000C3
:102CB0007F0B00003F0B0000FF0A0000FE0A00002F
:102CC000BE0A0000BF0A00007F0A00003F0A0000A1
:102CD0003E0A00007E0A00007D0A00003D0A000056
:102CE0003C0A00007C0A0000BC0A0000BD0A00008B
:102CF000FD0A0000FC0A0000FB0A0000FA0A0000BE
:102D0000BA0A0000BB0A00007B0A00003B0A000070
:102D10003A0A00007A0A0000790A0000390A000025
:102D2000380A0000780A0000B80A0000B90A00005A
:102D3000F90A0000F80A0000380B0000780B0000C8
:102D4000790B0000390B00003A0B00003B0B000030
:102D50007B0B00007A0B0000BA0B0000BB0B0000DD
:102D6000FB0B0000FA0B0000F90B0000B90B000090
:102D7000B80B0000F80B0000F70B0000F60B00008A
:102D8000B60B0000B70B0000770B0000370B0000FC
:102D9000360B0000760B0000750B0000350B0000B1
:102DA000340B0000740B0000B40B0000B50B0000E6
:102DB000F50B0000F40B0000F30B0000B30B000058
:102DC000B20B0000F20B0000F10B0000F00B000052
:102DD000B00B0000B10B0000710B0000700B000085
:102DE000300B0000310B0000320B0000720B0000B2
:102DF000730B0000330B0000F30A0000B30A00005D
:102E0000B20A0000F20A0000F10A0000F00A000015
:102E1000B00A0000B10A0000710A0000700A000048
:102E2000300A0000310A0000320A0000720A000075
:102E3000730A0000330A0000340A0000350A00005B
:102E4000750A0000740A0000B40A0000F40A0000C9
:102E5000F50A0000B50A0000B60A0000F60A0000F4
:102E6000F70A0000B70A0000770A0000760A00009F
:102E7000360A0000370A0000F7090000F6090000D2
:102E8000B6090000B7090000770900003709000003
:102E900036090000760900007509000035090000B8
:102EA0003409000074090000B4090000B5090000ED
:102EB000F5090000F4090000F3090000B30900005F
:102EC000B2090000F2090000F1090000F009000059
:102ED000B0090000B109000071090000700900008C
:102EE00030090000310900003209000072090000B9
:102EF0007309000033090000F3080000B308000064
:102F0000B2080000F2080000F1080000F00800001C
:102F1000B0080000B108000071080000700800004F
:102F2000300800003108000032080000720800007C
:102F30007308000033080000340800003508000062
:102F40007508000074080000B4080000F4080000D0
:102F5000F5080000B5080000B6080000F6080000FB
:102F6000F7080000B70800007708000076080000A6
:102F70003608000037080000380800007808000014
:102F800079080000390800003A0800003B080000FA
:102F90007B0800007A080000BA080000BB080000A7
:102FA000FB080000FA080000F9080000B90800005A
:102FB000B8080000F80800003809000039090000CE
:102FC0007909000078090000B8090000F80900003C
:102FD000F9090000B9090000BA090000FA09000067
:102FE000FB090000BB0900007B0900007A09000012
:102FF0003A0900003B0900003C0900003D090000BF
:103000007D0900007C090000BC090000FC090000EB
:10301000FD090000BD090000BE090000FE09000016
:10302000FF090000BF0900007F0900007E090000C1
:103030003E0900003F090000FF080000BF08000033
:10304000BE080000FE080000FD080000FC080000AB
:10305000BC080000BD0800007D0800007C080000DE
:103060003C0800003D0800003E0800007E0800000B
:103070007F0800003F080000FF070000FE07000077
:10308000BE070000BF0700007F0700003F070000E9
:103090003E0700007E0700007D0700003D0700009E
:1030A0003C0700007C070000BC070000BD070000D3
:1030B000FD070000FC070000FB070000BB07000045
:1030C000BA070000FA070000F9070000F80700003F
:1030D000B8070000B9070000790700007807000072
:1030E00038070000390700003A0700007A0700009F
:1030F0007B0700003B070000FB060000BB0600004A
:10310000BA060000FA060000F9060000F806000002
:10311000B8060000B9060000790600007806000035
:1031200038060000390600003A0600007A06000062
:103130007B0600003B0600003C0600003D06000048
:103140007D0600007C060000BC060000FC060000B6
:10315000FD060000BD060000BE060000FE060000E1
:10316000FF060000BF0600007F0600007E0600008C
:103170003E0600003F060000FF050000BF050000FE
:10318000BE050000FE050000FD050000FC05000076
:10319000BC050000BD0500007D0500007C050000A9
:1031A0003C0500003D0500003E0500007E050000D6
:1031B0007F0500003F050000FF040000FE04000042
:1031C000BE040000BF0400007F0400003F040000B4
:1031D0003E0400007E0400007D0400003D04000069
:1031E0003C0400007C040000BC040000BD0400009E
:1031F000FD040000FC040000FB040000FA040000D1
:10320000BA040000BB0400007B0400003B04000083
:103210003A0400007A040000790400003904000038
:103220003804000078040000B8040000B90400006D
:10323000F9040000F80400003805000078050000DB
:1032400079050000390500003A0500003B05000043
:103250007B0500007A050000BA050000BB050000F0
:10326000FB050000FA050000F9050000B9050000A3
:10327000B8050000F8050000F7050000B7050000DC
:10328000B6050000F6050000F5050000F405000095
:10329000B4050000B50500007505000074050000C8
:1032A00034050000350500003605000076050000F5
:1032B0007705000037050000F7040000F604000061
:1032C000B6040000B70400007704000037040000D3
:1032D0003604000076040000750400003504000088
:1032E0003404000074040000B4040000B5040000BD
:1032F000F5040000F4040000F3040000F2040000F0
:10330000B2040000B30400007304000033040000A2
:103310003204000072040000710400003104000057
:103320003004000070040000B0040000B10400008C
:10333000F1040000F00400003005000070050000FA
:103340007105000031050000320500003305000062
:103350007305000072050000B2050000B30500000F
:10336000F3050000F2050000F1050000B1050000C2
:10337000B0050000F0050000300600003106000036
:103380007106000070060000B0060000F0060000A4
:10339000F1060000B1060000B2060000F2060000CF
:1033A000F3060000B306000073060000720600007A
:1033B00032060000330600003406000074060000E8
:1033C00075060000350600003606000037060000CE
:1033D0007706000076060000B6060000B70600007B
:1033E000F7060000F6060000F5060000B50600002E
:1033F000B4060000F4060000340700007407000063
:103400007507000035070000360700003707000089
:103410007707000076070000B6070000B707000036
:10342000F7070000F6070000F5070000B5070000E9
:10343000B4070000F4070000F3070000F2070000E3
:10344000B2070000B3070000730700003307000055
:10345000320700007207000071070000310700000A
:103460003007000070070000B0070000B10700003F
:10347000F1070000F0070000EF070000AF070000B1
:10348000AE070000EE070000ED070000EC070000AB
:10349000AC070000AD0700006D0700006C070000DE
:1034A0002C0700002D0700002E0700006E0700000B
:1034B0006F0700002F070000EF060000EE06000077
:1034C000AE060000AF0600006F0600002F060000E9
:1034D0002E0600006E0600006D0600002D0600009E
:1034E0002C0600006C060000AC060000AD060000D3
:1034F000ED060000EC060000EB060000EA06000006
:10350000AA060000AB0600006B0600002B060000B8
:103510002A0600006A06000069060000290600006D
:103520002806000068060000A8060000A9060000A2
:10353000E9060000E8060000280700006807000010
:1035400069070000290700002A0700002B07000078
:103550006B0700006A070000AA070000AB07000025
:10356000EB070000EA070000E9070000A9070000D8
:10357000A8070000E8070000E7070000E6070000D2
:10358000A6070000A7070000670700002707000044
:1035900026070000660700006507000025070000F9
:1035A0002407000064070000A4070000A50700002E
:1035B000E5070000E4070000E3070000A3070000A0
:1035C000A2070000E2070000E1070000E00700009A
:1035D000A0070000A10700006107000060070000CD
:1035E00020070000210700002207000062070000FA
:1035F0006307000023070000E3060000A3060000A5
:10360000A2060000E2060000E1060000E00600005D
:10361000A0060000A1060000610600006006000090
:1036200020060000210600002206000062060000BD
:1036300063060000230600002406000025060000A3
:103640006506000064060000A4060000E406000011
:10365000E5060000A5060000A6060000E60600003C
:10366000E7060000A70600006706000066060000E7
:103670002606000027060000E7050000E60500001A
:10368000A6050000A705000067050000270500004B
:103690002605000066050000650500002505000000
:1036A0002405000064050000A4050000A505000035
:1036B000E5050000E4050000E3050000A3050000A7
:1036C000A2050000E2050000E1050000E0050000A1
:1036D000A0050000A10500006105000060050000D4
:1036E0002005000021050000220500006205000001
:1036F0006305000023050000E3040000A3040000AC
:10370000A2040000E2040000E1040000E004000064
:10371000A0040000A1040000610400006004000097
:1037200020040000210400002204000062040000C4
:1037300063040000230400002404000025040000AA
:103740006504000064040000A4040000E404000018
:10375000E5040000A5040000A6040000E604000043
:10376000E7040000A70400006704000066040000EE
:10377000260400002704000028040000680400005C
:1037800069040000290400002A0400002B04000042
:103790006B0400006A040000AA040000AB040000EF
:1037A000EB040000EA040000E9040000A9040000A2
:1037B000A8040000E8040000280500002905000016
:1037C0006905000068050000A8050000E805000084
:1037D000E9050000A9050000AA050000EA050000AF
:1037E000EB050000AB0500006B0500006A0500005A
:1037F0002A0500002B0500002C0500002D05000007
:103800006D0500006C050000AC050000EC05000033
:10381000ED050000AD050000AE050000EE0500005E
:10382000EF050000AF0500006F0500006E05000009
:103830002E0500002F050000EF040000AF0400007B
:10384000AE040000EE040000ED040000EC040000F3
:10385000AC040000AD0400006D0400006C04000026
:103860002C0400002D0400002E0400006E04000053
:103870006F0400002F040000EF030000AF030000FE
:10388000AE030000EE030000ED030000EC030000B7
:10389000AC030000AD0300006D0300006C030000EA
:1038A0002C0300002D0300002E0300006E03000017
:1038B0006F0300002F030000EF020000EE02000083
:1038C000AE020000AF0200006F0200002F020000F5
:1038D0002E0200006E0200006D0200002D020000AA
:1038E0002C0200006C020000AC020000AD020000DF
:1038F000ED020000EC020000EB020000EA02000012
:10390000AA020000AB0200006B0200002B020000C4
:103910002A0200006A020000690200002902000079
:103920002802000068020000A8020000A9020000AE
:10393000E9020000E802000028030000680300001C
:1039400069030000290300002A0300002B03000084
:103950006B0300006A030000AA030000AB03000031
:10396000EB030000EA030000E9030000A9030000E4
:10397000A8030000E8030000E7030000E6030000DE
:10398000A6030000A7030000670300002703000050
:103990002603000066030000650300002503000005
:1039A0002403000064030000A4030000A50300003A
:1039B000E5030000E4030000E3030000A3030000AC
:1039C000A2030000E2030000E1030000E0030000A6
:1039D000A0030000A10300006103000060030000D9
:1039E0002003000021030000220300006203000006
:1039F0006303000023030000E3020000A3020000B1
:103A0000A2020000E2020000E1020000E002000069
:103A1000A0020000A102000061020000600200009C
:103A200020020000210200002202000062020000C9
:103A300063020000230200002402000025020000AF
:103A40006502000064020000A4020000E40200001D
:103A5000E5020000A5020000A6020000E602000048
:103A6000E7020000A70200006702000066020000F3
:103A70002602000027020000E7010000E601000026
:103A8000A6010000A7010000670100002701000057
:103A9000260100006601000065010000250100000C
:103AA0002401000064010000A4010000A501000041
:103AB000E5010000E4010000E3010000A3010000B3
:103AC000A2010000E2010000E1010000E0010000AD
:103AD000A0010000A10100006101000060010000E0
:103AE000200100002101000022010000620100000D
:103AF0006301000023010000E3000000A3000000B8
:103B0000A2000000E2000000E1000000E000000070
:103B1000A0000000A10000006100000060000000A3
:103B200020000000210000002200000062000000D0
:103B300063000000230000002400000025000000B6
:103B40006500000064000000A4000000E400000024
:103B5000E5000000A5000000A6000000E60000004F
:103B6000E7000000A70000006700000066000000FA
:103B70002600000027000000280000006800000068
:103B800069000000290000002A0000002B0000004E
:103B90006B0000006A000000AA000000AB000000FB
:103BA000EB000000EA000000E9000000A9000000AE
:103BB000A8000000E8000000280100002901000022
:103BC0006901000068010000A8010000E801000090
:103BD000E9010000A9010000AA010000EA010000BB
:103BE000EB010000AB0100006B0100006A01000066
:103BF0002A0100002B0100002C0100002D01000013
:103C00006D0100006C010000AC010000EC0100003F
:103C1000ED010000AD010000AE010000EE0100006A
:103C2000EF010000AF0100006F0100006E01000015
:103C30002E0100002F010000EF000000AF00000087
:103C4000AE000000EE000000ED000000EC000000FF
:103C5000AC000000AD0000006D0000006C00000032
:103C60002C0000002D0000002E0000006E0000005F
:103C70006F0000002F000000300000003100000045
:103C80007100000070000000B0000000F0000000B3
:103C9000F1000000B1000000B2000000F2000000DE
:103CA000F3000000B3000000730000007200000089
:103CB00032000000330000003400000074000000F7
:103CC00075000000350000003600000037000000DD
:103CD0007700000076000000B6000000B70000008A
:103CE000F7000000F6000000F5000000B50000003D
:103CF000B4000000F4000000340100007401000072
:103D00007501000035010000360100003701000098
:103D10007701000076010000B6010000B701000045
:103D2000F7010000F6010000F5010000B5010000F8
:103D3000B4010000F4010000F3010000F2010000F2
:103D4000B2010000B3010000730100003301000064
:103D50003201000072010000710100003101000019
:103D60003001000070010000B0010000B10100004E
:103D7000F1010000F00100003002000070020000BC
:103D80007102000031020000320200003302000024
:103D90007302000072020000B2020000B3020000D1
:103DA000F3020000F2020000F1020000B102000084
:103DB000B0020000F00200003003000031030000F8
:103DC0007103000070030000B0030000F003000066
:103DD000F1030000B1030000B2030000F203000091
:103DE000F3030000B303000073030000720300003C
:103DF00032030000330300003403000035030000E9
:103E00007503000074030000B4030000F403000015
:103E1000F5030000B5030000B6030000F603000040
:103E2000F7030000B70300007703000076030000EB
:103E30003603000037030000F7020000B70200005D
:103E4000B6020000F6020000F5020000F4020000D5
:103E5000B4020000B5020000750200007402000008
:103E60003402000035020000360200007602000035
:103E700077020000370200003802000078020000DC
:103E800079020000390200003A0200003B02000003
:103E90007B0200007A020000BA020000BB020000B0
:103EA000FB020000FA020000F9020000B902000063
:103EB000B8020000F80200003803000039030000D7
:103EC0007903000078030000B8030000F803000045
:103ED000F9030000B9030000BA030000FA03000070
:103EE000FB030000BB0300007B0300007A0300001B
:103EF0003A0300003B0300003C0300003D030000C8
:103F00007D0300007C030000BC030000FC030000F4
:103F1000FD030000BD030000BE030000FE0300001F
:103F2000FF030000BF0300007F0300007E030000CA
:103F30003E0300003F030000FF020000BF0200003C
:103F4000BE020000FE020000FD020000FC020000B4
:103F5000BC020000BD0200007D0200007C020000E7
:103F60003C0200003D0200003E0200007E02000014
:103F70007F0200003F020000FF010000FE01000080
:103F8000BE010000BF0100007F0100003F010000F2
:103F90003E0100007E0100007D0100003D010000A7
:103FA0003C0100007C010000BC010000BD010000DC
:103FB000FD010000FC010000FB010000BB0100004E
:103FC000BA010000FA010000F9010000F801000048
:103FD000B8010000B901000079010000780100007B
:103FE00038010000390100003A0100007A010000A8
:103FF0007B0100003B010000FB000000BB00000053
:10400000BA000000FA000000F9000000F80000000B
:10401000B8000000B900000079000000780000003E
:1040200038000000390000003A0000007A0000006B
:104030007B0000003B0000003C0000003D00000051
:104040007D0000007C000000BC000000FC000000BF
:10405000FD000000BD000000BE000000FE000000EA
:10406000FF000000BF0000007F0000007E00000095
:104070003E0000003F00000079E22D3F62E08D3FEE
:1040800099576A3F1FCF853F29BD783F6B1B3CBFC7
:104090006F6566BFBF169D3E013C673E65668B3F00
:1040A000DB1F623EAED819BFD233BCBEB34CBF3F9C
:1040B00034DF533F483E33BFFD43EE3D9B3215BDD9
:1040C0003A0E0E3F8445BDBE46533C3FE9EC623F8D
:1040D000216EB0BF7E96683EB6FF1FBFD931B9BF13
:1040E00044CF3A3E56B37EBFB9AE843ECE2B86BF98
:1040F0008825463FB3B7CD3F21CD77BF3435803BD0
:10410000C5F950BFFA413B3F92CA29BF0CC5193FC0
:1041100014EF883F9B049DBF22DBB2BF6DEB58BFFD
:10412000FA115FBF0190F13E589BAA3DAFCBDB3E39
:1041300001E264BF1FC61C40D088C5BD87AFB8BFB1
:104140001267663E03E12ABF867A4E3EC41BA63F35
:1041500060F6E23D096E8A3FD20CB5BFF34B2E3FAD
:10416000A469DABF2816CC3E3997293F9F4F4ABE33
:10417000E849BC3F4F619D3E68A178BE406FF63E66
:10418000A491E03DD7D1BCBED892273EE67246BE90
:104190008B2A1A3FD70F6D3FB1AF4C3FF8100CBFC1
:1041A000D0E8C73E9B1B6D3E1C6F86BE8FCFF8BE0E
:1041B0008CD353BF706E8B3D3E5B133ED3AAA1BE22
:1041C0008197623F70BA89BDF0C16A3F4E71C9BE26
:1041D00029674A3F6642AF3E77F52D3EE7C072BE83
:1041E000A1AE46BFB5AB2DBFC4CA5B3F36D66EBECF
:1041F000613F20BF52D81F3F98AE18BE6CAC1C3F29
:104200008796393E7A3039BF67FC3E3F7DCD3CBF53
:104210004F562FBF7F666BBD8871EEBE30CB60BF3F
:1042200007DA1D3C26ADB23E30184FBDD20C18BF88
:104230008BFC783EFA82A13E9C9C713FD9BAE13E4C
:1042400008BFC83DE431D53E6E6CCDBE3D023DBFDA
:10425000671DD83E94D6143F5AF7653FA461C9BE86
:1042600029BC853E2FE0673FF3048A3E0E9B4BBF7F
:10427000C6F79D3E860AFD3E822878C0960C94C003
:10428000CD0FB1C0E03ECFC0E89BBFC0F2514AC0E5
:104290004C19B6C0DE47A1C0A15394C0299384C075
:1042A000F163B2C0960438C010EA44C066E7C8C0E3
:1042B00087485EC0DEE4CBC0BADE43C0B2F2C3C002
:1042C000193B6DC0008A64C001C6A2C09A2ED2C03C
:1042D0008A3BAAC0052930C080021FC01496B6C010
:1042E000B75995C0EC7899C06D8927C05498B0C073
:1042F000DB6185C0DFA023C04C1416C0DE1A92C05B
:104300001DD263C0525D26C035E272C0A5A8A6C00A
:10431000CC37D6C0F1209FC0C3DDD6C0EC97C5C056
:10432000EAEA1AC0D16CBFC01631C4C0029EB8C040
:10433000C4A950C0B1C6AEC041F46CC034DAA6C046
:1043400062A0D2C0EA7989C0B50659C063CCADC0BD
:1043500071F075C06383D8C0B798C1C0F48439C008
:104360000C7EBEC0452C86C0451563C04A334FC085
:1043700021D3A0C02210D4C04B8242BF982A52BF82
:10438000DD580ABFE4BC24BF678428BF46505BBF2A
:104390005CF38BBF9F8720BFEABC3CBF6B8F32BFF3
:1043A000829E28BFEB7B56BF9BFD54BF5CF928BFA4
:1043B00018792BBF0B6042BFF0704CBF823F47BFE4
:1043C000844C28BFDAE236BF476046BF688F20BF03
:1043D0007DF61DBF456B30BF245436BFC7394DBF76
:1043E00067AD2DBF746C3BBFF88030BF4DE952BF45
:1043F000B6D13FBF8B9038BF86E126BFF4ADEEBE8D
:10440000CE368EBFB1F4A7BFE6669CBF26F9B6BF15
:10441000CD00BDBE5E9C8FBF8602AABF646039BF5F
:10442000A8C5D1BEA1C527BF0F4263BF96B171BF5A
:104430005D352EBF8B4E10BFAC3B66BF51BA8BBFF4
:10444000712903BF1C0553BFB1A13BBF1AA205BF11
:10445000D03631BF6C801FBF12D512BFF7176BBFAC
:10446000FB7510BF729236BF7A7B4DBF190C37BFF8
:104470005F472DBFCA2141BF045A47BFA0264FBF87
:104480002EDB55BF7AD76EBF3C8C57BF41EC6DBF5A
:10449000A95B3FBF360C62BF982D79BF48977ABFA2
:1044A00078B399BF4D6E81BF981D6CBFD2AA90BFE3
:1044B00043E7B9BE9F5C71BF7BF57ABF996180BF4E
:1044C000FD7BA4BF4FE789BF873398BFEFB9B8BF63
:1044D000064A88BFFABA41BFCBBF01BF24DA31BF59
:1044E00099BD19BFB9C53EBF438334BFB26725BF6D
:1044F00002BB48BF305B56BF427B12BF16A681BFCE
:104500003C3659BF75B545BF402324BFD21314BFF5
:10451000F18B49BF06FB58BF9F4083BF5B7239BF19
:1045200096DF67BF56F938BF9EFE43BFA3FC80BF2E
:10453000203969BF199250BF95032DBF9A7654BF99
:104540009B244BBF14D726BF1D1E3CBF34DF32BF98
:10455000D31C3BBF665870BF893693BF6EED90BFCA
:10456000029585BF27E033BF3EBB89BFD4AC3EBFB9
:104570006B6F27BFD25292BF914247BF852A78BF47
:104580000B70C4BFC98A71BF693689BFA97F38BFA4
:1045900026E7F5BF0E981DBF68C4C5BF3B916EBF2F
:1045A00048FE6FBF839F3CBF9F9A53BFDAF40FBF93
:1045B000EBC212BFA15C4ABFA35A61BF179550BF9F
:1045C00008E4C4BFAB63ACBF76F28CBFEACCB1BF2A
:1045D000DE269BBF265713BFC42D76BF500428BFCD
:1045E000A33B0EBFC6326CBF0D21FABE8226C8BEE9
:1045F000508898BFB0046EBF40257DBF735F80BFF9
:104600002FD738BF91E0D6BE74A90EBF392142BF63
:104610005EE149BF48F13CBF0A965CBF99C34EBFFB
:10462000AEC92BBFBF2028BF1F0F32BFE1D82BBFA1
:10463000BEC70FBFE9CF35BF51C133BFA69647BF35
:10464000615955BFE9BE45BF183831BF752849BF0C
:104650008F4E32BF7F5D14BFFA2A46BF7A412BBF0F
:10466000764913BFA5D829BF288550BF4BFE22BF6E
:104670001C1A1FBFD77543BF396028BF76D80FBF3C
:10468000280803BFBB1836BF5CC91EBF94E444BFF3
:1046900082612EBF37DB39BF799928BF89805EBF21
:1046A000F5255BBF66C6E4BE130F71BF48414BBF23
:1046B000E70C58BF91222BBFAE6D41BFCBDC37BF9B
:1046C000E2E14CBFAFC17FBF882F43BFD49055BF3D
:1046D000830834BFBD5C3ABF37FB75BF506525BF4B
:1046E000104D6BBF7C662BBFE84B26BF90863CBF4E
:1046F00060591CBF1D9034BF9FE535BFD2342DBF1C
:10470000672D2DBF00762DBF1F5B35BF306935BFCC
:1047100069A62FBF57AC2FBF228934BF9FEC2EBF95
:104720009CDB33BF0B2431BF9A9E31BF0FE432BFF5
:10473000991233BF4E5731BFBD7D30BF792D30BF89
:10474000221F32BF184E32BFEE0E32BFED3632BFDF
:10475000A0B830BF633230BF2A2C30BF621532BFE1
:104760002B7231BF7EE431BF487C31BFE16831BF7D
:10477000FA3C31BF009C31BF99A437BF45F42FBF2D
:10478000D1E627BFACA43FBFBFA53FBF3C8C4EBF07
:10479000B09B4EBF8A5F2FBF5B8961BFC62B4EBFE8
:1047A000DA9269BF873D2EBF035F5ABF4A3347BFC6
:1047B000C55168BFAC2A3CBF5CD251BF2D063DBF7E
:1047C0000E473ABF93503ABF701527BFEB463EBF26
:1047D00050E52DBFAE4F3BBFEEE03EBFCB1C33BF1D
:1047E0002AC534BFDCAD35BF26CB31BF094A2DBF4A
:1047F000702538BF533D33BF829237BFD24032BF9E
:10480000BE1E54BF531488BF965847BFE3F37FBF03
:10481000894D1FBFB77B52BFF4D273BFD44027BFAF
:10482000228439BFF39E41BFD8C34CBF004E36BF70
:10483000675A37BFC46D26BF8E3336BF75B83CBFCD
:10484000BC3D42BF50F930BF01EA47BF93984BBF10
:1048500040D841BF441F35BF28FC3BBFB54F21BFE7
:10486000D81429BF911429BF47FA33BFF55E1CBF86
:10487000D64527BF497B38BF023233BFC8304FBF50
:104880001D8836BF9C722FBF24371EBF9B362EBF9C
:104890008AAD6EBF0C0B26BFE43362BF82163BBFEE
:1048A000605D31BF40D450BF0FFB50BF5DCD36BF00
:1048B000CA3C53BFFEFA2BBF48DB2EBFB9CC0EBF9C
:1048C000ED9349BFF6C729BFBC4A29BFEF412ABFB4
:1048D0006B8D4EBF9C794CBFEBB119BF5F3752BF98
:1048E000DD652EBFC60C2BBFDC571FBFBE654DBF9D
:1048F000AF8829BF3A3921BF550E30BFCDCF6BBF2E
:10490000B1E83DBFB7D84BBF711825BFA4B624BFCF
:1049100071B82CBFD5683DBF1DA933BF845B1EBFD6
:1049200093BB54BFE84450BF49FE19BF274D2DBF6C
:104930006CB233BF304133BF0A8345BFB0DE28BFFE
:10494000E4B63DBF6D0A3EBF956128BF2E8225BFEC
:10495000724232BF529424BFE98A2EBFDB1342BF9A
:10496000AA3C3ABFCC8B41BF952A39BF846931BF7D
:10497000F5EC2DBFAD5632BF1F0A26BF79D539BF22
:104980008FBB02BF6FCE2CBF64C21BBFA1C313BFBE
:1049900017893FBF06B922BFF03A33BFAA3728BFF5
:1049A000F57438BFF6E91ABF1FE647BF3CEC3DBFC0
:1049B0005E4729BFD9C81ABF177A2ABFF77446BF06
:1049C000D2F625BF53192DBF78B24FBF292338BF68
:1049D000AC3D38BF278231BF03DC44BF506826BFDF
:1049E0009C2431BF5CF53EBFD95239BFD7742FBF6D
:1049F000E54844BF417520BFA1F0D6BE3DFA8ABF4D
:104A0000D0FF5BBFACEB93BFAD7D8DBF4C491BBFEF
:104A1000DF1943BF8C7B03BF788B62BFA65C7FBF6F
:104A20004C4C84BFA7E3B8BFDDC5B8BF5DB2CABFF9
:104A300088600FBFF7430EBF4045F2BE058622BF18
:104A4000D2074BBFBAC97DBF73D847BFB4DED2BF50
:104A5000E4C7B4BF0DBF90BFF3D85DBFC6F5C7BFF5
:104A6000B5FF74BF6FFDB1BF090EBFBFE1D970BF05
:104A70009AA451BFFBFA85BFF83939BF617158BF9D
:104A8000183053BFC75032BF621148BF494324BFDB
:104A900011F958BFC8F236BF86C43BBF79E921BFC0
:104AA000ADC249BF69A248BF6A876CBFEBF71DBFA3
:104AB000487839BF1F2D24BF313445BF89AE2BBF85
:104AC0006E114FBF4C0B2BBFB1054ABF99AE40BF13
:104AD000923748BF6D0634BFFE2317BFD60734BFD9
:104AE00002114ABF9A5921BFEBA144BFE3E33DBF86
:104AF00039AC34BF1CC654BF887E40BFEA48FBBEF9
:104B000043F283BFE89D57BF7F638ABFC3A735BF0A
:104B10002580A8BF261487BF4FF901BF0960B9BF20
:104B20003DE2C4BFEE539DBFB922B4BF169CE4BFA3
:104B3000CFFC96BF4744A5BF8D7387BF274F19BFD2
:104B40006C4E98BF27708CBF3CCD0EBFF024CBBEFF
:104B5000D96649BF657F34BFF260D5BFC64BBDBFC4
:104B60002845A7BE80301FBFB27557BF0883CDBF91
:104B70005F2ED5BFA77BA0BF19AE23BFF73F26BFCF
:104B8000616124BFC87726BFDF4342BF1D9740BF86
:104B900069F642BF52E645BF3F6A17BF5E2E48BF67
:104BA0008FBB37BFF0BB1CBFAE192EBFB04449BF8F
:104BB000DC7537BFC3DC3CBF1CA841BF34A024BF99
:104BC0007D1637BF27ED3CBFD6C633BF41102ABF85
:104BD000D30629BFB28934BFAAF844BF316E34BFAF
:104BE000416A47BF86FF37BFFE254ABF342E35BF17
:104BF000B4423EBF175534BFD11934BFBA6A33BF70
:104C000007C035BF9FF72FBF0EC432BFDD312ABFAB
:104C1000C8252ABF48F92FBF4C2638BFB15C37BF23
:104C20006CCD4CBFA68A1CBF77FD2FBF371639BF8E
:104C300019E333BF1F5F3ABF5BC333BF18582CBFA4
:104C400010B21EBFD9FD4FBF41F056BFB7F627BF08
:104C5000B68550BFCA1F47BF3A7C12BFAF6731BF8E
:104C600012A244BF2BCA38BFFDBA35BFC77B2CBFC9
:104C700045E62CBFA70B3ABFA03632BFC30836BFEC
:104C8000EBCA32BF34BA31BF282843BF43D939BF3A
:104C9000CC9031BF35222EBF68F641BF97B231BFED
:104CA0003AFF2FBF56FB3CBFCBFE30BF4CA82FBFF7
:104CB000FAA035BF9A8F36BF98BD32BFF98A2FBF91
:104CC000AE7633BF688228BFDA4835BFB6A037BF9B
:104CD000CEA13ABF52B526BF81EB2FBFF08532BFC0
:104CE0006AD72ABF6FBA30BFF3A43CBF7E952FBFEF
:104CF000D56E27BFFEDA39BF495422BF55EE20BF1B
:104D000092803BBF73343BBFFD5E3BBFB1BD5BBF19
:104D100035DD46BF86C345BFC4A63EBFAF7933BFAE
:104D2000F21436BF468F22BFAF9444BF28BF41BFA5
:104D3000DC1940BF9D8C2FBFCF065ABFBC083FBFB8
:104D400081F320BFBABA3FBF154F30BFC2B53ABFDB
:104D50008ED529BF617F17BF385843BF57C729BFBA
:104D6000BAF432BF4BA81EBFBAB83DBF872F3EBFB3
:104D7000DCD932BFA1822DBF187231BF187231BF8A
:104D8000187231BF187231BF187231BF187231BF3B
:104D9000187231BF187231BF187231BF187231BF2B
:104DA000187231BF187231BF187231BF187231BF1B
:104DB000187231BF187231BF187231BF187231BF0B
:104DC000187231BF187231BF187231BF187231BFFB
:104DD000187231BF187231BF187231BF187231BFEB
:104DE000187231BF187231BF187231BF187231BFDB
:104DF000187231BF187231BF41FB31BFA83C63BF8D
:104E0000B8C938BF5DE64DBFF4EF7CBFAC819CBF35
:104E1000C3F31FBF0D5D5FBF9B8491BFEEBD8DBF10
:104E2000398902BF000AA5BF1655CCBF8E3339BFE2
:104E3000C9DF9FBF8BFCA4BF740B77BF65762CBF07
:104E40008ADE9ABF197C6EBFB0E682BFA0C176BF72
:104E5000E4E281BF586FAABFE4F34BBFD8A08FBF75
:104E600090B17EBF82A085BFDBB68DBFD92674BF4F
:104E700025EDEEBEA6148FBF65112FBF348CAFBFDA
:104E80003075D7BF2ABE02C0BC6CC4BF7C7922BFBC
:104E90006B5E3BBF95610FBF141E46BF685073BF6A
:104EA000921490BF6315D7BFD8B108BF648851BFB3
:104EB00044C911BF3EEB57BF20A16ABFCA6261BFA0
:104EC000A26754BFF42B19BFD90D5FBFEE3774BF73
:104ED000D53AE0BE9E984BBF906B36BFD51B27BF1F
:104EE000B22821BF2FF846BFBF2437BF471EC8BE18
:104EF000A74083BF754C81BF1DBD25BF0E5A25BF7E
:104F000083B23EBFFB6F1FBF355E44BF98953EBF67
:104F1000EFE348BF796D1FBFAE1B4CBF179E42BF6A
:104F2000685341BF1C712DBF332D3EBF1EB02BBF38
:104F30009A203FBFAB803DBF193126BFAB693EBF52
:104F4000964C36BF0CD01BBFE82521BFF3FF42BFF4
:104F500024303EBFD0D729BF52CB29BF00A434BFD5
:104F6000E42435BFF8D034BF59022EBFAE7535BF2B
:104F70008C692BBF62BD38BF20442EBFE32C5CBFC1
:104F80002E5439BFDA6058BFDA0137BF346C21BF05
:104F90000B2F3ABFD72F21BF1DB030BFB88D0DBF2B
:104FA00057E235BFE50C4CBF0E4A48BF8FE04DBFFE
:104FB000219040BFE06B31BFB0D834BF066133BF32
:104FC00026E121BF599B2ABFF0B639BF688A49BF85
:104FD000EA9334BF5B433ABFD10548BF61CC2CBFD5
:104FE00004C93FBF803D32BF4CEE3BBFE39A43BF95
:104FF000B05633BFA1A437BF108472BF780B47BF30
:1050000043D384BFE9FB80BF364BC1BF08665CBF9A
:10501000D6E5CDBF1FF5B8BF6B3D81BF9ED473BF32
:1050200001898DBF13252FBF43FE63BEC1E0AEBF14
:1050300036D3F6BF5523ADBF6B48CDBE82D0BEBFC1
:10504000997EA7BF6D7997BF7B37AABF56FCC5BFB6
:10505000DFAAB8BFB66ACABFE33BD9BFA42EC1BF9F
:105060002EBAB4BFBD95E0BDA0EA7ABEAF3550BF41
:10507000B60E5ABF5AAF6FBF2BB035BF596B35BF95
:10508000C17D2FBF19C831BFF1FC2FBF096B30BFE5
:1050900061F030BF697232BF5B7830BF686D31BF7D
:1050A000398631BFEF6731BFF46131BF5A8431BFF8
:1050B000906B31BFF68431BF0F6231BFC44231BF44
:1050C000FE6631BF013931BFD95E31BF375231BFC2
:1050D000735A31BF9F8431BFA78431BFC57731BFB9
:1050E000677A31BFCF6931BFD26D31BF147231BF22
:1050F000105E31BFB77431BF785B20BFC4E21FBF01
:105100008B8E18BFA3CE68BFB3EE4FBF10FB5BBF43
:10511000C46106BF930686BF64E585BF14879DBF43
:105120002BF08ABF1D4993BF393A6ABFF78660BF2B
:10513000684B6CBF60088DBFF76719BFB7097EBFAA
:105140006C7F86BF1F21C4BEA8B501BF39E922BF4D
:1051500095E619BF75C559BF504478BFFAC91DBF40
:105160000BEE4DBFE85A40BF4A6847BF7A4864BF5C
:1051700080EF4BBFD7BE63BFB34421BF486B1BBF9B
:105180001A5544BF635040BFCFB71FBF1C9918BF0B
:10519000737B42BFA89417BF647342BF30CB23BF59
:1051A00054064BBFD30843BF32BA2CBF679A30BFF7
:1051B0000E4339BF5F0740BF5A143DBFBBEC46BF2B
:1051C000F98335BF77C63CBF320431BF752B3ABF78
:1051D000483E38BFCB503CBF6B242BBF1DAA34BF09
:1051E0001A264BBF293F36BF34E249BF67733ABF27
:1051F000215944BF4DFD37BFB3AF54BFD0064ABF9E
:1052000003044CBFBFD0A4BFEBE456BF48BE97BF5A
:10521000E95CDFBE8B0F9ABFF90928BFE0B986BEF3
:10522000CBA5A6BF99C7C7BF4C4EF1BF8E78BBBFF9
:105230000685D4BFE1F21BBD991DA2BF4B9AA1BF49
:105240007535B2BF6427C1BFD480C5BFF98D36BEE6
:105250001B2493BFBB218BBF7587A8BFB0278ABF14
:10526000A32986BF575C3BBF2A6994BFA56457BF7B
:10527000285026BFF1398DBFF63128BF319141BF8B
:10528000C55E2FBFC0AE85BFC08701BF8979F0BEA4
:1052900058975ABF6FFC29BFA5483FBFDEA01ABF71
:1052A0007CC649BFB82F4DBF6CF22BBFD1AE49BFF2
:1052B0002B9F40BF89C31FBF783435BF27E83CBF51
:1052C0008FB916BFCB1227BF0ED246BF9E9443BFE5
:1052D000785A2DBF4FE32CBFC2352FBFEAFB44BF26
:1052E000FB1A3FBFD4C623BF4D5B3EBF64F026BF51
:1052F000C80550BF13BF3BBFE6C046BF97BAD2BF79
:10530000AA8FCBBF3F576EBF917322BF6AED1ABF02
:10531000B3CA1CBF208B17BF23A81CBFA38B18BF09
:105320005E5130BF872F34BFB39E56BFA03210BF2F
:10533000DD4E33BF449221BF9B1E44BFDDAA1FBF79
:1053400018E221BFC2A62FBF5C6446BF0114D5BEC0
:1053500036502CBFF41538BF671991BFA028D0BFB5
:105360003848D8BFAAC494BF69017FBF5EF546BF65
:105370001C535DBFC1A83DBF3C8B27BFF14D0ABF89
:10538000A94E47BFCCB224BFFF7C2EBF4D1F4EBFDE
:10539000D63A2FBFC73F0FBFF0BA2CBFFC5B3CBF54
:1053A00026F64EBF501546BFD69625BFDF142FBF39
:1053B000CF3A32BF050834BF455022BF27CD51BF79
:1053C000073433BFA34E44BFC50340BFCABC33BF7D
:1053D000622137BFF61458BF50BB36BFF45A25BF01
:1053E000D6DE28BF150426BFBB2717BF235724BF0F
:1053F000BF2608BFE6E822BF173822BF967E22BF2D
:10540000B01B21BF5DAF40BFD3F846BFB09521BFF1
:10541000E24A26BF184848BF6D053EBF233C40BF47
:105420008FEC21BF575723BF3B3841BF061B3CBF02
:10543000D42C41BF7C3321BF858B45BF169F23BF32
:105440001DC940BFD89143BF36FF28BF789D3FBFDD
:10545000658127BFE1A549BFE07120BF04CA42BFF3
:10546000585E38BFA13141BF9F3324BFC20A3FBF3E
:1054700055621FBF11AA1EBF10C72EBFFF9416BFD3
:105480002F4230BF510437BF3C7903BFAA4C38BF0D
:10549000E13926BF2AF237BFDBDF52BFD91456BF2E
:1054A00097AB4CBFF18E16BF2CE25CBFCCE229BF9C
:1054B000D1AE52BF2FFC2BBFFD912EBF0F2C1CBFB6
:1054C000EB462CBFC3A52EBFEAE434BF232D29BF72
:1054D0008C8342BF2EAE3EBF504D34BF13C338BF86
:1054E000ED9635BFF2133DBFB5622ABFB85230BF4B
:1054F00008B65ABF21622EBFCC1042BF121D3ABF60
:1055000062951CBFAD571DBF677040BF489639BF3D
:10551000C8E825BF9A6823BF0C894ABF2B8D25BFD9
:10552000D25022BFEA4D2BBF102E47BF8D1127BF8F
:1055300068061ABFFC3712BF1A8323BFC08141BF60
:105540005A3336BF5FE747BF0B2C30BF7A3C2CBFC6
:1055500044712DBF29B41BBF48071ABF10EE33BFDB
:10556000275F48BF9DBC4DBF902234BFFB013CBFAD
:1055700025FD33BF5B2C3ABF5F264EBF7EDB3BBFB2
:105580000AB17EBFC99143BFB78D92BF6F744CBF44
:1055900036044ABF4B2B19BFB1731CBFBFA105BF57
:1055A000FF1D2EBF9B9948BFC48A3EBFCFF42BBFBF
:1055B000FC932DBFA6DD26BFCC7732BFD2B245BF4C
:1055C0005B8842BF535C25BF3DFC32BFD2761ABF19
:1055D000F5B13EBFCB582ABF26B531BF53252ABFF0
:1055E0006E533CBFF20731BF79812BBFAF7023BF31
:1055F00051AE4CBF150841BF223929BFD42A55BF2F
:10560000685120BF8E4135BFDA7F3EBF418601BF62
:10561000B6B65EBFCAAF90BF02DF8BBFA96C8ABFB0
:105620001CAA12BFE6A172BF127B93BFCE3F20BF60
:10563000758B9ABF0E089EBF5198AABF7F795EBF37
:10564000A28A9ABF8ED833BFEEA7EDBEB20868BF5C
:105650003C4375BF71088CBFC2A877BFCCF69BBF17
:1056600013DA6FBFD74D41BFC4BF5ABF857438BF6F
:10567000792063BFDEBE08BF2EDC1EBF1FAB53BF49
:105680000BAC41BF4A543DBFF6AD1DBFFEF790BF06
:10569000485286BFAFF270BF1F5084BF05D786BF88
:1056A00088E976BF3E89FBBE6E5DB3BF1E4D4ABF23
:1056B000FA0535BF66027FBF058691BF99469BBF3D
:1056C000B4A6B4BF202FF6BE543C37BFAA6C42BF6D
:1056D0009A854FBF866786BF936493BF341B14BF00
:1056E000822071BF520A30BFF148D0BE934581BFBE
:1056F00018CF23BF03E095BF2D00FBBEA8016DBFEF
:105700009E5652BF68D106BFB37238BF319940BFB1
:10571000D121BFBF9BCDBDBFAE379EBF964E79BFD7
:10572000162487BFD30DA8BFF505A7BFAEE55BBFA5
:10573000E1B367BF299484BF6B284BBFE79B83BF4E
:10574000192261BF5D92A7BFC10BAEBF7FB5A1BFDC
:1057500059899FBFF50799BFE4217DBF3C2282BFD5
:10576000113955BFC5200CBF5B811BBFF9B66CBF9B
:105770007BF436BFE75C34BF0CFE2DBF02EF51BF98
:10578000281641BF2472B8BC2BFEACBF53BF82BFEA
:10579000ADB753BFBC23E3BE75F688BF76321ABFE0
:1057A0009E0F2CBF2C0A39BFEB1879BFAEE6AFBFF6
:1057B00013D9CBBF9C7263BFDD5089BF9D9F44BF8F
:1057C0008BAE8DBF20B13DBFA6B2CABEC008B3BF6D
:1057D000FBC3A5BF624380BF277A51BFB96C84BFAA
:1057E000E66FA9BF525CBBBFC5B29ABFB62859BF0E
:1057F0005F6686BF9BFA61BF0A372ABFE96B3BBF72
:105800009D642BBFC0D83DBF557738BF36B12ABF86
:10581000C9482BBFD36F3BBF497927BF70F237BF51
:1058200018B42ABFDE5127BF37CD25BFB10B29BF22
:105830004C6536BFA8A835BF91B134BF148735BFBA
:1058400097BC31BF45E531BFB0CB49BF292564BF07
:10585000B7751FBF19AA72BF5DE941BF32E13DBFF5
:10586000600D2BBFA3A839BF61E328BF72B339BF56
:105870006BE638BF1CAB34BFCF4D2FBFC349A6BFAB
:10588000F5694FBFF83E31BFDB5B12BF716A48BF9D
:10589000AA8230BFDB9535BFEFBE1BBF135422BFBA
:1058A0004DB23FBF4BAE20BF52461FBFA6583EBFB2
:1058B000CF5143BF2BCF1ABFD3122FBF124C13BFF0
:1058C000BE0724BFE45729BFB82F2DBFFCBB57BF6D
:1058D0009C694BBF4BAD2EBF9D0949BF171B50BFE5
:1058E000E7B936BF28AD23BFB29631BF95C13CBFE3
:1058F000829F5ABF685829BFACFF28BF275925BFD0
:1059000023133CBF31F040BF473335BF3F190DBFB4
:105910003E550DBF54142BBF17383EBFB06006BFB5
:10592000C32518BF309C19BF208321BFBFAB3BBF2D
:10593000EE2931BF56E628BF8FCB28BF8F4024BF4A
:10594000F1F51DBF26EA2CBF714B11BFE39529BFAE
:10595000B8EF3ABF865926BF7BE52EBF2A041DBF8C
:1059600035F229BF771E2FBFA47B28BFC4DE2CBF12
:105970001F3F2FBFF3AD2EBF780C30BF009B36BF4B
:10598000B41935BFF5A954BFF5131FBFBAA751BF4E
:105990007D03E3BE14053FBFF4FF6BBFC7653EBF89
:1059A00032B9AFBEBE3640BF0F4F6BBF2C6D1ABFB2
:1059B00091F953BF922816BFF6D160BF1F767BBF07
:1059C000E999F1BEF21261BF5E272EBF275535BFA0
:1059D0001FE141BFE0F825BF976238BF16CD23BF56
:1059E000A04A22BF0C2416BF394928BF47EB2CBF61
:1059F000BAF88ABFD11631BFE7A537BF0EA728BFB7
:105A000052F83ABF18953EBFD5E83DBF6FC1FCBE06
:105A10001EB055BF6E78A2BF281573BF3ADDF3BE26
:105A2000AC304EBFB92D34BF7F3B20BF62D94FBFD2
:105A300001474DBF80CBFEBE7EB380BFEC6945BF42
:105A4000D99F30BFD94C42BFDB9635BF39BB22BF8F
:105A50003FF72DBFEA162DBF8C082BBFDEA61FBF58
:105A6000D2E03ABFC12F29BFC1F13FBF19F727BF0D
:105A70004F251EBFB45854BF99FF50BF0A05A1BFA0
:105A8000EC8EDDBFE1F905BFB1730EBF4EC334BF6D
:105A900039A21DBF0B8733BFC1EE17BFE625EDBE90
:105AA00012F715BF6FCE2CBFC0554ABFF3DBFCBE4B
:105AB000B53F22BF225D24BF882328BF9F1C2EBF75
:105AC000D7071FBFBC8A47BFE04D01BFCCE832BF3C
:105AD000BE341EBF40B325BF528617BF0DA70ABFF5
:105AE0000E4040BF385520BF931920BF296021BF09
:105AF0005E3F21BFA5162BBF07B1CCBE81A5FCBF61
:105B0000044EFFBF28EC0BC032D71CC0C37E08C0B8
:105B100052218ABF0B2501C02871DABF80A3CCBFF8
:105B2000568BD4BF664303C03A9A04C0BA531DC013
:105B300059780FBFD751A8BF760A01C0D92B12C020
:105B4000EC6FDDBF486BB5BFDBB101C01A5FABBF07
:105B50009888EABF99C0C9BF1BECB5BFA6B1B2BF58
:105B6000A0592ABFC4E460BFEEF897BF1C34DEBE64
:105B7000462D79BF25EDBEBFE4B225BFC98B3BBF23
:105B8000A48F2ABF498535BF59CB27BF95DA32BFCD
:105B90005D222CBF487A38BFBDFF29BF30A028BF87
:105BA00027EE2FBF22E238BF98E439BF0BD328BFBE
:105BB00097642DBF5A8336BF545C38BF9A5225BFB5
:105BC000B6E82FBF3B2038BFDF6E2CBF5BE34ABF78
:105BD000A70B21BF88E624BF01542FBF28B02ABFDE
:105BE000B9D724BF4B2836BFAE672FBF221F28BFAF
:105BF000F94434BF17E240BF1AD248BF08989FBF8C
:105C0000C802A7BF043B5DBFC3F28FBF38F396BF86
:105C1000FD979DBF90DDC6BF5BCEA5BF8CB87FBF93
:105C2000DDD08EBFB28603BF3B4D57BF4AA47ABFBB
:105C3000E73687BF697C89BFC4B858BF068526BFD1
:105C40005B1C4BBF94E231BF970735BF9DA63EBF9B
:105C5000F23E3CBFC25164BF9C8009BFFF721BBFB4
:105C60002C5D41BFD4202DBFF3B033BFADE31BBFCC
:105C70003DF451BF3DB25DBF43FD1DBF4F6E40BF00
:105C8000F8E350BFDCD716BF1E8EA6BFCC1350BFA3
:105C90003A8342BFBAFA31BFF15E66BF6D4265BF5B
:105CA000EBF83CBFDB715CBF405A1FBFE5C682BF4B
:105CB000687257BF3796CCBEA8D40CBF6E211EBFEA
:105CC000A16D41BF504820BFB3F51ABF63714FBFEC
:105CD00066123BBFBE183FBF8C2A3FBFF6492EBF9E
:105CE000CB4B32BF11781BBF01D81EBF5FD637BF69
:105CF0006E7642BF5F7258BF1CCC3BBF6F8634BF0D
:105D0000BF243ABF992C6CBF1629CABF734C57BF2A
:105D1000A1E73BBFFD1F54BFBEFB59BF88FC3ABF84
:105D2000907E11BF5CEB2BBFCCCF1DBFEE3E2FBFD3
:105D30005A7C26BFF11A39BF24A119BF30CE1DBF2E
:105D4000F0CE15BF8D803EBFED394CBF031622BF8C
:105D500021175ABF97372FBF1D2F45BF3B2A31BF91
:105D60003A982CBF0C2D30BF9C7D39BF77092BBFD3
:105D700077DA44BF8C7D21BF068338BF67AB2BBF6A
:105D800081BC39BFE51140BFF59A47BFCEC30ABFFA
:105D90009FC521BFA41B33BF587735BF2F6F42BFAC
:105DA000BAA236BF17A83ABFF47935BF004631BF53
:105DB00083F12FBFCB7F3BBF958736BF9C6D33BF31
:105DC000BE0A37BF35DA4CBF3B803ABFC04511BF72
:105DD000357227BF390633BF64E727BF384D35BF5B
:105DE00014AF24BF19A146BFA8102CBF4AD227BFA9
:105DF000AAB63BBF46872EBF3D961BBFE4263FBFDA
:105E00002AE22BBFDA3132BF627E50BF295872BFFF
:105E10009B161CBF74E52ABF2A6613BFED38A8BDC8
:105E2000F2F59EBFCB171FBF36E69EBFC15268BFBB
:105E3000363B34BF10140EBF61221FBF3F744BBFEF
:105E4000F499ADBF44EDBFBFE6ACA0BFF04A97BF29
:105E500098858FBF1A58A4BFCFEAC0BED8E08CBFC8
:105E60008B4368BFDF624EBF1D3D65BF7FC485BFEA
:105E7000584D37BF88BB6CBF14C831BFC6F230BFA6
:105E80003FED2DBFD7EC29BF45592FBF8EC435BF7D
:105E9000D5AB31BF933C31BFCF2631BFEF5234BFBA
:105EA000FD7339BF7B6729BF4F562DBF344143BFB8
:105EB000C4F432BF419A2FBF763223BFCB163ABF0C
:105EC000A86332BF2D902EBF8CC22ABFB1A940BF9C
:105ED000EC7C3EBF661030BFF9942DBFF4DF3EBFAF
:105EE000B69434BF494A40BFBA2D32BF827C32BF1C
:105EF000A7DA2DBF4F8130BF48E430BFAE4049BF65
:105F0000EF9626BF8BA639BF4E7AA7BF0A3A99BF34
:105F1000B28A4EBF4C815EBF372D35BF503C2EBF7D
:105F2000BE0C6FBF96D97DBFD4A5A0BF04723FBF82
:105F3000665D00BF0537BEBE34D906BF63219DBF75
:105F4000578D6BBF5C1F8ABFC90E88BF36694FBFB4
:105F5000D4B4DEBEEFB064BF258A80BF334889BFAA
:105F6000F5592FBF185772BFC00022BF825C35BFE2
:105F70000F4F7ABFD6658DBFAB2337BF075E3CBFDF
:105F80005E4E37BF3B5B2ABF04713CBF1E9030BFE3
:105F9000B77B21BF642068BFAD7877BFFAA5FDBE8F
:105FA000D5E856BF7C6A86BF36541EBF5AB21ABFA8
:105FB000EBBB3EBF9C9851BF71E051BF12439CBFE9
:105FC00000EC9BBF5A09C7BE1C3D6FBF69CA29BF01
:105FD000860A34BEA26A42BFE54324BFCBDC93BF2E
:105FE000044E8CBF86FF80BFB2307CBFB44704BF75
:105FF000DC8047BFA37681BF12231FBFA14647BFE6
:1060000041401EBFC7DD20BF23033EBF3D9B46BFAF
:1060100018214CBF205C27BFC62330BFDFCF3ABF5B
:10602000D01546BFA8434DBFD25930BFAE2246BFA0
:10603000AB4C38BFD97B2EBF210B2DBF079C27BF90
:10604000AE164ABFF15028BFE89D17BF69DE33BFC7
:10605000223C2FBFFE2D3BBF85BF34BF468D1EBFE8
:10606000D8BA3ABF63EE2FBF7B2F2ABF847739BFE0
:106070002E053ABF52E833BF79D712BFEBE57FBF99
:10608000634654BF53B542BF967C1ABFE937BBBFC6
:10609000CFD3B2BF8E3AADBFEBB4C3BF5CA2B2BF29
:1060A000E2FABEBF909549BF521148BF7EAE87BF8E
:1060B0003A867FBF9174B1BF1291C5BF4B6EA9BF25
:1060C0007187B2BF7E6FCABF0038AABFC255C2BFB8
:1060D0002F01C5BF4414B7BF15F174BFCC7BAFBF50
:1060E0009AC756BF39D4A7BF44B295BF422B6CBFE5
:1060F000F934BABF13ECB9BF124935BFF19331BFC0
:10610000077E31BFC66E31BFBA6F31BFDE6B31BFA4
:10611000F87531BFE97331BFB17031BF767231BFED
:10612000F77031BF3E7031BFF97131BFE57231BFD9
:106130005B7231BFF87131BF977231BF7C7131BF73
:10614000ED7131BFE07131BFF27131BFE87131BF24
:10615000AB7131BF087231BF217231BF227231BFC2
:10616000947131BF237231BF1C7231BF197231BFBC
:10617000377231BF117231BF6E7A36BF27D64ABF30
:10618000C9D714BFA2450ABF1F4C25BF255B4BBF13
:10619000FA1D35BFD5CA2DBF4DC536BFC5BD4EBFD3
:1061A00057251EBFB08A40BFEAD81BBF77E51ABF8C
:1061B000BC8238BFA63D32BFDB0B37BFA0F35DBF4B
:1061C00003C630BF5E865CBF142F38BF79FA35BF77
:1061D000832B33BFCBF93BBFC6CE33BF985444BFEC
:1061E0008DF631BF1A5722BFD3713DBF22E618BFCB
:1061F000933925BFDBB935BF9FDD32BF2B7F42BF4F
:10620000A72A2DBFD7352EBF247E37BF3CBA2EBF5D
:10621000069F29BF29912BBF573037BF763031BF3A
:10622000D35142BF6D5B37BF0EE237BFAE342FBFD5
:10623000E2F744BFCFB62ABF1C1A36BFD2452EBFE5
:10624000D6A637BF372F33BFFB5037BF5E122FBFE5
:1062500090513EBF05963CBF2BAD2DBFEB6734BFC1
:106260000EB33BBFE58E29BFC39D30BFF2F43CBFE8
:106270002A0326BFF86A2EBFC9FF49BFD2CC63BF2D
:10628000856E82BF659F5BBF1E0971BFC00A9CBF40
:10629000F6CCA1BFBB2EABBFFA09C2BF3082DCBFB8
:1062A0007981CEBFE95CA6BF215A56BFF1BAA0BF23
:1062B000059171BF270887BF44CE32BFE6D71ABF0A
:1062C0007CCE3FBFB6BD4ABF0DF483BF97B672BF49
:1062D0007E94A0BF71607FBF314EE5BE530962BF9F
:1062E0000B23ECBEDA713FBF260744BFDED334BFB9
:1062F000309B69BFA1A43DBF324F3EBFBD7846BFB2
:1063000018BB29BF980B28BFB5653EBF6D502FBF86
:10631000E37F3EBFCCD05ABFF65921BF4D3346BFB5
:106320005F4E51BF4E4F2FBF04C738BFC65C09BF79
:10633000A23532BF4DF2FFBECA0A6ABF0A180CBFAF
:10634000531F25BFD87239BFF08A3BBF79F541BFD3
:106350001D5334BF87AA37BF3D5319BF4DCB1DBF57
:10636000E3E742BF04D335BF7AD42DBF49DF43BF33
:10637000C2F429BF456D31BF221041BDBA8F4640DE
:106380002741CB40D2C41441EA0D494152247E41F9
:106390002D959741C0A7B0413B79C8416DD4E141EB
:1063A00044F9FA4133410A420C6C1642888A23426E
:1063B0003F0A30423C7F3C4234B749420567554270
:1063C0002B61624244656E42B7487B4217D38342D9
:1063D00057688A42925E904232D0964243DB9C429A
:1063E000FD4EA342279CA942DBF2AF421712B642F0
:1063F000956ABC42B7D4C242262C12BCBF57524049
:106400008DD0C840AF1B144145684A4106267A41E9
:10641000C48E9141022FAD4179EBC7419C43E341CA
:106420006EFDFD41E32A0B42255A15422BE922421B
:10643000AECF2F42E6843B42FC1D4A429D2056428D
:1064400056BD624288556E42335F7A4226F88342D7
:1064500055328A42634B90424F8C96423CF09C42AC
:106460007E71A342C29CA942DCB6AF4220DEB54297
:106470008F6BBC421FDBC242D60EB63DB305564001
:10648000E170BE40088B1841142447417F3B7F4197
:106490008B1497417FDFB041B4C8C941E04BE04164
:1064A000F072FC4143C40842368D17422CED234262
:1064B00030872E420B473D42DF8A4942B025554284
:1064C000BED0624229F06C42C4477C42A7C98342D5
:1064D0001E108A421C38904264B79642B71F9D42F4
:1064E0001F3EA342D780A9420B16B0422A93B64260
:1064F0002553BC420E6EC242235F483D54D93F40F3
:106500005FF6C64032E01641231A4D41D1BF7941B2
:1065100054F5954163ECB041E01CCA41913DDF4127
:1065200032D0FB415BBC09425108174261B12242A3
:10653000FC412F42EBC93C42451849422752554283
:1065400089546242B0C56E423F5A7B42F2F38342A5
:106550005D9A8A42DB429042FD3B974270F79C4233
:106560006828A3425305A94227DBAF429983B5426D
:10657000146BBD42D61CC3428775B9BDA5CE46403B
:10658000E4DAD540DF9913414DBA4C4112DC744135
:106590003F6F98415160AC418574C741C286E34169
:1065A000B523FA4117810A42D858174204EB224218
:1065B000CEB92F42971E3D42B7214A42132156427F
:1065C0006FA662426E637042B096784204B783420F
:1065D0000CC58942B3E190429EB69742F7BF9C42F8
:1065E00019DAA342CC5FA94288BEAF424048B64206
:1065F0001FB1BC4206A2C142C63E373E66A94C400E
:10660000C7A3C940185D1241B1C74641089D7A41F0
:106610000E3B9541B835AF41C3F3C9415372E141D7
:106620004D16FB4100750A42DC581642446F244265
:106630005E3C304243DB3C42F63C49429377554254
:10664000330B624273926E4257997A428AE78342D1
:1066500067228A4239689042700C974226479D42D1
:106660006034A3422288A942AFD6AF425C94B642BE
:10667000C755BC42CD1CC342B749083D67E64740F9
:10668000CB2BCA40015B13412B6249412ECF7B418A
:10669000C0709541E581B141F3CDC741870AE3411F
:1066A000F311FC4157180B42783216425A1E24420D
:1066B0001BC22F4255ED3B427DAD4842DFB45542EF
:1066C0000C9B6142FF366F42E57A7A4290B4834276
:1066D0000BD9894267BF9042AC9F9642195E9D429A
:1066E0003864A3423922AA42ECD6AF42A20FB64286
:1066F000C797BC4269EDC242D9798EBC382D4A4059
:10670000719AC9404688164119F648413F287B4195
:10671000C1E6964152F6AF41BF2FC941DA18E241B6
:106720002454FB41693A0A42F5C416425763234296
:1067300049EB2F426D803C425A0849426BAA5542B0
:106740000632624262C16E425C547B4216F483425E
:1067500071378A423D8790429DC8964211149D42EE
:10676000335DA3422FA4A94251EFAF42E736B642B0
:10677000467DBC42E3C7C2429A00B33CB694464051
:106780007729C9400D68164167F74A41A78A7C41BD
:10679000D3B496413253B14120DAC841D604E24124
:1067A000D272FA41A1F209422C62174283BF2242FF
:1067B00004E02F429A223C423F6549429C1A5642CD
:1067C00032A16242DD6E6E42B85B7B42671D84423D
:1067D000B6228A422E7C904202BE9642BC0F9D4257
:1067E000C329A3424785A9427E09B0425C14B64240
:1067F0004692BC42E6DAC2423D1BF73C5BA74340EF
:1068000096C8CD40E0B71A41A6184741993D7A4154
:10681000B4829641BD41B041C3C8C741A37CE241A7
:1068200030B4FB41E6B00A42BF7F164296F92342DC
:106830004F49304223C33C4233A949426FB65542C7
:10684000B0F8614263D46E42E9497B42E91984425F
:1068500028838A429A5B90429E0B9742C0149D42C5
:106860005B56A34285A3A942B8FBAF42F85BB64290
:106870009E7DBC424CCFC242D121BABBC7A1494088
:106880000895C840FDE615411F3C4941F4827A4114
:10689000874C9641C1B9AF4103C5C8417333E2414A
:1068A0002B86FB4153CD0942EBBA164202842342A8
:1068B0009B5E3042BA103D429A334942706A55425B
:1068C0006258624252DD6E423EB87B42C02784422B
:1068D00066168A428B5390428BAB964271149D424E
:1068E00011ABA34246EFA9424FBFAF42F15AB642A5
:1068F0003A3CBC421AEEC2420802E8BBA7124A4028
:106900000E7AC7405B8C17410A314841CE267B4145
:1069100004CD9541BF97B0418CCDC9413349E14188
:106920008605FC41AD130A42679A164291D922426C
:10693000F1D82F4230233C4275BE4942DDB9554261
:106940001BF56142BB906E42E6327B4285F4834286
:10695000212C8A42A17C9042A2C49642303A9D42A8
:10696000A885A3424B56A942B3DAAF426D4EB64258
:10697000B4B7BC42D9F4C2424E7B253DD7934B40BD
:1069800011F3C840D6CE14415F4D4941E5E17B414A
:10699000DC3F9741AC21AF4112F9C841AC63E14102
:1069A000C23CFC4130E6094274E01642F842234200
:1069B0004413304200233C429E2E494247D8554260
:1069C000C7F56142FE1B6F42C1227B42A7F683429C
:1069D00062578A4218B4904298C296425B359D42F3
:1069E0001871A342B1A6A942DEEBAF42EA51B6420A
:1069F0009376BC42D1F3C242B26A8BBE01F9224007
:106A00009D56CE406E591B41CCC546417FD2804138
:106A100035CE9541D41EB1414B1CC841155EDF41B6
:106A2000BCA1FB412AA10A4252ED1542E9C2234210
:106A300020D12F4299453C421FB048427898554298
:106A40007EB9614220CE70429BD07D4206FD8342DA
:106A5000F99A89426D329042645B9742F5349D42C7
:106A60006296A342C05DAA421481AF423DF4B54292
:106A7000724DBC42EC6CC242627E1DBD46EF4A4084
:106A80005822D3409F811541F560484127BA7C4187
:106A900064FF9641AE36AF414373C8416049E2415D
:106AA000E74AFB4185060A4265F8164244BB234289
:106AB000A5FE2F42392B3C4270374942B2CE554297
:106AC0009930624231B76E4238767B42F719844280
:106AD00012638A424497904201D396422B1B9D42F7
:106AE000C83BA342C7C3A942D410B042521EB6420B
:106AF000B5AABC421C97C2427F7F5FBD26D73D40EE
:106B00005601CC4047471141C00A4941186A7841B3
:106B10005AE996411196AE41734CC8413C36E34167
:106B20005639FB41FB0D0C42A96B1742ED1B22426B
:106B30003F8930425D913A427DA34A427D5D574292
:106B4000032C6242343A6F4243367B42127D8442C8
:106B500094538942612D91428366964215649C420A
:106B60002A4CA342FBB5A942DB49AF42F837B642F3
:106B700025B7BB421A33C342A45443BDD4CC4A40C8
:106B80001D2FCA40B69817415DC04841A05F7C41A7
:106B90004A559641F727AF41DABFC9410A17E2418A
:106BA0005AB9FB4158560A4248C11642FFB6234221
:106BB0009CBC2F426C753C4237F14842E8F055428C
:106BC000C7F9614279F66E42A5907B4207E08342A5
:106BD000262F8A42617E904225C796421E209D4202
:106BE0008D5EA342AC93A9423EF1AF42C13FB64293
:106BF0004E7EBC42659FC242CCA640BC417B4D400C
:106C00000AA1CA4078131741B5814A41766D7B418C
:106C1000946D974180F1AF41D2C2C8414A05E2412B
:106C20008154FB4191670A42E7EE164296322342B5
:106C30009AE62F42367E3C4237174942A2E9554236
:106C40002F276242A87D6E4293D87B42D2B5834201
:106C5000F00B8A421C98904214A49642C1149D42A3
:106C60001C3CA34272A1A942BF02B042183EB642E8
:106C7000ED7ABC4242F8C242501A17BB9D8249408D
:106C80003046CA40CFF41641776B494163377B41A8
:106C9000C03A964142D1AF41158FC941CFBAE141C7
:106CA0007F37FB4157180A422ABF1642B07A234267
:106CB00044B72F4290C13C42950C49424291554203
:106CC0005E1A624276F26E4279767B4248E88342EF
:106CD000B74E8A42828690422FDF964276089D42C6
:106CE0005C5FA3428698A94234EEAF42E63EB642CC
:106CF000C870BC4233A8C2429EB551BDA1144C40DD
:106D00008C12C940E7CF144130CF4741A77C7A416C
:106D1000DF309641FC05B0416FE8C8415B50E2416D
:106D2000B23BFC41413B0A429F3C1742AEEF22423C
:106D300027CD2F42B5B43C428D0C4942857855424F
:106D4000CDF6614205CD6E4259657B4218E483421F
:106D5000484A8A42E973904252EA964251FA9C426A
:106D6000246BA342F5C3A9420A0AB042CF22B6421D
:106D70009E70BC4260C9C24200000000DB0F494067
:106D8000DB0FC940E4CB1641DB0F4941D2537B41B5
:106D9000E4CB9641E0EDAF41DB0FC941D631E24192
:106DA000D253FB41E73A0A42E4CB1642E25C23426B
:106DB000E0ED2F42DD7E3C42DB0F4942D9A0554237
:106DC000D6316242D4C26E42D2537B4268F28342D1
:106DD000E73A8A4265839042E4CB964263149D422F
:106DE000E25CA34261A5A942E0EDAF425E36B64245
:106DF000DD7EBC425CC7C2421BE3FEBB3877494024
:106E0000B719C8404FFF15413D104A41F7C97B41B2
:106E10008D5C98418737B241A5CDC94187ECE241ED
:106E20001D9FFA4167270B42787A154207C121421C
:106E3000E9632F42D4363D42C1C046422019564232
:106E400088F86242C5606D4242E97942DCA884421A
:106E5000F6A28942291E90420F3596420FC69C42E7
:106E60006250A342EACAA9425C7BB042D88DB542C7
:106E7000F2AFBD42A961C3421B03FD3DFA1265405A
:106E80001DC3D0405A021341F65B3E412C117D4197
:106E9000760599411BF2AE4156CDCA418072E1415F
:106EA000610CF94175A80A42288E16425F2D2342D3
:106EB000DE0E314241503C4211DE4842CAFC55428E
:106EC000A12B624296BB6E42EB6A7B4261A0834279
:106ED00010408A428F0D9042CEBA974249019D429E
:106EE0008149A34205CBA9422B66B0429DE1B54240
:106EF000621ABC42F0B1C2420F9815BD0F744B40EC
:106F0000A545C740A4D51541BAA1484178D27A41D8
:106F1000131197419E84AF41EC93C841BF04E241F5
:106F2000F88EFB414F470A423C831642EE942342BF
:106F3000FA4B30424B5D3C420CF34842A27655423C
:106F400076236242DB026F42DB057B4267F78342B6
:106F500096588A4258909042DEFE9642A1289D4261
:106F60006C66A3427398A942B3FCAF42E95DB64296
:106F70006991BC42AED7C24233BC09BBFA4A3C401D
:106F80008854C940770D17416D794641757E7D4122
:106F9000049A964176B3AF41ADDCC941263BE2414C
:106FA00095E5F9410680094205C81642DEF72342FD
:106FB000097930422CD53C42403D494260D7554288
:106FC000FC3B6242E9266E42628D7B42080F84429E
:106FD000440C8A424836904215D2964274559D42DE
:106FE0002D5CA3425099A942F315B0420674B642F3
:106FF0003889BC423BCBC2429A68283EE28E3A4076
:107000005D5FD440E5BE1B416EE24941E6C9804167
:10701000F9DE9741B65CAF410B66C6411547DF41CB
:107020002895FA416D450A42FC761542E3AE2542A9
:10703000ADF43042AEF03C420A774B428CC056422F
:1070400030F06242542B6D427A407B4252C28342FE
:10705000CEE38942FB579142006296422CCA9C4281
:107060008D27A3423904AA42958CB0429CA2B54216
:10707000DFDABC42377FC24262A7863C77F04940E4
:1070800068D3C8409BDD16415BFD484175567B4186
:10709000A3D49641ABEFAF418E0CC9415C2FE241C6
:1070A0006354FB41763D0A4221CA1642985B234253
:1070B000DAEC2F42C4803C42880F4942C6A05542B8
:1070C000F731624225C26E428F547B42BFF2834247
:1070D000533A8A4203849042CECB9642BE149D42DC
:1070E000265DA34283A5A9424EEEAF423836B64292
:1070F000E77EBC4214C7C242E4428B3DD67F484083
:107100007367C640B69414415FFA4641657D774186
:1071100080DB9741D0B7AF410760C641F6DCE34161
:107120006199FC41E2FA0A42E6B61642752524420C
:10713000DCAF2E4266D53C42F4B74A42719C5542C0
:10714000C5F26242363D6E4272E17B42B9778342BC
:1071500085F88942C5189042C3079742F5669D425B
:10716000CB30A342076BA94275F3AF421171B6420F
:107170009892BC4224A1C242DD8CA5BD02EE4240E1
:10718000274BC6409200184133614A419EC67C415C
:10719000B94796414D92B0415D7EC941A913E34183
:1071A000DCEDFB4130600A4267261742F3F82242C9
:1071B000CE982F4243583C42FD3249429178554285
:1071C000A89B6242EFBA6E42D92E7B4282D08342A4
:1071D000B65C8A42F5649042B8C09642CF139D4295
:1071E000E157A342DDC7A942CDC5AF425766B642BB
:1071F000606FBC4288B2C242B45517BE784A524052
:107200008BA9C4404E2D17414B7C47419A8A7B4144
:1072100033979641E18BAF417954CC414955E241D6
:10722000C4630042D21A094240D6164201222142CA
:1072300046382E426CCE3C427BA848424F6B5742A8
:10724000E4F061422DD16E42DD937B428E51834248
:107250009511894209AA904274B59642A8EE9D42C2
:107260009A9CA342DE87AA422A3BB0427752B6429A
:107270000F26BD428D32C2420B354C3BA6BF4C405F
:107280006C9ECD402B341641C3D649411CAF7C4186
:10729000516E964186F6AF4131E2C841B531E141C8
:1072A000395DFC41C4810942BAF4164215AD23424E
:1072B000117F2F42907B3C42CF0D494285FA5542C7
:1072C000DC2A624250BE6E42034C7B423FFF834247
:1072D0006B628A42B2C590429AD69642EC1E9D429B
:1072E0008672A3429FC6A942B3D2AF424238B64289
:1072F0002397BC423CDBC242D7FEB23D91E14A40FB
:10730000B493CB40DE4F124182A1494149317A41C9
:1073100057A297410F84B041435DC841A24AE24160
:10732000CBF1FA4129600A42D74D1642375F23421A
:1073300078043042C0433C427DD947421303564251
:10734000B9436242693F6F42130F7C428AC5834250
:10735000D22289428CFA9142B1A09642D8FE9D4237
:1073600016A5A24255CAA9427BF7AF42E8DBB54257
:107370002F5CBC424534C342109A263D3EB0574074
:10738000DADEC940AD20174119254B41A6FA7941F3
:10739000F0B79641D3D2AF414F84C9410162E14178
:1073A000A9F5FA41E8E60A429B73164202502342CD
:1073B00005672F4264C53C42D21F49425F8E554249
:1073C0000350624293AF6E427B237C42DE088442CC
:1073D000C0678A42197990420BDC9642C0EC9C420D
:1073E0001A5CA342178CA94282DFAF426A1AB642E6
:1073F000C4A4BC428BC1C24247EA793D00DC4C4088
:1074000063BFCA406CC11741AB0B484147557A4135
:1074100053599641F663B041E3A4C841B8AEE24186
:107420003AE8FA4107F90942670317428D8A234275
:10743000581F304235B33C42C217494202D555422B
:10744000AB726242658A6E42B2967B42E4D083425E
:107450002B188A42E9A6904291D0964291ED9C4227
:107460009089A342C58EA94226F6AF426E12B6425B
:107470001F9BBC4237A9C24208EC83BBEB5A484071
:107480001A23C540A23216418D994A41D89E7941AE
:10749000277697416A88B041786AC8411255E2411F
:1074A0007AE9FA413EA50942A4FC1642622423422D
:1074B0004D1E304259A63C4205C74942AB3E56429A
:1074C000602F6242B3CE6E42AF257B4226368442A5
:1074D00089268A4242A0904258FA9642D53B9D4264
:1074E000D16BA342E9A6A94249D3AF428624B64252
:1074F0009931BC42DCCCC242AA6F8ABD6E55414074
:10750000B288CA40971919410817474188437A4100
:10751000849A9641872FAF415C3EC941EEF3E14129
:107520002E23FB413F830A42C2251642FA5C2342C6
:10753000AAD02F42EE993C4298B64842E195554276
:107540008932624262CB6E420A567B42DD0D844232
:10755000C03F8A421714914250B8964281659D42BD
:107560004A69A342D9D7A9424302B042D557B6428D
:10757000D8B0BC4233ADC2426C75C63D77193F40AE
:10758000D799C04022C20F413BEE47417B4479412D
:10759000350694419EC9B0415B3AC841DDE6E14100
:1075A0005733FC41D3CD09428AEE1642D3D722424B
:1075B000A0F92F42F84F3C424D384942E02E554247
:1075C000AE07624295BC6E42E1937B4261E6834224
:1075D00043348A427A8290421BBE96426AFC9C42A5
:1075E000278CA34225C2A94245EFAF425F04B642B1
:1075F0007876BC42C0CFC242F123F4BC25F33940B7
:10760000E08FC84084BC144166754741C7827D4104
:107610004F8598418B50B2414171C7410BC4DE4147
:107620005123FA41C9300B424B2C1742A337254254
:107630008A0F3042F03A3B42C00E4A423EA85642C0
:10764000A825614261486F4271F87B42A3BA834228
:10765000F6528942B34B90420DFE964276039D420C
:1076600081B0A2429F27AA42E55DB0427A91B6421C
:1076700075D0BC4284B5C2426447873D679E604076
:1076800041BCC54039F815415EFD4A41F25F784181
:10769000F809964143A4AF41B10CCA41109DDF41A6
:1076A0005561FD41FF580A424B001642A7B62242DF
:1076B0003260304271BF3C42A73A4842E0565542E0
:1076C0000AD361428FF76E421D437B4297C78342C4
:1076D000AC318A4276559042DCE79642F1CA9D422F
:1076E000A745A34215EAA9427312B0420FF4B5426E
:1076F0004234BD42579FC2427A129EBE45B24F40AD
:107700006132D64041831D41DB014C415B077E4124
:10771000C78296417103B141F2DAC64134DBE041E0
:10772000B1ACFD41E4D90A42E2ED16425B8A224245
:1077300084662F42D24A3C4238A747427E205542B7
:1077400085D662423B9D6D428B9B7A42B5608442F6
:10775000350C8A42685091429BBC9742301A9D4238
:107760004349A34236E4A9421D98B0429EBAB542AD
:107770001BACBC429CD3C2428B5FD53B97AF394018
:107780009495C74027091941DAA04441AFDF7541FC
:10779000B0279641E507AE41B240CC41780EE341B7
:1077A00080D3FA41CC390B4219D0154253A820425C
:1077B00003682E425E7D3B42D72A48425BA9534272
:1077C00089A66442748F6D42D4937A429BDE8342D1
:1077D000F5BE8A42B3FB90426BCB9642427A9C4202
:1077E0008DABA34208A1A94257A0AF42F00FB64209
:1077F0000F0EBD429DCBC2424162073D41C3464090
:107800000F17C840AA681741281B494135957A418E
:107810000D7F964188F5AF4126A4C841496AE241EF
:107820008E5EFB41C64E0A42E4D7164238742342AC
:107830004DE82F42539F3C425823494224B55542BC
:10784000D5496242E7246F42C2927B425FC68342BF
:10785000172B8A42794F904256C79642CA069D42DC
:10786000B04CA3428899A94237D5AF421E26B642F2
:107870007271BC427CB8C242B99CBBBA9E854E4074
:10788000DF6CD14028091441BF9A4941CE267A4184
:1078900093299641D67BB1417459C9417494E24110
:1078A00003CEFB4161BA0A42FCAD16425D7F234222
:1078B00017F22F4278613C4254214942A1035642BB
:1078C0002C67624227D46E427D2C7B426C538342EC
:1078D000EB518A42EA5790428B799642A9539D42D6
:1078E0009659A342B4B2A942DDFAAF42EDF5B542D2
:1078F000AE55BC425DC3C242BF27E83C5BAB4740CC
:107900001B61CC40AB0E1641FD5E46416A4F79418A
:1079100018DB9541B255B041196FC8419F2DE24126
:1079200067F3FA41BB690A424AA81642544423420B
:1079300025E12F42F4513C4231ED4842736D5542EE
:107940009B866242CFD36E4280447B421CDE8342E0
:10795000746F8A42326C90427DDF96429F519D4205
:10796000763BA342F589A9428BF8AF42D72AB642AB
:10797000C16DBC4268D1C242AE5EA0BA3CE1454096
:10798000319FC740F6C8174198EC464118B47F4173
:107990000C7298411597AF410EDFC941F284E34163
:1079A0003179FD41ABEC0A42121416428381244224
:1079B000CADF2E42E3E93B4245894942D074554231
:1079C0000BBB624233C36D42477F7A423CB5834270
:1079D0001A6F8A42A57B904240FF9642B60B9D42A9
:1079E000797EA342199AA942B2A9AF428B35B64219
:1079F0007916BC4238CFC2423DFDF53CF6F14D4010
:107A0000659FC440E02D1941A7DE484153FA7C41EF
:107A100037939541A438AF41D03DCA4182A7E04198
:107A20005493FC41C7FC09424B8216428F09234202
:107A300092D42F429FD03C4243864842F95155424E
:107A4000332062422EF56E4294027C423AB8834261
:107A500087028A428A5090422AF89642C9159D426E
:107A60000C84A342C592A9425C15B042DE66B642C0
:107A7000367EBC4261B6C24206861EBEE6D9524080
:107A800037DDD04089460541FF7D494101E176411E
:107A90007EB99841B2E3AE41DE69CA41DEECE14114
:107AA0004B5EFB41F2260A422DB7164277BA2342BB
:107AB0006EA12F4249B53C426BCB4942BB3855427F
:107AC000D2C26142FF326E4236B37A42D1FA834269
:107AD000D8FF8942E42090424AAE9642250A9D4250
:107AE000AF20A342C89EA942FE04B042D14CB64288
:107AF000C8D6BC4293BCC242C8A8333E67843A4051
:107B0000F962C34063841A4155A84641CD1E7841AD
:107B10008243954158DCB041F02AC54127BBE04182
:107B20002EFCFC41172F0A4264A31742EC49244261
:107B3000E9C9314212E93C4234E8484279A1554250
:107B400050C1604268FF6B429CF27B42BF78834227
:107B5000905E894239F990425C0F974233ED9D4225
:107B6000268EA3428817AB427DD8AF424B6DB642FA
:107B70001A64BD422E37C2424157E53C936A4740E2
:107B8000C1CDC7408D73164129224A411BC07A419D
:107B90002E3B97412CB5AF4175D7C8419561E24165
:107BA00065C4FB41CD580A42AAB116428D862342D4
:107BB00029FB2F42A1AF3C4274294942998055428A
:107BC00080526242BFDB6E42078C7B4219F48342D3
:107BD00045888A42195B90421BC29642BC289D424E
:107BE0007267A3429D91A942D100B0421D47B6429F
:107BF0004C93BC4257C9C2428018FC3CB17F3B4009
:107C0000ADC4C7406C3016414DFB4A4127CB7E4185
:107C1000902497414F01B141C647CB412C93E44199
:107C2000DA63F94145FA09429359174251C0234298
:107C3000AA7A2F4241413C427C0E4A42ED305542E5
:107C4000BB1B624236C56E42F15E7B42EAD783427D
:107C5000CE038A422C89904258A8964285F69C42CF
:107C60001BCDA3423C57A9425B1CB0422236B64210
:107C7000398BBC42DF8BC242DC5AA8BD92C24E4057
:107C8000D1D3C940D65F174148604B416B747A41EC
:107C90003C5C984169C6B0410D86C7418C97E44170
:107CA000BFE5FA419CE3094266261842466023423A
:107CB000C1DA2F42F1A93F4243274B42BE895542C8
:107CC000B36D6242FA956E42B4267B42DF2884424D
:107CD000B2298A42107890429AE196422AF19C4257
:107CE000E665A342737FA942D600B0427C23B64228
:107CF000999ABC4233A8C2421A2511BD78584D400A
:107D00005C03C540D9B01441F5F8474132BC764117
:107D1000D5FF9441B896AF41DC69C841131EE241DA
:107D2000B8B2FC4140610A4257EB164225ED2242AF
:107D30000034304219F23C4279844942FD7F554279
:107D40007442624216176E42B75B7B427CA7834245
:107D5000DD4D8A4297B7904214CE964268DF9C422E
:107D60004B5CA3421095A942F4FCAF421828B642DE
:107D70007186BC420DB5C2425F4908BD8B324D4091
:107D800018E5C840B6871641E994494125F57B417D
:107D9000AB2996416875AF41E130C941BAF9E2417A
:107DA000D2C0FB41A8010A42A3121742DD3D234283
:107DB0003E0B304203893C423BFA4842F55655425D
:107DC0000F2B6242E9FD6E42257F7B4246FF8342D4
:107DD000223F8A42B59B9042D9CC9642FD1F9D42DC
:107DE0000950A342BE98A94217E0AF42FC50B642E8
:107DF000487BBC42D7BCC24261B4493A29CA36402A
:107E00009C79CE40C9831541FCD34741BF907A414C
:107E10006E519841E018B14118F8CA41B4B7E14138
:107E2000B9FFFB41CAA40B42B24818421FB221421B
:107E30007A04314241C03B42949747423A535642FA
:107E400005EA624293376F426C9B7C4290B3834257
:107E500006548A429FB2904286CB964258C09C42BA
:107E60001B2BA342BD0EAA420FDCAF42E7F5B54281
:107E7000B0BABB429825C3422BF7BBBBB8A748405A
:107E8000913FC94024EA1641E1CF4841DBE77B41FD
:107E9000FDC79641A409B041B140C94110A7E141D5
:107EA000FC30FB417C840A42CFEC1642DC6023426A
:107EB000DF18304261663C42F8D94842A1B95542C8
:107EC0008C11624203F46E4289297B42DCCF8342EB
:107ED000A61C8A42219390429DBE96429B089D42D9
:107EE0009280A342E290A9426217B042672FB64245
:107EF000F097BC42B4A4C242FB5B173B3DDE44405A
:107F0000B913CA40EE98124130CA4C410837794142
:107F10002BB7954156C1B041C969CA41FDADE04199
:107F200053CCFC41555F094229E81642E71223422F
:107F3000DD512F429E313B425E3C4942B6C3554221
:107F400092676242AF036F426C177B42723A84427F
:107F5000B3828A4291A8904219B3964294B39D424B
:107F60008A84A3421589A9420FC7AF42C4CFB54244
:107F70007A30BC4282B5C242FFE1FEBCFB79484088
:107F8000871ACD40B0FA164107164941DDB07B4152
:107F9000BF679A41D78BAF41CA8CCA41AC1BE44141
:107FA000DA5FFB41AC680A42491A16424CFE234292
:107FB00048952F42E86C3C422BB848429C87564279
:107FC000F7EE624246656F424CA77C42229A83429A
:107FD000C7338A42C2AA8F42366D96424BB89C4242
:107FE000F1AAA3422719A9422A6CB04238E7B64247
:107FF000776FBD42E753C2429198AB3DCA764D4080
:1080000090E0CA403B0917413BAE4941E60B7A413B
:10801000915A9741FD30B141143EC941F42AE241E1
:10802000B512FB41E5B109421F1C1742B06623425D
:10803000C1B22F42DFF93C422EAD4842665655424E
:10804000844C6242A2956E42012B7B4266E58342DC
:10805000CC488A427F60904286E99642E81B9D4266
:10806000B72EA342E588A9427CF4AF42DC1CB6429D
:10807000E55FBC4212BCC242F8B9D0BDEC3E5140F3
:1080800056E3BC406D841A4188174541106A7A4115
:1080900098F7974113A7AF4104FDC6410CFCE1419D
:1080A000F265FD41B02A0A42439A164274362242D2
:1080B000A47A2F420C753E42A65F4642D35F5642D9
:1080C00027C261427DFE6E425FB57D426C018342F4
:1080D000BBCC89423AD8904202759742D4779D42F0
:1080E0001A04A342423BAA42DA18B1427BFAB642D2
:1080F000F993BB42409AC242339E0FBC8318494059
:10810000810DC94042CC1641EF0E4941D3537B410A
:10811000AACB9641BBEDAF41F00FC941C531E24159
:10812000C853FB41D83A0A42E5CB1642E55C2342EC
:10813000E0ED2F42DC7E3C42D80F4942D9A05542A7
:10814000D6316242D7C26E42D2537B4269F2834239
:10815000E93A8A4265839042E4CB964263149D4299
:10816000E05CA34261A5A942E0EDAF425E36B642B3
:10817000DD7EBC425CC7C2422A3BDEBC634549404F
:10818000C608C840656A1541DC3248414E6D7B41E6
:10819000C5669841FA9EB0413E44C941F1F5E141BE
:1081A0006C49FA41CF9F0A42B7E8164289FE224243
:1081B00008663042F2B43C42F4BA4842DF105542FD
:1081C000E86E6242FCC36E42A25F7B423CFD83428A
:1081D000AF2B8A42A55490420EDA9642E5049D42A6
:1081E000D846A342B4B2A942E42BB0421B2CB642FB
:1081F000209ABC426EC1C2427DCF27BCEF6B4A4081
:10820000D9AAC740C96E164175FA484192147C41FB
:10821000B8FA964198E9AF4183F8C8415B52E24110
:10822000C40EFB41D20A0A42E6AC1642556A23420A
:10823000C61A30422DA73C42992B494223A85542E9
:1082400055746242DFE26E4234B37B425AE88342A5
:108250001A308A4228B19042D0C09642F3369D42ED
:108260006C45A3429BA3A94262E3AF42772CB6427E
:108270003783BC42F0A0C242FA24D93D3ABE424004
:108280009CB3C0409D00164194464641BC937B413F
:1082900049A59541BB10AD412BC8C7416F56DF4181
:1082A0003BC7FD419C3B0B42E13A18427CA823426C
:1082B000C378304230AB3C42409A4742C24E5642AD
:1082C00046EE6042DE636E428FE37B4298988442C2
:1082D000A8338A42B86D9042D755964231039D42E9
:1082E000E442A3421170A942B142B0423682B64282
:1082F00070AEBC42056EC242A81848BD5C2C454019
:10830000E22BCA40634D16419D894841EA8B7B416F
:1083100088579741F59DAF41E11FC841495EE24151
:108320004084F9417F210A427CB0164258452442DC
:10833000D1533042A8873C4260A44842622356424F
:10834000BBF261425E736E42FEA97B426E1B8442A9
:10835000CE4E8A42EC859042289A964241049D4234
:108360006E6FA342F4A1A94237E5AF4266E8B54279
:1083700019CCBC42F5A3C24242F0B93E21B3943DB0
:10838000A71184BF9AF2EFBE90D8BABEECEEC43FFC
:1083900038FB383E8ED65E3CDBE68CBF67A1543F8F
:1083A000C8CD1C3F72ECE23E0401C7BF43DE633F11
:1083B00051510ABF4F6BF63D111581BEF43A07BF0C
:1083C0001EBD7A3EF8C8E9BE8F2CAA3FBD08C03E4C
:1083D00011B75BBD11773CBF99FCB53E4F2DCFBDAA
:1083E000F73B27BF5D7F2EBFFCB24A3EA6C5F1BC5E
:1083F0003584B2BFEF7C8EBEDA1ADF3E16FB33BF88
:10840000197930BE3ED01E3FD4E5563EE18C333F55
:10841000C0BA853F6E7DFFBE79289FBD425612BF10
:108420009CAF40BF158D8F3F90DCFD3CFB0DC13FE5
:10843000F76B763F877A343DBB018BBE2530D8BEC3
:1084400033C88C3E8BE5983E3314063F5E378D3F34
:108450008CAD8F3DDD9816BE242F3F3F507E773F79
:108460002705953EE7479BBE49BF4ABE445BA63EF3
:10847000A003693EF21790BE6CE8E3BCD227C53E6C
:10848000421DE7BE15F87A3F12EB493FE962E6BFAD
:10849000C84548BF668ED8BEE313783FF0678DBDF0
:1084A000FDF8E63FF28E853FA67CB03FF304C13E67
:1084B000EF34CA3F3583643F5782033F39C37CBFE3
:1084C000083D473F1C59AE3DDDA3683FC97151BF10
:1084D000CC65933F1DFFDD3EFCAD953F4599513F77
:1084E0003F1DDA3EBA3215BFB6D290BFDE128FBF43
:1084F0003A50953F6A5CA73E0C6C963E9A067F3ECA
:10850000B88B9D3FA63113BF8EC5FC3E41D3193EAB
:1085100072BBD63FA837BFBE048B38BF019D10BFCA
:1085200053EF19BE9D7FBDBC027B993F0BED51BF40
:1085300096F2E03EF215B6BE0DC9943E0498723A2A
:10854000EDDC37BF2DBB45BF9CB4243FDE5A903EC7
:1085500024ED093F97FE143FF42107BF30F5013E9B
:10856000828672BE60B8443EFF38183F7F634EBFBC
:108570007D9809BEDCAC033D17CD773E8A82F4BE00
:10858000EB0B1BBF547298BFFDD58CBD67912C3E81
:10859000BD2EB63F9AAA34BF02FDE2BFB65A1FBF36
:1085A00072A5D43E3B4A5E3D433CD93E0E290E3F68
:1085B000BFB8513F2EF71A3E7F9E7B3D330E71BFF1
:1085C000DD26273D8F0F6CBFC7112C3E8E976B3F6A
:1085D000BE2BC73DFDDD483F538B5E3D463CC0BED4
:1085E000BB20F2BFB004713E8FFD163EAA77A3BE3A
:1085F0006E145A3F070B7DBF698385BD577D96BFBB
:10860000006790BFE4F89E3E4F27973FA2714EBE91
:10861000F88D433FD098FFBE96B4ADBF9594D93E38
:108620006832E53E365C623FAE7CE43F383A03BFD9
:10863000BF73413FF807ECBEEE4E0B3FA2E5093E8B
:10864000C43DDF3EEDC0A3BE9C3FE03E6215A03DB1
:10865000DA7803BEAA1AAA3DAFBD7BBEC56031BFA2
:108660007D4D5FBF654A5A3F87202FBF8B864CBF29
:10867000A23147BF3B4913C0C3ED953DAA5E563FAB
:108680005C4C46BFE01F1DBE0CB89F3F1A078E3FD3
:1086900063E0033E6BBE56BFB373AB3E6878EABE81
:1086A00003E879BEDAA9D33EB3D132BF64D41F3D0B
:1086B00069A539BF573890BFDAC4AEBF13094A3F26
:1086C0003642A43E531F003F25743EBE1953583F07
:1086D000A7CA2C3FB3F1113F7A3D3D3D1E731E3FAB
:1086E00068656E3FB326DABE2D76EBBF6F37153F58
:1086F00008A2C1BA607672BF3DA78FBE38EDA33E17
:108700003A75A43E8E72FE3F8BAA9EBF6A2FB9BEF9
:108710000C0BCABF8D500A3EC8241ABF217C413EB3
:10872000072573BE32B0003F8F78C3BD182550BFF8
:1087300002589BBF815342B9E1E329BF630F6ABF6F
:108740004393153E07A2C53F1818FABC319E2ABFB5
:10875000D3CE81BE3949C03DA4853DBE4220B7BFBE
:10876000C65296BFC5D4ADBEBE2948BF0F4F373DD8
:10877000D5E86A3F45AD7F3FE687113FF3F60C3FF2
:10878000B38B2ABE7AD0973F3DD1B93FEED5EDBE2F
:1087900027C78B3F07DDC6BF475A313F166E4BBE1A
:1087A000D5114ABF6F4D3FBEAEE03ABED6BD823F47
:1087B000B490543E24EF14BFD73CBFBFFECB76BF6E
:1087C000AE4008BFAFD53DBF047E39BFF1FFB53F16
:1087D00032E237BFD1D671BF76917EBEA1D044BF01
:1087E00098029DBE2971253FB1DB173D7406A8BDD7
:1087F0000859A63F96FC283F6557BCBF8563D63F06
:108800005457E0BE5644803FCBBCC0BFAFCF28BD5D
:108810009B53D3BD504BF7BFD112383BB0E3E43F7D
:10882000522C783F02D29E3F7A4CA03F9A0A0B3FCF
:108830005ED9933E62D49D3E60D072BEB32C2C3F75
:10884000054F0F3F76B1743EC616DF3EA82CCC3ED6
:108850005F0E073CAF60C83F7A716C3E485DDB3EFF
:1088600007ECA0BD0B4AEA3EC6ED0340C1A9423F5A
:108870007AD746BF163731BF00355ABFC438853F57
:108880009462223F7340AD3F3E79833E490D8DBED9
:10889000AF748A3F93D782BF99ED49BE96E297BFE6
:1088A000998F24BF4FAEAABD26DAD9BE483226BF63
:1088B000DDC1B93E03E216BF0140D73EF824E0BE59
:1088C000A6D0453FC70944BFFAD5A0BFE7FDC83DC4
:1088D000B691C7BD8D3C6BBDF040893EF9E79C3E2B
:1088E00093611C3F3B8087BF7B232C3FF2CAC0BEF5
:1088F000E24B0B3F407E32BE9B9B48BFCA393E3F96
:1089000078AB843F42C8D4BE7D7E963EB3720D3FA5
:108910009FBB4A3FD2B42ABFC9180C3F393FB4BEEF
:10892000BE561FBE4D2DA63DB0672C3FE635983F85
:108930005CD1543DEACE04BF335A053F35078BBFA7
:108940008B2741BFC3156DBD122B413EB8EFA93F28
:1089500082BD44BE5627CCBD3B2E843BEB64733FA7
:10896000F05055BE34D7B63E2B88173EDF41493E06
:1089700086282FBFDC222CBE2A9CA13EABD8533FB9
:10898000EE4AECBD2AAABBBF574F35BFA82B73BF19
:108990008D83743FD65EB03F4026B33E564BFC3DC0
:1089A0005F97233C1AB37E3EC2E445BF4388683ECE
:1089B000AB61A9BD817207BF9A09103EDB6D9E3E77
:1089C000131842BD2F54A0BE994B3EBFCAD0473E9C
:1089D0007D329A3E99D9153F4DB9A4BEA1807CBE87
:1089E000FDA0243FB666223F4DFB2CBC07C51A3FB5
:1089F00034B8E1BDDB8FAE3F28C89C3FA24B8B3F14
:108A000047A41E3ED3BC1CBFB79AABBD90F0A83D97
:108A1000A4C2463FAE6FEABE271A8E3ED71A193F50
:108A200060B6BD3F757A6D3F003F333FEF3AEB3E96
:108A30006035C6BEB58B143E3D5669BFDA9E6B3EAF
:108A40005B65223F4A09553DD844263FF064993F73
:108A50009336083FA9BF32BF5C4716BE9B7BD83D0B
:108A6000D42DB23E3C16F3BE16C8663EC216153D66
:108A7000485729BF5A39CEBD06926D3F0ED5503F9B
:108A8000C11BD1BD25198B3FE44EFA3D564FAD3F7A
:108A9000DE896E3FAC06AABE32C51DBF2B7764BD12
:108AA000069056BF6882863E0C8E1B3F869A4B3ED0
:108AB000D3BA933E4D51A33E7123A6BF8D35313FAE
:108AC000C0D5AB3E33C128BF8C35D7BEA6D4043F3A
:108AD000632B55BD794F58BE92EAB23FE7BB613E6A
:108AE0006AA51ABF5B634C3E308B94BFF4CA673EE5
:108AF0003FEFDF3ECD4E5B3FDACA7F3FFCCE05BE87
:108B00003422243F37B5883F1A39133E5A21893F12
:108B10007005343FA459D83E4ACC8DBF09CBDF3E07
:108B20005BD71DBF557E63BEC522533FED70D6BED9
:108B300015AA153F0899893FF48E993F77DB60BFEE
:108B400020F2F8BEAF4F75BDEB34743D0412733D97
:108B5000ABEFAABF8C7FF93D143BFABFFAE72DBEFD
:108B600013C46FBB2465863E576A1EBF06E555BF1A
:108B7000C5AD6A3ED5FA0CBFE9B063BFBD79BF3E53
:108B8000B4A4213F59E6023E486FE7BD56D2AB3F41
:108B90005870B4BFE4F88C3D2C41C43E3BB181BF5A
:108BA000803D813E5E3F3FBFEA0AF7BEE0570EBF01
:108BB000A387C83E7CB966BE88390B3F3294F9BDA5
:108BC000AB7428BCAAA996BD9F2384BFF0A99F3D82
:108BD0002444BDBEC754633E1E7255BF401B09BF2F
:108BE0006F3622BE92B5AABFB1668F3F831A663F29
:108BF00024EE9C3E211F163CF6B58FBE8D25CF3F3F
:108C000059B1343F7F65C7BEDCFA2FBFA45AF9BE05
:108C10005411BC3D53B32BBFC44346BF6E9E42BEEE
:108C20004E4E5EBE18ACDFBEDBA55B3F6A1EACBE1F
:108C30006C9B8B3EC848BA3FF7B62640EAC3EF3D6F
:108C4000B38DA73D27A232BF2D5D4EBF1F3C833F92
:108C5000C1CEA03F4565353F63357DBD4149CE3E20
:108C6000E6BB80BF912650BFC8AFEC3E0D4FB2BEF1
:108C7000230AF8BD9BCA16BD64B9A3BEC2F2123F57
:108C800049BE233ED0EE393FA66D663F6E2F123EA1
:108C9000AABB9C3F495C37BFD64CA6BFE603CC3E7F
:108CA00043A388BF0D3584BF53B007BF38ADC6BEE0
:108CB000E2A0EB3ED64F363D5799F43E3BD0523EB4
:108CC000511E12BE5F6A283EF536ED3DF2AA1D3EEA
:108CD0001DE2B03F4D0E35BF890E153F8F81853F98
:108CE000FE7AC9BE8393E43D65F785BFFFFE8BBE68
:108CF000372D753DCAB416BEE469B83F3C315FBF3D
:108D00008A889DBE558A8D3FA408F33E801FEC3EA5
:108D1000038CFB3E7DE504BEA09DA33F56F03A3E8A
:108D2000496B16BF2B61993CD23C113E366312BF92
:108D300050672DBF92E48D3EB26D79BE4E0111BFDA
:108D4000B76A07BE959893BEBBE755BE30D0803F4B
:108D5000FC1177BFB789FB3D4A4B5FBEBF0F7BBE9F
:108D60009364A23E8475B3BFBDD75E3DA9B8E23E11
:108D7000C7642D3FCAD3A3BE7037CCBFD2699FBF93
:108D80004864CD3D82277DBE69BBE8BFCD69AF3D5C
:108D90009CD71DBFD6F3A33C33E529BF4CFEDABEFA
:108DA00086CC753F6CAE053FAA32C2BFEFA8583FD4
:108DB00043A219BFE5F40CBFFDAA1B3F45E8463EA0
:108DC00055FB263FE38CB03E8BC06FBF230B343E78
:108DD000E1D2A1BF6AF9123FF6D3883F17CD16BF83
:108DE0006D78A9BE3BD60CBE0759203E1DC67E3FFE
:108DF000AF5CA63ED6E84B3D756F0D3C94638FBECD
:108E000009ECDFBCE3A9DF3E9DFAD2BD48550A3F1D
:108E10000BD59F3CA5C07ABD610D60BF0FD20F3E40
:108E2000AB79A5BDC23CA43EC08F8EBEB24EA33E60
:108E3000CD9CC13E30461E3D1D4E3A3FE54B403F66
:108E400093498DBF1B5EC03F4CCA2F3F11307CBF82
:108E50006D3895BFF413D83A1A9B0A3F714DCBBEBB
:108E600087D8BD3E07C8893EE6CB7FBEF268543F37
:108E70006E6EABBD4008A13F77827A3FB6FD323DB2
:108E80009C21C0BE9D41663F324AEC3EF61E563ED6
:108E9000500C293E1B9935BF681C463F4FE40CBF60
:108EA000E195843FE9BE3ABFA3545E3F8AD78B3F2A
:108EB000BA30EBBF6DC8C6BE486293BFD993213D9F
:108EC00068A6233FCE3798BE6DC0BCBEF240263F99
:108ED0009CD19E3F6FCBD6BE29EC47BEB92DCE3E6E
:108EE000816527BFFC3B79BE0B7E793F1B1ED1BF3E
:108EF000840522BFF3221DBF4E850C3FE9AB553FD1
:108F000031F84F3DF976D7BDC92778BF60D35A3FB6
:108F1000A8E7FABC51EC923F0B12143F89B68FBF01
:108F20009F783E3F65B5313FCEF322BFA6F7C1BD66
:108F3000D5301A3E23299BBE13AA0D3CA49EACBF7C
:108F4000D115773F66896ABF178AA83FBDDBAD3E62
:108F500083F6D93E0EC7C23F2FD6BC3E0DF4E7BE06
:108F60000F05CDBD6EC5593FFF70843FD34D41BE47
:108F70002899F43E6A1ED1BEB9108EBC902786BED9
:108F8000D4F5B7BFD52C6B3E0A9602BFBD6E0A4022
:108F9000908F1ABF559B94BF54B3453F5F6EEEBD93
:108FA000E7BD4F3FFF0EC93F275EBA3ECA8C123E57
:108FB00071DF893F6796B9BC159D6A3F245D103EFD
:108FC000134854BEBF0EEBBDE154E8BEE51512BE1A
:108FD000B6B2E2BE18A3F4BE4F7619BFC0184D3F1B
:108FE0007EDE323F873FE93D280BBB3D94D1803E7A
:108FF0005F286F3F743496BE5C5080BF01B65B3F04
:10900000BC9A08BF9AE2B13E7A15DA3EA63CCEBEC3
:1090100044880BBFE393973FC1679EBFD721B6BE7D
:109020007AF49BBF2739003E8D34063F9093833FEF
:109030003771343FD85A88BEFDDFFABE696AAE3C4C
:10904000B0F60540999C493D17D12CBF4BF8403FE5
:10905000A6131BBE0C10C43EB2AD4BBD9C29913D66
:1090600061F055BE8385D0BE5A65ECBEF64971BE2F
:1090700024950B3F0526533F3193BD3E799922BF7E
:10908000B63CE2BDD3A3F43E4FF104C01E3496BFFC
:10909000F612383F6C266A3FD9EF5ABFE094DC3DA8
:1090A0006E165FBFCA6C953F1376333FE336B6BE8C
:1090B00071EC54BECAE59A3F98D7403F8ECA0D4026
:1090C000F3AED1BF765EB2BE163AD03FFBA2733F7D
:1090D000D80BD13EA9D8B03F5160E1BF96EF09BF90
:1090E000D6B86FBFA22B6E3F3FDB633FD20330BFCA
:1090F000141BDA3FBAA40A3F35DD933F3B18E43E28
:10910000E05BC53E437DA8BEF44C833E20E0E4BD59
:109110005710B33DF332693FC70E71BFA633A93E66
:109120006CFA2B3FD4F2883FFE502BC03AE8723FD6
:10913000CA141E3F24893DBE63A7E43D15E0FF3EEF
:1091400045539CBFA0333A40D89E2DBE5F7194BF5B
:109150002404D4BFC41ABF3F0065243FCA87CFBFD1
:10916000B1B8643F1AD689BE415884BDEA8501BFB3
:10917000B4D6AF3E8B2D7C3E0B6D58BF6F6675BE6F
:109180002844653FFB9657BF8AACDF3D136D763CA4
:10919000A6C2463F564417BF88D7963FCC3B42BF36
:1091A00024F019BEFC3C9FBF455702BD5ACC05BFF9
:1091B0008220273DA8EA973FA893A63EAECAA13ECB
:1091C0006A53B8BC357EA7BE9D359A3D400C89BF19
:1091D000347E22BE30A30B3F640EB6BE6FC5693924
:1091E0000E30D23E535537BF1D1196BECDDAE4BEC8
:1091F000FCB3183F905213BF336A823FB128863EBA
:1092000041F282BF753A853F73D742BF4698CA3E46
:109210001C68A0BD7B5D8CBD3DCB953EFB393FBE40
:1092200049204DBFC7E3BE3E196D82BE8C9837BE44
:10923000AE69F13ED2EC35BFF155C83E94869DBC77
:1092400014421A3FB3EC8D3EBC70853EAA617F3F4D
:10925000054C82BE4F52FCBF3D7942BF672E673F2F
:10926000690925BFFD1808BFDE7401BF4E1D8F3F81
:10927000302D4CBF48E175BFD5AF043F9E99553F97
:10928000D36966BD198E1DBF681A1CBE4DFE0DBE8A
:1092900025F32CBF164E23BE086C153FCDE8AEBF9C
:1092A000B89DA9BEC570AEBEF520B73F3DE8E93E0A
:1092B00044FA903ECF7CDABF684D02BF462329BFF7
:1092C000338A09C0453C23BF5F114FBF5753DDBFF1
:1092D000FABDC23FBC101EBFA86B11BF2F99AABF19
:1092E000A5C7FFBFCE9F903F2C8237BE7630CE3FC2
:1092F0000D3CA83F50D8EFBE88A067BE2DACCBBFB9
:109300002DB19FBFD31FD7BBAD01BBBF1DAFA13FC9
:10931000F7C7983E851215C0494B8F3E0B1096BE7D
:10932000527E65BFB69ADA3EFA2D50BFF9C14EBEE5
:10933000B1A866BE77C2F73EA03219406113583E0D
:1093400071AAE2BF375ECE3CD6463ABCFF56F63F26
:1093500086384A3F8B1EBA3F0C27083FBCA0163FF9
:10936000FDFA823FC97C463FBCD00FC01BFBCABF81
:10937000CF662E3EF5D476BFE04F2FBFBCCC373F33
:109380000A0B283F4D73083F30703A3FC6FEAE3F90
:10939000B8E5013F194DB53FCB6227BF5F0A0FBF4C
:1093A000AD618DBF69170E3E59BC36BECBAA8BBED0
:1093B0001D8EF0BDCC97B7BD5BB95B3C64AF293F58
:1093C0009CF945BF75DF33BFA0F9583DB414223F67
:1093D000DD2A3B3FEB90DEBCEF3D73BFF4FE6E3DFC
:1093E000614A093F107D2DBEDAE84E3E7491943FEC
:1093F0006E3F7BBF49C44C3E5A04A7BF780310BFE1
:1094000068CB8ABC20B133BF20FB0EBFA3B7113F8E
:109410004A90F73EDEC66A3FF897563EFE09B83DD1
:109420001E7FFC3E709A87BFABEF59BF9E9A09BD65
:1094300037DAA5BE9E51B23E0D39313F3B12DEBE3A
:109440006A313B3F024EDD3E6FCAD4BED6EA073ECC
:10945000709CCFBE5A0789BF2161E33D345EA2BF35
:10946000FBFC4F3F2AA683BF516F5ABF4059A2BE93
:1094700050A4C43EBC5730BF4B080E3FB201C13EA2
:1094800004C251BE963601BE36F296BF8452B9BEB2
:10949000450DC5BD82378BBE7A80A63FE2C52B3D08
:1094A00072E3343FC2BF1D3F6EE485BFC4D189BFA4
:1094B000A7E70DC09C37C23FD62511BE0AED053E79
:1094C0002D155ABF5FB4603E409B823EB58C553F20
:1094D0002A8233BF2639313E77BB7FBF15CAEE3EA5
:1094E000678EC83DFED04EBF9254EABDEFB8AA3F8A
:1094F000E924EB3DECE4B63E55AB3EBEE60D0D3E39
:10950000209B8DBF9784543FC90467BE3E6484BDD1
:109510004CB837BE38FF0C3F55ED3DBFEF0651BE8E
:109520007BF71A3F0399C13EB1F5E6BF0A0F5B3FD7
:1095300061F245BD336E4D3F27F9013D29547B3F14
:109540006E9E89BDCFE9BDBF7DDB2FBF33E0B4BDCB
:1095500022B4ADBEA2C1DEBDE40F82BF7854A3BF6A
:10956000EF74553F2B000FBF371B48BE0905EABEFD
:10957000DA7EA8BF00ED78BE4A0884BF0AC58FBF57
:10958000E077E53E0ACC25BF64C2D53F3A7398BE6A
:109590001DA303BE89BC6FBE9078E2BDB8457ABFFB
:1095A000BC5222BFFDE2F1BEA64D92BFD57B57BD96
:1095B000A1BE2ABF3EBC3C3FCE5C09BF8B7431BF0D
:1095C000297733BFB60E113E893E23BEC32D2BBD76
:1095D00049F7F2BE7967863E5822133F99E1B5BE3E
:1095E000B8FB80BF6233CEBE90A5DD3FF4CD863E92
:1095F000E97BBA3EEDB05D3FD8F1893F2613213FAC
:10960000471CF3BEEAF0CDBE1D860F3E4052303FF0
:10961000BF4741BFDFEAF03EDC676BBFD282A53FA8
:10962000459CFABEA7F020BFB5A3BB3BA643A13E15
:109630001CBD853D64C8063F839DA1BF8433593F4F
:10964000B11BEEBE6D00883E05972DBE1988483FC0
:1096500091CB28BD9628F43EDD37433FEA0ED3BFB9
:10966000EEA8BCBD299D6F3F5DF5E8BDE873B43D34
:109670002795ECBE189F643E5FB806BF1B07F63EF9
:10968000A187703FDC74293F5FD087BE7D5BF6BD4C
:1096900024DE113F599A5D3E335F3B3E7B2051BE35
:1096A0001EF50B3F30C81CBFE52A8BBD44EC213AA8
:1096B0006EAA90BEFEE94DBDB59290BCE44E173F38
:1096C000517E963DFFFA8B3F5A38563F55484F3FE3
:1096D000A95D063F9CEE573E7F74A53E3212B53F12
:1096E00073C301401567C13FAAA5ACBF15B324BE23
:1096F0004E5194BD9282393FC643B53F9AC226BFB0
:1097000018F8E53EFB30B33ECBF08EBEEA4B86BF89
:10971000F58975BFF3F5D6BFC14086BC3E3527BF7E
:10972000846367BE2A9A54BF97738C3ED429D9BEEE
:1097300031C70DBFBE9D893E07969CBE70AB13BE60
:10974000D44D9FBC37C6ECBF864FFB3EF7B4D8BEA6
:109750002B288E3EA80F053E68F1873FF719B0BE53
:1097600018805B3DB84A6E3F1741A2BF977B27BF69
:10977000657CDA3FF576D0BE30C00A3F5D916A3F26
:10978000C19BC1BE2A2943BE9EA3C9BE4B225DBD5B
:109790007DF3143E390E12BFB2F8D2BDB7C98BBDEE
:1097A000F3E99BBFABCCA33E169599BFB84AE53E03
:1097B0005AE82CBE447B0BBFA36DBE3C922EA4BFC7
:1097C0006BFF86BDB2089EBF32EEF93F84D151BF18
:1097D000A9E897BFF80A87BE2A937F3FB2F6B0BCCC
:1097E000A523FEBDED301D3F0D9CBC3DEF0E60BEC0
:1097F000AC6FACBF2BE0AE3EFFE5DEBE95B282BEE5
:109800003FD68DBEBC750EBF8AEBC7BE0F33A0BD61
:1098100034FE0C3FC428FD3E0437773F7BD96ABE37
:109820005C0400BEBAFEAC3D3DC6DA3E230ADDBE96
:1098300073EA6DBFC07661BEF737353FEA560ABEA0
:10984000BD8330BF9B52A2BE867148BEA8F245BF01
:109850000FC9FF3EF72AC53F3C0EA2BCFB0499BFCF
:10986000875FCBBF58178B3FC6E5E83D7722E13EC7
:1098700086280B3F83E051BF2E59A0BE532921BF3C
:10988000382C04BFFE189BBF55DE3BBC07E0613F90
:10989000BF9976BF7922AEBF5197263FB18C92BE59
:1098A00071BDCFBF891299BFB7F7223F4ADFD13DC3
:1098B0009D4D8FBFBD5B26BFB46EC5BF23A38B3E3E
:1098C00061910B3E3513C03E4BE30FBF6F1E333F1C
:1098D000CE932CBE1A5C93BFF140AC3F73F30FBF25
:1098E000B94B7A3BA7C099BF5862123FCAC8C5BEE0
:1098F0003F92B3BF2717653E8E5ED2BF7FD8C7BEEB
:10990000BBA503BF3E150DBF57D1E63F0AB6483E83
:10991000872CB83E59A289BD8703BCBE97A4B53831
:1099200091E1B53E84B852BF1ABE393F9E661CBF56
:10993000F2BB37BF315F08BD9727F03C5897083F0F
:109940008A78EFBE95C39CBD1EA962BE2037B73F83
:1099500061BD213E22075D3EC2A22ABEFDE557BF82
:10996000CE9A9B3FDCD48CBE0349533FC9FC90BECA
:10997000F2A86A3F9D6C93BEF0AC85BD3E0BD13E14
:109980005B981B3E45C6EB3E0DC4C7BEBA3207C04E
:10999000199F17C059DD58BE68E821C0A7B5EC3F34
:1099A00041AD6ABF3CD23F3FD562CD3F52F9F4BED4
:1099B0007C5A3E3E4FD1103E47639BBED35A96BD64
:1099C0008B8AD23EE664BC3E99C9CD3D1585023FE7
:1099D00040B4F4BE8F5D843FBB72ADBE77ADC5BEF3
:1099E00085722F3F297C3DBE52B72EBF2DFEFABD9A
:1099F000C0732FBF98578DBE1B2506BF6E3E30BF6C
:109A0000051187BECACDAA3E248C12BF72DF083F63
:109A1000EA122FC00A56A93FFCF2A1BFA0C25E3FC6
:109A2000BD9292BFC745863FD5D9D13DFC90823EBD
:109A3000D35DFBBFBED551BF16F38EBEA8AD5E3F52
:109A4000AD7A363F8ACD983EF76DABBDFC6D7A3D61
:109A5000A682CA3E2D10433E0B1F3FBF7D06053F29
:109A6000CAE11BBFF458423F4CD7D63E4366E23FA3
:109A7000241DB8BE907314BE85B17FBF296DC93D4A
:109A80000BED2B3F3831B73EDE290BBFA10077BF6E
:109A900027A6303FC4736ABF69D213BE43A065BF17
:109AA0003A4A9EBE8FD67BBF1E4F33BFA7B75F3FDC
:109AB0007F8B973E7FDF86BF715B89BE4F5E94BE12
:109AC000543982BFCBCCA23EB94FABBD8205833F98
:109AD000560B2D3EA9D78B3D15A297BE3B7A14BEDF
:109AE0007253E7BD41484E3F790B6EBE1E3FE83FC3
:109AF000D422453F995C1CBFD3C7AE3E566022BE00
:109B00007066FEBD3D075D3FA1FD20BF8A6498BE23
:109B10002835603FB7A9483FE428A93FF92AA33D6B
:109B2000E32609BF8CBC2ABF8F58443D7A7B133F84
:109B3000A8D6573FE0241ABEA6911C3FBA156F3E27
:109B4000F59A933DAD775D3FEBFCA83E743E8BBE2E
:109B500093F4233E653898BF1D830F3FDF37E83EFF
:109B6000C4732FBF141AFA3E1F88313FCB9E3F3F6C
:109B7000E0D94CBE5A65533E8370273F1AFB97BD10
:109B8000F7B90EBF726C66BF61BA84BD72ACEFBF2D
:109B9000E03FD63E0468C83EF420E03F6F6C09BE4B
:109BA0004969593F5C95003C9E49D73E3CD5B4BFBE
:109BB000DB4A183FFB7A9ABF159CB93E532595BEE8
:109BC00008E3F5BF54F63E3EC30FD4BF16E047BDD1
:109BD0000597BABF999B583FCBD4DF3C7E20623EAD
:109BE000C5B7743F003EC83E82A82C3FA268903C97
:109BF000513DB73E8CE1073FA3BCDC3E83964FBF8F
:109C00002059903D3E4DCBBF9034A4BF645F39BE18
:109C1000B15602BF8885C33ED45154BF03CD79BF2E
:109C200039A826BEF3E34E3F2079093FBC5381BDDE
:109C30006B41333EA50C893E48D9573CEAD9BC3F1D
:109C40004BE3893EE71A383F1C4F8A3E17C5893ED1
:109C5000FF07AEBE41292FBFE25A28BF88937B3E43
:109C600039C4063F59250A40AF07153F2B6070BE27
:109C7000B9B0E0BE8EC80B3FD81815BF9D94BE3E4C
:109C8000B610BB3E2209D13EED09DE3EC74C473F30
:109C9000341C923ED83F9EBF5E01B3BFCDA91AC00F
:109CA000B2C27B3F7D82F63E4BAB1740EE9AEEBFD1
:109CB00035C0B3BFA39A88BFB68DC7BEFF4BE23F86
:109CC0000DA0B4BFC06628BF83A1AF3F4FAF873E92
:109CD0005EECCD3DCA24173EC673743E81B1B63FDB
:109CE000D80888BF8CF111BDC14194BFAE5F8A3ED8
:109CF000239891BF4881393F0235153FB98616BC7C
:109D0000AFE73E3F6163234064E3BD3FDDBF4CBE30
:109D100092F15D3F084C883FD9FC063E991609BF79
:109D2000B8E0FBBFB14A37BF6650A3BF9A0703BF75
:109D3000EE45F43EA89D4B3F69449FBF59FF1C3F31
:109D40008092C63F0B47DF3F7C7CC63F719B8D3CBA
:109D5000114526BF870C063F8B92B8BE28248C3F46
:109D6000EBD2653EB0CE36BF5535E5BDEF64D43D90
:109D70000CD79EBFAD69F13DE525D0BE2C91C23E0A
:109D80004261DF3F2F7D6F3E279CD4BEA04FDE3D5A
:109D90005447B33D5CA4EFBDD5065CBF348A4B3E4F
:109DA000ADB25DBF1155AFBCCE4137BF2C711FBFE7
:109DB000F545BE3FF80989BE7B48F8BFFE9B043ECF
:109DC0007D349DBDFF98933E78E53B3E9371A9BDE0
:109DD0008057023E65217EBFFF6319BD4686493F1D
:109DE000A26AEB3EF207683F5DCAB9BD17B9FA3EF9
:109DF0002D352A3F1F8EDCBF7E04A2BE5D69663E04
:109E00005431D3BF50EF7DBB7F75B5BED4A774BEB0
:109E100008FED0BF351ED83EB73419BF171031BF6A
:109E2000BD3DB7BFB4E6D7BE688C93BF92296A3FE9
:109E30002BB5C43ED7C6B1BFF9F07D3F3AC0813ED5
:109E4000716D343FA95E8BBF238E783F64273EBF80
:109E500014A55FBE8FFDD8BED93300BF862C72BF5C
:109E600056070E3EC01F223FF6599CBFD6DF063F65
:109E7000DE03033F63DD713F266955BFAC3968BF20
:109E8000D237873F823D403FC1B78A3FC65FACBEF5
:109E90001777F0BEDDFC72BF7F37543F5A10AB3EE0
:109EA00048CB833FAAD98D3E57DE083EA26D9FBFA7
:109EB00066C883BE6AA7093FB78C1DBFF7CBD8BE63
:109EC000599833BFB9C950BEDB115FBDC59146BFBC
:109ED0007865FD3E3C6124BFF2E3F53C68FA773FCC
:109EE0008C4B413F4A9BEA3E5635B6BE98F458BF6C
:109EF0002FFDF3BF01B0A9BF872757BFA1DDF4BD78
:109F0000F0DB663F684B203F14128B3FF74BC13E9E
:109F100030B67A3FC326B3BE2943EC3D31145B3ED5
:109F2000A044313F68D5E23E30F10FBFAFB2353FBC
:109F3000591840BDB2AC273F3C3EA2BDA2B3F13E92
:109F40005FE5053FE387693E2C55013E93643EBFC4
:109F500084717D3E72EEA9BCA1C0AA3E742D47BF9C
:109F6000B8005A3FE70FAB3DF51C6D3FBEAE523E09
:109F70008F93A2BFA9C1603FDFE9333F68ED9CBF6B
:109F80003CF617BF9437CEBC90A0C03ED5E9813FC8
:109F900003EDED3E30E2ABBE7CF197BE8925CFBF2D
:109FA0000EF78ABFEEB857BF6DEE313FDBFF923E32
:109FB00054A77FBE61B0A9BEC653233FA84C56BE6E
:109FC00009738ABE571BBBBC7FF1163F6995B0BEB3
:109FD00015A4283F5F2E7A3E6E9C19BD73597DBF34
:109FE00099A922BFF1CC283FE7C17E3E338F753F50
:109FF000DFEA5B3E3ED94C3F706B3F3FD309C1BEA9
:10A0000008BC1A3FC68F5D3FEFE78A3F1967E8BF7C
:10A010000A39DF3F3AA3993F193FC8BE94906E3F7B
:10A0200003D5773F6634C73E0A0B183E692931BF16
:10A030004857493F18574B3F048379BFF047BBBD92
:10A040000E16713ED402C23D41EFCD3DA51E523EDB
:10A05000B1B10FBE7A9E34BF1047A13F9BC35E3F94
:10A060000CFB6F3F63B1BBBFC670EC3E3FFF663D6C
:10A07000589CC9BE860BC23F12B208BF9C066ABF7D
:10A08000508D9F3F676650BE97F122BDBA8E483F04
:10A090002D5F583F0FAA593D6391ED3E39BC313ECB
:10A0A0004588CA3F06BDD03E25B01DBFA0E29BBE7D
:10A0B000B8E949BD65673FBFFE36173F70DE253FF3
:10A0C00089736BBF3FD7B7BF0C6EBCBF92C0F7BEE2
:10A0D0007428C1BFF06E1CBFC74EEE3FA36B993F03
:10A0E000601595BC2777F2BF24138DBF396A4B3FAB
:10A0F00002E252BFC7AC8A3E613961BE0323B9BFD9
:10A10000F233743F3DE6CDBA2AD76C3FA909A1BE10
:10A11000237ABDBF19D5BDBDF63709BC5449F53FFB
:10A12000C80E45BE7474233E2E850A3FC64C6FBFD1
:10A13000041C9F3F726B433FDDD4C23E068B45BF7C
:10A140006752043FC383453FB452803F78210A3EA3
:10A15000ACBA82BE7396D63F41D39DBE481D7B3FAD
:10A16000FAC1AD3E7CA740BF6EB9A8BE56DE493FDE
:10A170006C000BBF19A24D3F1398883FB786C0BC37
:10A18000D2C1263F12793ABFB1FF473F3EB00B3FE5
:10A190009E54BBBF3D2381BF3BB8AABF3C7DCDBB16
:10A1A000A3B3593CED49333EE7CCE63D7952C93F74
:10A1B000FA95C6BE64BCAB3F056D7ABFB6753FBFAE
:10A1C00088ED993EDD5A9ABE2AB04C3F6AEACEBE6F
:10A1D0006ACE9F3EB30B423FCC85C2BE1E559CBF8C
:10A1E0002E795EBF5B1205C05D127D3E39F08B3F5C
:10A1F0002060523FB70BE93EEBED033F00B5C2BE16
:10A2000074BEA63E9D24F63D496508BF3414933FB5
:10A210003382D3BED585B8BE379E523FDCABEC3D12
:10A220006925BCBE4ED8063FF86A65BF7A0408BFF0
:10A230006272383F04A8B43E8E4A6EBF070A90BFD0
:10A24000CEBE173EE02E483F69ADA7BFD1151CBE5C
:10A25000DF00353F612F62BF6F27F6BC43A6793F11
:10A26000F799B43EB3ABD4BE78E8B23FC0E14F3EFD
:10A27000264B453E99610DBF3594BA3ED8DBE0BE12
:10A280001E2D94BF2D02BA3FC1C889BE2B78703FE6
:10A29000008F093F5735713FA5A6913D0323EB3D44
:10A2A0000616433FDF5F243F29B47C3F5F7186BFC2
:10A2B0009F42703E69566C3F617D52BF892170BFDD
:10A2C000A19CA03FE72C8E3E83ABB0BF6D8291BFB7
:10A2D000C0B868BF1E959A3EDEDB863F5BB48ABF7E
:10A2E000100CEC3FA970C2BD240D81BF60116FBF7F
:10A2F000BD39A63D2EAFA8BE1ED6A33F2FD4EC3D40
:10A300007701E8BEB33B8FBE487D523FC387BEBBDB
:10A310001CA7C2BE9A4201BF7E9CA4BF0E88B8BED5
:10A320006B7C5C3CDD91533FC79670BF411EA3BE62
:10A330009CE038BFF2B5C4BE4B4A963F973A29BF5E
:10A34000A7B7EEBFD1AB98BEEC33A13F2577014054
:10A35000398E083F8DA568BFA04F323F85A8F93DD3
:10A36000B9A8793EC264EC3EC49DAFBE6A37C9BE8F
:10A3700030F914BFDFBD25BFCE8C12BF76AA2BBF2C
:10A38000D90344BEE833DA3E9F7FB23EBF42033C6E
:10A390008020F83E767C32BD07CBF03E38B7B83E21
:10A3A000CC0AB2BED53301BE1644043FDB74D23FA3
:10A3B0007BBC993E0D18C53D460E883ECC60303DB5
:10A3C000107A03BFB9B4B13FC49E163F698C25BE55
:10A3D0007D7EB1BF951AD0BFF434F6BCBB6B0BBF0A
:10A3E000BBC7963E796FAA3F6623B43E7EBB71BF62
:10A3F0003E13AB3F5577DE3EA7AC7ABF360618BE9C
:10A400002F88953F2D4EADBED8807A3E1AF7923FE9
:10A410005DFB233FE6D5D73EA86CA63E0180ECBE8F
:10A4200024C173BF5F92E13D17334EBF18DFAD3ECD
:10A4300019DEF7BEBE54C63DAB12B63E679F5C3F09
:10A44000530907C0FEBC8ABF326E403F62550D3FC4
:10A450000017C33FB08672BE2B6543BE2E22843FD9
:10A46000CA36333CC947A33EC9D2B0BF710E8A3E3B
:10A47000B3DC5F3EBDAC7ABF3C0D613F9F4B503FAC
:10A4800052BA6FBE90B240BFC50862BEE9DA50BD95
:10A49000FFAD5B3ECDA95FBEDF0C75BD8CE2913E8A
:10A4A000706A04BF8765253F5141D3BF9C5AD23F94
:10A4B00034BEE13E30344DBFBE6AA13F009B383F01
:10A4C000E7F2FF3E404F20BE309CC5BEAE56133F64
:10A4D000B9C8CEBD6AF26C3E50D83D3F522680BE10
:10A4E0007C08A13DC0FB12BFAD20ED3D5FA19E3BAE
:10A4F00050337DBE520A40BE77CEA13FF72973BECE
:10A50000E5D577BFC97C90BFFA79003F3307B5BF67
:10A51000D9AD6A3FEB1A883F2EA00EBEE7C504BE38
:10A5200073C7163F423A583F30CBD2BE7457493FAB
:10A53000FBF11C3E18BFBABEE16B67BF22BF4ABC2D
:10A540008BEBDB3D1789473E40870D3F54DC6FBEE8
:10A550006F72263E8B89773FE4B269BD1CF5463D9C
:10A560002727FC3E67D2063F5ADE15BE56F176BF5E
:10A57000FD20B0BFC0CB233F90E51FBFD416F83EEF
:10A58000D12BEB3EDFC11A3D3639523F2F549F3F4E
:10A5900001FF003D5151053FC452F53A3641843E1A
:10A5A00072139B3EAD8AD9BEA14930BFA531A53EED
:10A5B0003E0220BF96D30B3FA9391C3F463308BF4C
:10A5C000BF3C2E3F18D0D73FEFD7CA3FC61DDE3E57
:10A5D0008D728EBF3CE697BFD3EDCD3EAAE4223FFD
:10A5E0003A0E64BE96406F3F22B8C1BEA8AF9EBE71
:10A5F00038DF1CBFE7D33ABF71515F3FFEF4833EA3
:10A600001788FB3E8A31EF3EC522353F7CBDE03ED8
:10A61000B8D11BBFD78CA6BEA7849ABD24A244BFC5
:10A62000DB0F39BDC71E6D3F3311963FC9B41BBE4A
:10A63000E88E673EF54DD8BF36423D3F1A9A7F3FC0
:10A640004C30E1BE651712BF3580F93E61F0F1BDB7
:10A65000AF8C8DBE3965CC3E0226CC3EBADD9BBDAB
:10A66000816CBABC2B111A3E72B5AABD2BBB813FBF
:10A670002469303E6027E1BE3B8DD23E83EB673FCD
:10A68000BC3C35BF40A00DBF201A1E3E63B44A3EFD
:10A690004D96043F0A5153BF843AEEBDDD0F5FBFB4
:10A6A000ED3DE03C0F8202C0DA695B3F2A60D5BE17
:10A6B000802EA43FF292C7BEF5AB213DC96AE53FAB
:10A6C00050B6F03DA2D90F3E998A563E5E76283F9D
:10A6D0009478A1BF6E7DAB3F7E671A3F6E39513FC4
:10A6E0002B910A3FC4AA1A3EE0BAA53E4C34F03E74
:10A6F000AE5B94BE6F861CBFF8853D3FD8884B3F4C
:10A70000E4A9023FBD2F43BFC7D9F1BE867C913F6C
:10A710009160A73E97C27CBF346677BF589CC5BE88
:10A72000740AA4BFE5AF7DBF9DC0FBBE6A32EBBE1D
:10A730005417233F5768743E4D96AEBE12B0CC3EC0
:10A740009A6AEF3E83EA69BE6E338C3D402275BE45
:10A750007F1A28BFE5447B3F5AC943BF7E616C3EE8
:10A760007482003EE8693C3E45ECBABDDCECB23C8C
:10A7700051C91BBFC5E547BD57679CBEC2910F3E7F
:10A78000F00DA9BF4365553F05D4CDBF3E6CF6BE65
:10A79000CCCD18BF54AA073FC890C83DA3871A3F25
:10A7A00021EA583E1BC0193FF4AFA53ECA5A143FD8
:10A7B000CD9011BEB0AA06BEBB8A59BE8F4BE83EF3
:10A7C000FB89E1BE22AD643F4DEFF43E852EDFBE36
:10A7D0004271743F8C93D23F137BCF3E1F1716BE3E
:10A7E000180EB7BDBA3EA33F124AE03E8513E73FBD
:10A7F000FCA74C3FA6982D3E0C72BE3D72B5763E2E
:10A800002D860E3F074F713F71E2DD3E581A0F3F14
:10A81000B4B63A3F62D5953FAA4954BF2E8848BF87
:10A82000130642BF904E46BFF7B55FBF5D10D83EDE
:10A83000EC1095BE2EC822BE7362B23E1B21033FB0
:10A84000CBA7013E500DFEBE8405A43D25AB8BBFBA
:10A85000F15E273D55A708BF0FA619BE53D8A13FEB
:10A86000C6E911BFD7F9E73E444AC53E959601BFF8
:10A87000D0C8613EBEDF95BDCCC883BFD6B0DF3E39
:10A88000D68FB3BE140D9ABCB8E5843EED81AE3EC2
:10A890003F4E17BEC1C84A3FEF172ABE493E08BF08
:10A8A000B8D431BF01F589BE1E635D3F939792BF57
:10A8B00021CB163FE72394BEA50156BF4A160C3F95
:10A8C0001CA2FFBF54BE52BF4B47743FE03879BE55
:10A8D0007DA21C3E47AF8E3F125E92BF4580C83DB1
:10A8E00029501DBFE7D0DB3E5AFAF43E17390D3F21
:10A8F0000FFF6E3F51A48CBEDBD2B73EC01241BAEF
:10A90000C5F58E3FE8ECF43E87F8B53ECA85F5BE46
:10A91000E62BEB3DEC8C71BE218F0BBF3695AC3E28
:10A920007A9F833B2BF03D3F783513BFC5AF3D3E4B
:10A930008C4F6BBEDF3A903F52133EBCBD88473F01
:10A9400082704FBFFCCCAB3E5AAD013FBCFED1BFC5
:10A95000124B7EBF0B767D3F1B030FBF9B248FBF27
:10A96000EA58103EFD8E07BF83763E3E71078FBECC
:10A97000A0C803BF581360BE7F15603FFBDC403F9B
:10A98000A44C87BFBEBC85BF5C4729BDCC18FF3D2A
:10A990009CA24C3E49C3F53E1C8D92BFDD8414BE83
:10A9A00033AE8F3FE95710BF66B6C7BF8EFA0DC0F2
:10A9B0001F3984BFE2AE99BE2323833F24772EBF85
:10A9C0000B1EE1BDED8139BFE259263F6AE3F6BEB9
:10A9D000D033C03E2A35503E3F851E3E468D833FD4
:10A9E00078FD493F2764063F86A22F3E1EB761BF10
:10A9F000873D9F3F05B5B3BEA1E3AD3EB3DF86BE45
:10AA00000A97F6BCEF452FBE44D5C9BF4D93ABBEE8
:10AA10007FDBCB3E604493BEEEBB333ED5977FBD1C
:10AA200082A605C0972BF43E159B0C3F1B67EFBD1C
:10AA30005194A1BF447C0A3F0EC9463F93FB39BEE7
:10AA4000CF0187BF9047EC3C65D3F1BD3E0E10BFF0
:10AA5000F200F13C878E6D3F7266733D14CFF4BEF9
:10AA6000F069CA3EE57C0DBE69E3BD3C9018F13E3D
:10AA70007D3D033EF131623F2AE01F3FF47547BE42
:10AA800051F81C3F19CFE23E9C4037BFC6F98A3EC1
:10AA9000E728C03EFCCF14BEC920223F59AD30BECE
:10AAA0002D7CE9BD5D09C23F2B27253F1AEDEC3F08
:10AAB0008C04243EEC5346BE4C5190BF6C7598BC40
:10AAC00010A041BF6A1C383F7932B63EF5F8993F75
:10AAD00050939B3FBB1573BE1690ADBEBB4B64BF7E
:10AAE000991C12BE248E27BFBF218EBF19350A3F85
:10AAF00026D7CE3E88055CBF0C49E2BD5260E6BE5B
:10AB00003E65483F3A79E03EF376C9BEF6D9B23E9B
:10AB1000A3F741BFEC2BBF3F2EF6A6BEB881E7BF1F
:10AB2000175D8F3F0C3F073F2560163FD6D414BEFC
:10AB3000DAF3F43E2837C63FA9A4C1BEF7C9FABE6E
:10AB4000A9EC26BFBA3077BFC13786BF400C63BEC1
:10AB500053438C3F636B063F2EAC2A3E248E8ABE45
:10AB600007E6B63F4CDFE4BD9FBB803E3D0BAF3FE9
:10AB7000BCFE473E7FEFE6BD16FC96BF9AB7C3BE4C
:10AB800027B9063F6A2D103FE260373F647D883E5B
:10AB90009F13603EFEF516BE505C303FC2EC2ABFEC
:10ABA000734D423F42EA36BFCEC7273F271AABBF9D
:10ABB000A456F33E661FD53E5DAAD6BF21BC463ED5
:10ABC00093200DBF85A47E3E9F12DBBE6FD96FBE62
:10ABD00051B80C3F0ADC383EC0E103BFF210ADBFF4
:10ABE000655A86BF2D6AC1BE94ADD9BFDF878A3F43
:10ABF000E3C3FF3E621C353F550A753FB9877A3F74
:10AC00008D9D253F812B8C3D9EE8943D96A5E43F8C
:10AC1000930598BFECB978BEFAFB94BEBD8BE23EBB
:10AC2000E4CF043FE41F7DBE7A3F1CBF56A06BBF3C
:10AC3000367D5FBF02DD0F3F0E6319BE197513BF6E
:10AC400045C5923FA4873B3F095C5BBFE1048EBFD3
:10AC5000627F4EBFE11724BE21D4CBBE7FD53D3FDE
:10AC60000B0A71BE398D21BFCB688DBF6785D83F78
:10AC7000E1E182BE6D00203D42F67FBE25ABC4BF40
:10AC8000702C3FBE5A1E57BFC86B1C3FBCE3A3BE0F
:10AC900035912BBE5D9BADBD2932C1BD09536E3EC2
:10ACA0008C868D3E1B6AAABF1054263FAC15773F99
:10ACB000B59435BF83A9DFBDC84FFF3EA3E2D5BF22
:10ACC0008859393DA11AB73FB216683ECB300F3FC5
:10ACD000E3FF81BA9AF79DBC5D0F743E77E3903D28
:10ACE0006E518E3FF05E3D3EA9A757BE5DA81E3F48
:10ACF000C1E8163F15C8F03E670A01BEE1A3A4BF34
:10AD0000CAA9A3BDA5F1C7BFF6A257BFC3FD45BFE2
:10AD1000C43F8EBE2CF6F03FF8A4E3BED6FE3E3F05
:10AD20001EEC40BF057DF9BB8C43353F868B004050
:10AD30001D52253F5F4D9D3FEEE212BF1F9E123F09
:10AD4000B1AF223E8C0A95BF7851133FC02AD13F44
:10AD5000799B10BF20614E3F93FB103FB4C598BF55
:10AD6000EBDD103F8A32073FC9D99DBE41EC7B3FE6
:10AD7000E7B3E83E084568BFFF40A93ED230BABEFF
:10AD80006EA40040800C093F729E9BBE3302843E3D
:10AD9000A65668BF11222B3DEBFE0F3E0B680CBE82
:10ADA000C0DA503FC854F8BE8CDC453EEDF4D53DCA
:10ADB000BAD4E43E0C02A83ED7CC7B3FE9CD9A3E04
:10ADC0004C3AA33E568B1CBF0D73BF3E7BAA17BFE8
:10ADD00037F3523D17FA2C3E112DBEBD92807E3CBA
:10ADE000BB6732BFA46A27BD80B8BF3E6DBEC43EFC
:10ADF000615273BF8644773F8073C0BE9019E53DB2
:10AE00007E59163D0D162CBFBAC6E9BEFBDF863F44
:10AE1000B2C8133F57D794BFAC64C63C4990703F4B
:10AE200041EF4B3FDABE273E15481FBECA38213FCF
:10AE3000C15BE13EC29AF0BEA024983E4023223F6F
:10AE4000846A1BBFCF1977BDFA5EBDBF9D2170BD5F
:10AE5000074250BF34F31EBFC919EFBED68B1B3F4C
:10AE600023BA9EBF24CDC73D16DB7A3E6B38813FA7
:10AE70008C9582BE8AD6C33D1AEC36BEC569B7BE74
:10AE8000604BC5BE535F95BFF7517CBF4985CFBEB0
:10AE900004864DBF1CC8D8BDE6A5E93E76D0EA3C85
:10AEA00092818DBF8A2AB2BDA6283DBFABC6C0BF66
:10AEB000B0191DBF841663BE7C16083F5B62A9BE35
:10AEC000CC351BBF927295BFE503BC3EA2BB5ABFF7
:10AED000E1C3D9BE741A503F3779B8BE2708ACBF5A
:10AEE000A417143E3EEF7DBF9E423DBF3883753EA2
:10AEF0002CB60ABF48C675BE9507C83EF6E32A3E83
:10AF0000BDCC57BF2D8A2ABE32DEC23E869C55BFBD
:10AF1000EC01A13EC6358EBD083FDC3FBA66C83D98
:10AF200092A1DE3E13FDE2BE1B09A3BD10E4E1BE0B
:10AF30000192343FF7A5C33D03A631BFC5580CBFEE
:10AF4000D1DDAC3F96F79CBFD0F0003FDF8ADC3B01
:10AF500099B728BE283B1B3F543C473F5E6E72BEEC
:10AF60000B2D223EC68CB3BEB8E0DBBE269259BE86
:10AF7000DF8DAFBF6A2B58BF6C69FA3E8ECC29BFFC
:10AF80003D54E13EB7CAD43B5297C3BC5401CC3DBB
:10AF9000450A3DBDC1054B3F264CCABEF1FD15BF5C
:10AFA000BFB50DBFF0A7E5BE0E725CBF6E92643EEA
:10AFB0005ED4AC3E6E6AF33ED38B623E8F98823F86
:10AFC00073F1BD3E8C61A93E8756A8BF2F9C1A3FE6
:10AFD0005B0BE53E6F8ED9BEDC7CE7BF6CA660BF25
:10AFE0001CC3F6BD02216F3F028ABD3FF0F58B3DC9
:10AFF0008539A3BF1F3518BC6661A1BCC1BE883F9F
:10B0000000D549BFC9B889BF7900DABF0212C73E6F
:10B010002240FBBE2B10A33F73DBC93E2D9F87BF91
:10B020004B0B143E3AACAE3EE3DB1F40E2ADB1BE8B
:10B030006C1702BF16F384BF2E5BF13E1BD5273F72
:10B040007B56C0BEA88EB93F56EF98BE6064CDBB9C
:10B050004C6E46BFB5EE953E336EC5BFD800043F7B
:10B06000AED9CBBF25BFCA3EB71C1DBFEB4F41BFFA
:10B07000CB320BBF1E51B3BFE1659BBFF9BF233F6E
:10B08000118B973D2104C83E5A342FBF06BC353F73
:10B0900088A962BFFDF5143F731938BCFF12FFBECB
:10B0A0005270ADBDA40DA93EC61CE6BEE1C7ADBE43
:10B0B00019472FBFA11DCABEC4D8B63FEF402A3FD3
:10B0C00066E48F3FB35953BDD257B03F5C02AFBE69
:10B0D00066BA0E3F665AC13FD326A0BF972B90BEDB
:10B0E000EF8AB1BF6AA38FBFE908F0BE56265FBEE4
:10B0F000C32EC3BCDC056A3FE965673F2805D23E25
:10B100007770083F92C857BE54EA0F3E9B86773E41
:10B1100054D4BB3F9D12A43EE23ADFBE2960813E7B
:10B120000EBE8E3F35D5ECBE3722FEBE044F813CAD
:10B13000C8C6AFBECCE1153E1CFD073F66CDD7BDEE
:10B14000B2B3313E5755133F07AFABBE6B05003E60
:10B1500088D9423F171840BFF5AA513FEDA03D3DA9
:10B160004BE0783F4BE4D5BF689815BE50151DBF26
:10B17000BBAC4D3F04811DBF243E383D9C8C1C3F21
:10B180009E17AEBE045212C02F75CB3F405C833C6D
:10B19000C7E69A3D72524DBF18E31A3F5061623FB5
:10B1A000BB3E1FBFD07173BD3AE2BEBF57D57D3DD8
:10B1B0000ADF09BFF6C7C73DAD5F1E3F06FD3F3E34
:10B1C000E6823F3E4FC3C33EAF40C23E58E3333FEB
:10B1D00084EDC33DE76C47BF826F893EAEFC4C3FB8
:10B1E00047EBC23F2640F5BEE8E24C3F81C05E3DE2
:10B1F000D71E173F3929CEBF6A1A49BE8659883FE4
:10B2000011A4553FCA23303F5C0EAF3E602A643F15
:10B21000805CBFBE025D3C3F97E702BFFB714F3EC3
:10B22000AE00233E40E6AABEFA05C7BEB64EE53ED6
:10B2300017C78BBFE6F6C8BE03A8463F35B5363FF5
:10B24000AD08223E762A213DDD44DFBE0CB06BBF47
:10B2500044875E3F3EC7B8BE412C9EBFBAA106BD23
:10B2600045611FBF294D01BEBA45BA3F52C30BBF4E
:10B2700062FA07BF15D8103F0E58C5BECB386ABF5B
:10B28000890C88BFC50466BF3510653F0AA93D40DB
:10B2900074D2B6BFC67ADC3F4D9AF3BFBFA62B3F30
:10B2A000CDAF8ABF4DBAA63E0BE1823E3AAB6E3FB0
:10B2B00073D8B3BFDBE5353F60AF07C076F0013F21
:10B2C0006ADAC93F80939EBE5F7286BF95DC0C40F0
:10B2D000235A1D4077E6873F902FCEBF47E9A13F15
:10B2E000A463EA3F4C7FCF3E1354013FBADE4C3F8C
:10B2F0009FAD7EBF2A0BFFBD961DE8BEE5163B3F06
:10B300004DCC4E3FD1007DBFBB7810C03437E0BD7F
:10B310002B2E443FF8C8903E76D7B7BF34CB0C3EB7
:10B320001E0F833F612C253E56BBE1BC7F0063BFEF
:10B3300007C6AB3FF235083F56232FBDB3B148BF18
:10B34000E7EF913E98F7CDBD3DA2A03E4FDAA93F71
:10B350000B7D213FB4A7CCBE043A603F2EC15F3EB7
:10B3600054DB6B3EDF94643EA2C0853F3CB46B3E31
:10B37000D83A7B3F920F45BF0C700A3E7C69CC3EA9
:10B3800035A2CBBDE3FF8A3ED87CADBF77960CBE1D
:10B39000E337943DEC648D3E642CAABE1C8D00BF47
:10B3A0006E3E103F4BCA9C3FF9B733BF33D92DBE19
:10B3B00060F9623FCEAB353F7AEBDBBE1F4EE23E1B
:10B3C0006955B8BE0895FABE44B450BF7693B6BF6F
:10B3D000DB3D773EB3DD18BF06EF293E368FF93DE2
:10B3E000A37BABBFF7708FBEC300B1BFF99DA4BDF7
:10B3F000F1DCCE3F713366BEFAA04A3F2A34EABE82
:10B4000024363BBF8801973F5AF4B8BEF204FABE17
:10B410004ABFB73F6AF2ECBEA6B179BEA97F54BD60
:10B4200018B7953F34A7A73F7520F2BEC6F151BDAE
:10B4300096FF76BF84088D3F49D90FBF44FA373F46
:10B44000020E2DBF700FF8BC3BA2A3BE3B3820BF3D
:10B45000EB7B553F4AD89ABE4839FF3E3EB7E7BE20
:10B4600015A0C4BEA3B697BF1E55DA3EDA289EBE0D
:10B470003A4CAA3E0ABA35BEC3C38DBFEC3C123E5D
:10B48000BC778A3F5E7BE9BD3EAF7C3F9D6B4B3F07
:10B49000650BD3BE8D998B3F454FC63D44B0163FDB
:10B4A000EE5885BF351F2BBFCB6B29BF0110893EDE
:10B4B00017EC29BFBE2E86BF1E26593FE3FE8BBF69
:10B4C0008EB6943F5497FCBCADD0BDBFD9480FBFDA
:10B4D000F5C00F3E72DD4C3F566665BE2987293F99
:10B4E00016908ABF659F873F5911563FE4695CBF3C
:10B4F00030ED56BFFCBCE63FB2A99F3F3C422D3F1A
:10B50000959DEABEE4012FBF54C09EBF01F86ABFFB
:10B510001E7148BE330C5E3FED181C3D706DC1BFFF
:10B52000A3C9193E4637493F246589BE3D3CDDBD70
:10B5300048B27BBF0AA109BE9691843F897B9A3E9F
:10B54000C785F53EC9E5163FA521A13EA92108BF43
:10B55000F056DC3DB34C823F900B07BEA6E0523F55
:10B5600021F539BE64D9293F542E413F156D1B3E4C
:10B570007AD0F7BE78B23A3F48F59EBE59B21B3F2B
:10B580009F7EC2BEA3C67F3FB27B5ABE0AD0E33EB7
:10B590001358233F1F3F54BECAD3803E518976BF04
:10B5A0008E04B5BF3DBC46BFA33C8F3ECF60873EF7
:10B5B000902CF8BFBDABAD3EA84E2B3FE505893DB5
:10B5C00059BAB4BE203B093EC85A6CBF99D9AC3EAB
:10B5D0003054823FC61D55BFFC949FBE3C3A5D3F30
:10B5E0006C5DD23E8B07B23F0970FA3ECF0FAB3F86
:10B5F00079C68B3F2A4311BD67D6CB3E0DD402BF1F
:10B6000045826EBE976CD2BF66B48EBFB4F30ABEDD
:10B61000B11C0B3E716D05BFB89E60BEC63166BFE2
:10B62000F7F2F53E28BD26BF2F8D79BF2C1D853F33
:10B630000C3D0D39FE42503F444458BFC168093F9C
:10B64000F981853F32FD41BF97AD653EAD6E35BE98
:10B6500057074F3F9DC11B3F7E1AD93F064B4D3EBA
:10B66000754421BFA0FE813B0265AABF2C5F413D0E
:10B670008007AABEACCAAF3F9FD57D3FD661353E9D
:10B68000E7304FBF5A757B3E1294CF3F2498983FC6
:10B69000F81C84BF0D48993E0DC304C0A637863FF1
:10B6A0002DC552BE1D0010BC0CD64CBE0AEC383F56
:10B6B000099A383F974F713E8EA1E63E5D1DD0BE80
:10B6C000AFA60D3FB895593FA2DA51BFE2CE0F3F6A
:10B6D00011027E3E418829BFDF15FFBEAB391ABF7C
:10B6E0008192993F65984EBE7B42C6BE463E233F3F
:10B6F0002E604FBE5377CFBC4C6733BFB4135B3F54
:10B70000ACF6E23EB713943EC5AE4ABEE797033FA0
:10B71000383A2FBF6A3A913E5172FF3E8B52203D1C
:10B720009E0604BE3635873E6BA713BDB8D7933E41
:10B730009423CCBF68AE5DBFE7F32CBEE313603F3C
:10B7400040C10E3FA228B93E2FDE31BFEABACABEC1
:10B75000BC5C88BF69DF083F5CFC983F6641BD3F29
:10B760000BD6F03D692C4CBE88007FBEAC74EFBD9B
:10B7700023BAC73ECB8687BFDC6815BFA1C886BF8A
:10B780002755BBBDDA5770BEE24C99BFF6BB4A3FA6
:10B790008242313ECBC4CA3FCA24EBBDBBE61EBFCA
:10B7A000133EA8BC4292B8BE778813BED4C10C3FEA
:10B7B000093615BE8B2A043E56744CBDFF322A3E14
:10B7C00097B9AD3EBF6A3B3CF833A0BE138200BFC1
:10B7D0007AC52C3F82D272BE9B42E83DC26183BED5
:10B7E00050E7AB3E37FF743F6DFDAFBFE61463BE5D
:10B7F000B5137FBF581B0D3EC8246EBEE26E9EBDC2
:10B8000098380DBD3EC8963F32C15A3C9F2508BFAF
:10B810007511D43FB1CCAA3E9D3BAABE3540943EA3
:10B820005E013DBF445808BF5001A8BE63CD5ABF5A
:10B8300054C70C3F4F8EA7BDD78656BECFA2443FFC
:10B84000A71A023EFB03C33F2D0029BE15DAD9BF5C
:10B85000277A7FBE8B698A3F43ACF03B9A050F3F46
:10B86000AA0BEF3F713547BF353D5C3F0CC6CBBEE1
:10B87000B54488BF7B28A5BD2F0E6FBD6E575DBF39
:10B8800018EB8B3DF60D40BEBB13923F4C1A5EBFCA
:10B89000FAD3EB3F0AEA993E9A13113FFFE3D9BF6F
:10B8A0004F50C0BFFE82A33E4398F03C52FBC3BE44
:10B8B000826C08BF918FAFBD188E433EBD25E03D21
:10B8C00036FE63BF0294F13EE39BB1BEEE2E73BF22
:10B8D000BF8FDABE0455FDBEF36667BFE26152BF9B
:10B8E000BD3C29BF31F667BECCFC583F5874513E71
:10B8F000C3A8C0BE231970BFBE4B9DBE23DE133F3D
:10B900007B5196BE4FE0393E5C7CAC3FB71584BF9F
:10B91000A4B518BFC705FBBDCD8A6B3FC6B7CCBE6B
:10B920004A7E883FA9E9BABF1336AE3F58E80F40B8
:10B930000B94603E07216ABF6C900C3FA6B699BE7F
:10B94000D88A3E3F15F0053C050459BF07C265BFC4
:10B950006F336DBE65AADCBED334103F9B2B4FBE48
:10B96000EAD0573FB3F7393F8A7B903FFEDF353F40
:10B970005342593EDC268F3F3EDCE1BE489C4BBF24
:10B980006E2B1EC04FD20EBE124624BF48ADC2BEA3
:10B99000E765943E8E5152BF6AE7F6BF4A9E8ABF62
:10B9A000A133F9BEF3E91E3E8AA0E1BE8E2B7FBF14
:10B9B00067786C3E613E253FD892D0BD84FD10BDB6
:10B9C0004198803F6418F83E7048BF3E385616BF15
:10B9D000CA46173F1F1A433E27FE61BE08D392BED8
:10B9E00085DA33BFE531D0BDF657643E2A0890BDF5
:10B9F000DA61303FBBEEAABE034557BE18ABFF3E2F
:10BA0000AD9B34BEC0A1033F0FF0CC3ED79DD8BE46
:10BA1000D73DB93D56D9F5BD864DDC3ED7BFD13EA9
:10BA20006C7E9ABD5DEF50BF3099E1BDDB53E8BE3F
:10BA3000D1C24CBE5CD483BD3751AA3E0F9F0B3F91
:10BA4000EADDB3BEBA8786BECB66B63F5B7931BF4F
:10BA500089E587BD660673BFBAF3AEBFFE645DBEFF
:10BA6000243A89BD4D69E03E31562C3FB52EBABF10
:10BA70002D0B8DBF224553BF916C1BBF6613153D27
:10BA800045FA013E000583BE4C5A95BE8DBA9C3ED8
:10BA90006470463F436CADBF8047A4BFA4EEF23D47
:10BAA0006C57C33F04E3DEBBE21946BEE7DE383F16
:10BAB0005F6A71BE3BD2F13E18F7DDBF5DB4983FBF
:10BAC0000849B73EE6FCBBBFDC54BFBE83B89B3F12
:10BAD000F6D2CF3F44B782BF27F6D1BEB5CFC4BFA1
:10BAE00066AB523F8036243EBCC3353F6AE285BE1A
:10BAF0006C73B73DC56C7DBEB298523FA7E8673EF8
:10BB0000765A00BDFFCF88BF6AE3973F69C87BBF05
:10BB1000DF77033F17138ABFCD14483F56E2EDBDD0
:10BB200087A75B3EDF7E0DBF667941BEE8596C3E5C
:10BB3000662620BF3F5C28BF2D8280BF84CE1C3E7E
:10BB40005327E7BF4EC0403FD068543FBD208C3FD5
:10BB500086674A3F6CA893BF8ED9003E46E0153FEA
:10BB6000F4CE5A3E6195E9BDD058973FFC2C0FBEEC
:10BB70002A640A3F65C0E93E5183D8BE8AC565BFC5
:10BB80003794B6BD19F02FBED682F33DCF6390BD7A
:10BB90004EDE953ECE3F2ABF1240A63F0F6D1DBF21
:10BBA0009E68373F56AE863EEF3EB3BC41E0CD3F88
:10BBB000CA1E13BFA97D8B3B156FF03E4DA21BBE65
:10BBC00019FF833D58B94B3EFB56A33CEF64F63E4C
:10BBD0006D9E0040E17929BF2D49B7BEDAF939BF22
:10BBE00035B84F3F0D9D80BEBF3B123FB0088B3F25
:10BBF000E17DDE3E0781CFBF3037C23E70A7AF3F49
:10BC0000E8B13EBEF977D93ECD07AB3D6066B0BE28
:10BC1000A67FDDBCB60ACCBD97F17E3FA5BF31BF84
:10BC2000B31E22BFA38B6EBF48820D3E83330D3EF1
:10BC300088C9C53EE946843E88B855BF58FD6D3F6A
:10BC400020518ABFE569123ECA798BBF1E32F5BE0C
:10BC5000B02BB03F8D1D123F8206B53F628F39BEBB
:10BC600011F10B3F7E98A3BE7362B9BE68BC3C3F26
:10BC7000CAEFB93FFDF16CBF7332D6BE411633BE79
:10BC800050D813BF34D2143F1532613F422F073FC3
:10BC9000C9CBDE3ED9C7123F95649FBF71B7363D11
:10BCA000833A06BF0E2F1BBFAFDEA7BD12327F3F08
:10BCB000AEAD9FBEE2D7393F7D6DF63A9A6EC2BDFA
:10BCC0003F75183F9AF71ABF6C1265BFB777ACBEC5
:10BCD00068A299BE7980D6BE99465DBF66110C3FB9
:10BCE0004270A43D93FF51BDF5B8B23FF3BA473F50
:10BCF0007998AE3F435B833E63092E3F26EBF0BE4F
:10BD0000078C70BFF88AC6BFCBC40FBFF4FA193FC7
:10BD1000F02594BECAF01BBFEE9ACD3EAA63233F26
:10BD2000A6B287BF6909B33EBD4698BF3D3B8EBFF3
:10BD3000D9A9BA3D446645BF4D28F3BE36B66FBE9D
:10BD4000BCFE7F3FE931853FB1EEE8BD02741FBE06
:10BD500052E21C3E001BB8BD1C441F3E268462BF3D
:10BD600057C54E3C197B553FE8B5C9BF1D767CBE13
:10BD700019E4C7BD081CE0BFF9A49EBEFD1E943F98
:10BD8000E768603FE716DEBE32FE52BF354E72BE38
:10BD90002149E8BDF511283EA4F5803DD43202BF0B
:10BDA000B887653FB266553E76139CBF9D3548BF48
:10BDB000709BF9BC3FBC873FC866093FA82F87BF6F
:10BDC0009B63523D8697C03FD1509DBECBD39B3FD6
:10BDD000D01E03C0F02B0CBDF0BF703FF4F193BE3A
:10BDE0003D03F0BE5E28B9BEF6014B3F4D6AA23E50
:10BDF000773FD2BFA9F39EBF636C8E3FA3DE8D3F1A
:10BE000094B400BD0AF406BF484459BF5733303FCD
:10BE1000910D463F72996A3F19C3813FC746713FF2
:10BE20004DCCC6BFC969713E940E94BF768134C0B3
:10BE30002002B73FFE089DBF8DEEB8BF68FFD3BCA0
:10BE4000D2DDB83F374FA1BF8102AEBFC21718BCC9
:10BE500082C0E43F57C386BF50A6473C8FA69E3F93
:10BE600002F7FD3FFE7720BFE564D5BFA6B9ABBFA3
:10BE7000A93A70BEF083A93F1378B23F695B423E96
:10BE80005440BBBEF156833D0CDA0ABFCA3FC8BE60
:10BE900044F80C3F963DAEBE06DD9F3F5AF512BFFB
:10BEA00053E4423F54B3C73ECDB316BE11C449BF9D
:10BEB0003CDF56BE1429C1BEA3AACCBF402FC63F4B
:10BEC0005054B6BEC07A17BFFC520E3E7DB16CBF57
:10BED000A07729BFFF25A8BF74B043BDEBFE7B3E12
:10BEE000F51ACCBF0A2C9CBE392F59BF798C5E3D08
:10BEF000C3648FBF45CB2FBF90C9A33EC26607C0A6
:10BF0000265A5C3F1B04843FA5C1483ECCBE0FBDF2
:10BF10003866AC3FE6C6823FB96EDE3E35E7083F85
:10BF20005DDD85BFE2EE9F3CFC4CF53D3CAC903FB7
:10BF3000C993963E2A765DBFEFB4383E5CA7343F86
:10BF400073F3273F8CD2773F4FEFA63F3E6385BF09
:10BF50003F59E83CAE143A3E8D773B3F6B0E10BF25
:10BF6000573E25BD7D26543D6086BD3FADD0F93E90
:10BF700082002BBE4DD5F9BE19AB23BFEA8C72BE31
:10BF8000082ED9BE2601303FFFAF15BE34F9B63EAC
:10BF900062A271BE224CC33EAEC6F23E17A2EDBEF7
:10BFA000CFEFA5BF7DC6E8BF847A1F406D5CEEBDB4
:10BFB00068A498BF6F7B013F800EBEBEEDC73FBE39
:10BFC000C47033BF7A8295BFEDAB6C3F43CBF1BEFB
:10BFD0007A8FC4BEA840073EDD0196BF7A8758BF5E
:10BFE0003A012A3F02B6713F13C4C5BECDC989BE0E
:10BFF00062A9DFBD54101FBF1E9475BF4C30A63E12
:10C00000A64D69BDA34F7F3FE5A36A3E921E4BBF7D
:10C010001A38CA3E792686BF9F3FAEBD8103123FC4
:10C0200089F99A3F57C0BF3F26A7BC3CE69175BE31
:10C030001D2CE1BE666C31BF7C643B3FC9E75E3EB0
:10C04000C5235B3FB3147C3EF4C32B3FCF2FC93EC7
:10C0500086E9F73E32A9EE3EADEB333EAB2700BD9D
:10C060007BFD03BC1CEF463FFF5413BF61E15CBD89
:10C07000635E3BBF0FBAA03D9118A9BFD43D19BF65
:10C080006A2396BEC1A067BF261B70BF8DFAA23D72
:10C09000618ADABF83E571BF994C293E69DCE63ECF
:10C0A000444D9BBEC9632ABEE9C9D43D65D40ABFCD
:10C0B000996E26BFBDED13BDFF8502BFD76D2FBFA3
:10C0C0007173CE3FF561DB3ED015113F1EB9903F35
:10C0D000F38D8E3F4518C6BED329EEBF953D15BFE3
:10C0E000FA3591BFF378A03FF78ADABEBD2293BF3D
:10C0F000D4D2933E0A4CE83D712FC23E2F5DEDBE77
:10C100003E2DC7BF6692073F0FDE893F89A92CBF2E
:10C11000AAA6B53DDFE4603D497D5A3FB2783A3E7C
:10C12000771DCEBED9EEA13EF5BFB9BE71BBC3BE71
:10C130007BA0C53E529F1FBE039E8EBDADE81B3F38
:10C1400004E4F4BEF211F2BEE7E4FE3E9C2051BFCF
:10C15000A69A76BEB033D63E3FB9A7BE48355D3FFE
:10C16000152E733E40ADC63E28C7063E82881D3E52
:10C1700043A327BFDA1D383F02DD5D3EAFB507BFE1
:10C180001FDE0C3F7CBD7BBF1997383F488B41BDFC
:10C1900058C441BEF86FDF3E999D8B3F57DE23BEEA
:10C1A0000F87303EA368DCBE97E39EBFA6D343BF94
:10C1B000CC7B59BFE95F59BF3552AD3E2F9B283F1D
:10C1C000B7781C40A7DAA4BE14A277BEC453923F2E
:10C1D00057E6C63FFAC85CBE874D19BF59D142BF6A
:10C1E000CC6AD13FF17F883FF7D073BF94DACF3E5E
:10C1F000363F80BF5CB0E33E577AD53D63FE18BF43
:10C20000344778BF5F9D08C08ACB93BE33327A3FF4
:10C210004675F6BEA2CDCABE663D083FD3B7433EC3
:10C2200021ABC7BEDC355EBF6E05A0BED603E4BF42
:10C230005DD494BF065D90BE614699BED81813BF09
:10C240008E7AFD3EB52DF7BED74A3F3F4329BB3E10
:10C25000FC8757BFCC47353F25442E3F31382FBD93
:10C26000B6210CBFB389CABEA35F44BF435565BFA7
:10C27000B7C48337D1C943BF0A52EFBD08F4DCBF4E
:10C28000360D27BE1FC0813E13778FBF1D22413F51
:10C29000B357023D3950D5BFDF29013FBAE79EBEF3
:10C2A000B2D53E3FE9CC1C3E3950AD3D5E9BCCBD86
:10C2B000BEC1B0BD2AF1D23EF31496BFD591353F31
:10C2C000175120BE54D85E3E9B9FB7BEC4F4DF3CDE
:10C2D00020C5B53EA8BC523E49FD563F4594DA3EC6
:10C2E00085702FBFB7DA89BF21E94EBE14E9BA3E87
:10C2F0003FB71A3FC0FC743F0195A23D88B9883F03
:10C30000947515BECFC324BEDE93D63E0E58A83F0B
:10C3100002DF7CBE2F1383BF077BB63E6E4311BE88
:10C32000E2737B3FB21B07BF133763BFD8D1883D91
:10C33000852376BF36B40EBFFF85533D720F083F8D
:10C34000FD1B253FB30950BF9667FC3EDBA00A3FAB
:10C350001C787FBF61CD5DBFF04AE83E7BA7B3BCD0
:10C3600057019CBF75D54FBE8977863EC93F6FBFC9
:10C37000C7EA3A3F4A07EA3DA6C22DBFF8FF9A3FF7
:10C380006ED14D3F90E2B33F40749A3FC77D8C3FE2
:10C39000C6CF9FBD928707BD64EE8E3D8089CDBE1E
:10C3A00013731CBE9171CC3FB904303E2F16A6BF4B
:10C3B000E6C444BD0E724ABEF75E913F400458BFCA
:10C3C00003A653BC629BC8BF1FD0393FC55B88BE64
:10C3D0008F99E4BF63FE1C3F63C3E7BD96C0273D52
:10C3E0002636653EB226153FB6441BBF859A453EAC
:10C3F0006E4DD7BE7B4506BF550B4CBFD367A43FE0
:10C400005725453FD3502740159BEBBFA3A81440A9
:10C410003436A2BCD762CBBF39D4593F3C2A493FFE
:10C42000C44CCEBEE88B10C0FC077B3E07E8B2BF11
:10C43000E1F5C73FFAF4ACBF9C08FF3FEA950FBE99
:10C4400094A2623E02C307BF5776C4BED58AB2BF6C
:10C45000C6E96FBE386E0BBEB4CC43BF9FD29E3FC1
:10C460001F68034082835EBF559394BFA0E494BECF
:10C47000F1C68BBF579FCBBE127B8FC050C1CDC0C2
:10C48000796743C0CF5864C01E55BCC08814B6C07D
:10C49000F9148BC0CF2E50C08822D3C0124CB7C025
:10C4A0000A18D0C081533CC0C28DABC0F093DCC031
:10C4B000759250C00D5DDAC0926918C0F4AA4CC0E4
:10C4C0001C9B75C005D95CC09866A8C09352B0C0CB
:10C4D00077BFC5C010785FC099486AC0E9F4DBC077
:10C4E0005BA7BCC09E74D7C0CE1CA8C0F79127C064
:10C4F0001C336CC0992F9FC026DA37C0A9D657C00D
:10C500002D8436C091B034C0812BC2C0A184B6C086
:10C510002B2A9BC076305DC0C9EAC0C0780987C0AD
:10C5200074429CC0141A62C07D2425C0B23FC0C0B2
:10C53000BDDBBBC0612FD8C0DC1B61C00017B9C018
:10C540008779B1C0C3B2C1C0F249C0C06C4AA0C0B3
:10C5500071AF85C02531BBC0455E7EC0961115C048
:10C56000015ABEC0C550A6C0DE86D6C04849C5C067
:10C57000E459BCC0B222B2C0712F2BBF19165BBFE9
:10C58000EBE460BF5A763BBFA87022BF2DC579BFD0
:10C5900041EA51BFABCC78BF57FB79BFD93E4FBF03
:10C5A0005F8E41BF58B274BFD53C35BFC390F6BE55
:10C5B000B0B643BF1AB56ABFE3EF2DBF847F41BF5A
:10C5C000409E4FBFE43A31BF17B236BF402C33BF55
:10C5D0007C3941BF0A3D36BF876145BF9CD646BF07
:10C5E000583311BF4D333BBF33F738BFEA4734BF31
:10C5F000DC0256BF566C36BF9F7B18BF387511BF23
:10C6000071A985BFC50785BFB0E94ABF2EC085BFE8
:10C6100008CD06BFB6D502BFA7670FBF56572CBFC0
:10C62000DC46AABFED5CC5BE26A2C9BF97004ABFC3
:10C63000E69D90BF36D04DBFE795F7BE11D7A6BF98
:10C6400031A180BF7F4EA6BF3E1DB2BF3E419BBF02
:10C65000198944BF84033DBFE0131ABF0AEA88BEAC
:10C66000F3FB17BFC09BE9BD44F4C9BFA83ED2BFCE
:10C670001E18BFBFA037A8BFD07D1DBF8A3AA4BF78
:10C6800050B134BF832B46BFA0790CBF5BF850BFBD
:10C69000375326BFDD4352BF606D41BFD4274CBF27
:10C6A0002D0A44BF900C2DBFF5452ABFE45256BF5A
:10C6B000BE7A26BF37AD31BF1F3625BF769459BF2E
:10C6C00010663BBFEE0711BFACEC2BBF2AFA24BFAC
:10C6D00072A934BFA4B043BFBEB537BF9F2A2ABFDB
:10C6E0000FA829BFDC82F2BED11721BFEA221EBFEC
:10C6F0004CFF4DBFEE3040BFEA6D35BF6B2010BF21
:10C700005FDF1CBF48F019BFDE281EBFAFDF08BFC8
:10C710007CC93DBFC69D55BFEF0B4CBFB1E23ABFD0
:10C72000F7712CBFDAA747BFB6EC2BBF8B7D41BF9B
:10C7300004FA36BF125C2BBF95C73ABFDA9733BFF6
:10C740006D3A2ABFAB6540BFBB3D34BF061437BF4F
:10C750004A883FBF21F82BBF6B742FBF837A2EBF4F
:10C76000008339BF635643BFE9580FBFF35F30BF43
:10C77000924D22BF34E418BF3C043DBFAE5E2DBFD6
:10C780002AB4F5BF204388BFDA354ABFABB72DBF07
:10C7900051C112C07069D1BFDD7A49BFE22A89BF99
:10C7A00014BED1BE45B461BF5FB524BFDB988BBE5C
:10C7B0004B6189BF01C384BFF07B79BF914A65BFDC
:10C7C000804AC6BF0EFA9DBFA8C86DBFAAA382BF8C
:10C7D000572904BFBACCB2BE13FA7BBFC6B3BABFE7
:10C7E000910BA0BFA41D9EBF49CCA6BF0E9E91BFBA
:10C7F000078493BF390DA2BFC91721BFCEE484BF00
:10C800008ED093BFA38494BFAD40A1BFB304F3BE49
:10C8100057C62CBFBE1F87BF02F9BDBE96D759BFF2
:10C82000946412BF66B971BF1390A3BF8D44C4BF97
:10C830002EA3A8BFF4D8C9BFE5E19EBF349EB2BF06
:10C84000975CADBF006C22BFE12999BF92C957BF69
:10C850006125A1BF5BC2C1BF891AB9BFAADDCCBF28
:10C86000B82CD3BF08B54EBFF0B455BFEB36A5BF4B
:10C87000C8F7E4BE2B3B6ABF8CB928BFF2362ABF8B
:10C88000C45A4EBF235E5CBF9E525DBF6ACE6ABF74
:10C89000040E32BF498D40BF8A794ABF4E943BBFD8
:10C8A000BA8F33BFD6873CBF92863FBFC8DD34BF47
:10C8B0003F563CBF973629BF84DF35BF49E130BFC3
:10C8C00046C22BBFA8083DBF38522DBF3A272EBF06
:10C8D00037B032BFA0EB3BBFDF5B27BFF9CA2CBF2D
:10C8E0002D711CBF17342FBF22BD36BF1EA737BF07
:10C8F00040BD31BF9E3125BF3DE635BFADAB33BF37
:10C90000D34A2EBFC61F31BFF9D62DBF90742EBF9C
:10C910001DFA33BF49E82EBFD9AF2EBF536F32BFC8
:10C920008FB633BFEE5630BFA9FC2FBF84E32FBFB5
:10C93000DED231BF033F32BF62D731BF1BAF2FBF43
:10C9400005FD31BFBBBC2FBFF7A230BF335F31BF86
:10C95000992431BF58D631BF8E5232BFDFE931BF83
:10C9600068F131BFDCFC30BFAD6C31BF5B7331BFF0
:10C97000701831BFE07631BF819F2DBFA2B42BBFAD
:10C980005DFC2ABFA09B2FBF8C7F32BF466F2DBF9F
:10C990005CA42EBF7B6F30BFB2382DBF830C2EBF7F
:10C9A0003FB62FBFFD432BBF2BF628BFCE462CBF73
:10C9B000D51A2EBF0A5045BFE86B35BFA2861FBFF0
:10C9C000317632BFEF063CBF986E39BFB61F29BF24
:10C9D0009C1432BF52672CBFFB802EBF8EEF33BF3B
:10C9E00001BC34BFDC753DBF37C52DBFFC7D3DBFED
:10C9F0003F5E24BF33AB31BF28353ABF3E7A6ABFB2
:10CA0000DB0C21BF15A342BF2A866DBFA6830BBFD7
:10CA10007ED87BBF1D016DBF4BAA46BF06D157BF55
:10CA20000FDA67BFB4D83DBF3D6A56BF1E830ABF49
:10CA30001BBB60BFF73C2EBFB26C6ABF66DC88BF11
:10CA4000C6B56BBF2CB81ABF2ABD6EBF136F0BBF24
:10CA5000EA292CBFA1E194BFC38202BFA03B14BF4F
:10CA6000B25D2FBF8DCC30BF81470EBF00D82ABF2B
:10CA700007882ABFE0B54ABFCBA62FBF804E38BF7C
:10CA800047F227BFD1692ABF4EC22BBF1F0056BF36
:10CA9000374535BF1E4E3ABF4C4A37BF93C82FBFEC
:10CAA0008ED231BF1E8B30BF69482CBF8A622DBF2A
:10CAB0000E292ABF655C6DBFD81E2FBFDA4233BF77
:10CAC000417035BF2ABB32BF5EA644BFD3FA2FBF29
:10CAD0002D592DBF35BC2CBFF7A736BF74CE31BF43
:10CAE0007BF139BF6B5D37BF6FC945BF96C928BFA2
:10CAF000A43D3EBFB08A3DBF50E92EBF5F3E78BF28
:10CB000015EE4FBFDB623ABFE7AE24BFD0EB45BFA7
:10CB100064C433BF4EE857BF091526BFB6A83DBF52
:10CB2000796D37BFAEC311BFCA8B26BF7DD433BF6B
:10CB300075B028BFDC9531BF4C1644BFB90C31BF6E
:10CB40005D533ABFF3703FBF300220BF57BD35BFC2
:10CB5000082142BFCFEF3EBFCF4331BF17DD23BF18
:10CB60006D233EBFA1D420BFE15C2DBF88FB42BF37
:10CB70000B8043BF207339BF153126BFA67224BF77
:10CB80007E222CBF0D3D75BF6B8C2ABF1A6130BF52
:10CB900001B746BF44AD51BF802652BF11A335BF78
:10CBA00065E23CBF998438BF540830BF7D572FBF22
:10CBB000801F35BF36C15ABF896530BF776B1DBF37
:10CBC000018E4BBFF03A2CBFDB082CBFC56F22BFD4
:10CBD000712025BFBB4925BF5C8E2EBF4E102DBFD7
:10CBE000640440BFA90922BF48CA45BF13262DBF10
:10CBF000700828BFE19238BFE2C54DBF0FA5B2BF94
:10CC00003E584EBFDD06ABBFEB3AC3BFD8C130BF05
:10CC1000A3FB8BBFD64C41BE07649BBF458815BFA5
:10CC200009FF53BF16CF8BBEE3C3A7BF9BE588BFE9
:10CC300023EF9ABF59F68CBF265787BF7A3178BF4A
:10CC40007E64B8BF7EEA3EBFB0348ABFBD8096BF67
:10CC500002ACA3BF88E1B0BFFB6709BEF4E4FCBE31
:10CC6000C96D48BFE13E7CBF084D00BF7593E0BE73
:10CC7000C406F2BE83D8D6BF067623BFF00D25BF0B
:10CC800063434ABFBA061EBFBA1624BF85803EBFA3
:10CC9000256821BFB9CB1FBF6EA048BFD97B4BBF52
:10CCA000867934BF69B337BF24B626BF8C8737BFB8
:10CCB0005B0147BF941433BFB37B23BFD71521BF9C
:10CCC0000E6841BFFB1329BF2F1E3CBFA8D02BBF4E
:10CCD0003F2225BF7E4C35BF8A9D37BF0FB649BF67
:10CCE000675A26BFF31D3CBF2BF43FBFE6073BBF8F
:10CCF000B07931BF229E35BF932765BF546648BFC8
:10CD0000B58D3ABFB12E9ABF805732BF626F85BFD3
:10CD100086B19BBF5DE96CBFD94A39BF111E70BF98
:10CD20008CEDB4BF81415FBF4045DDBEED4178BFB2
:10CD3000D2E89FBF711ECBBF9E1BA5BF1F22B5BEF1
:10CD40004E229BBF16FDB8BF4E87D1BF55FE6FBFA9
:10CD5000B42884BFB71FCABF6F489EBF471B60BFC0
:10CD600051B16ABF72348BBF167496BFC386F0BED2
:10CD7000C28986BF535E4CBF0D8F23BF1F3127BFB3
:10CD80003AFC24BF16493DBF2A0F28BF2F5737BF93
:10CD9000EE7C34BFC9F13CBF43292BBFDB614BBFE5
:10CDA000499C3ABF3E0145BFCBA53CBFCA7E29BFC7
:10CDB000A71333BFB84243BFD4B62BBFE38831BFFC
:10CDC0007B1E38BF5AB03BBF670029BF86211FBFFB
:10CDD000CCD636BFDA7B27BF769632BF92D22CBF35
:10CDE000CE7722BF1C3E37BF4C042DBF0BD642BFAF
:10CDF000DCEB32BF55D119BF094C32BF0F1232BF25
:10CE0000150E30BF413733BFD63533BF3FE531BF95
:10CE1000064330BF5CFF34BF418A32BFC48531BF97
:10CE2000DA3334BF41FA2EBFD3E536BF66EA32BFEC
:10CE3000EC5032BFA62A33BF8C6C32BF95722EBF26
:10CE4000073C31BFA3FB2FBF647531BF7DA731BF46
:10CE5000840731BFC7C330BF9EB130BFF1BC34BF00
:10CE600023ED32BF5A7731BF210432BF75F92FBF8E
:10CE700083B830BFAF882EBF96DC2DBF508441BF32
:10CE80009EDF27BF5B1D49BF2E862FBFAFE04ABF85
:10CE9000764F15BFB2013FBFBE8B5EBF229849BF20
:10CEA000082137BF67AD3DBF21DB39BF9D2032BFB1
:10CEB000655433BF33203DBFE8CD2DBFC7232DBF01
:10CEC000CD3033BF9CF62DBFE4A429BFEDCD34BFD8
:10CED000137D35BFAEE837BFB77B36BFEF0E2FBF30
:10CEE000732631BF868845BF70FF3CBFDCBF37BFAC
:10CEF0004A113FBF1C5230BFFEF71FBFD7CF02BF42
:10CF00008EF231BF3DCD28BFD3573FBFDA9B41BF23
:10CF10004A8746BFF1B02DBFB85738BF2B3039BF55
:10CF2000F8EB35BF33DE34BFF4A82CBFCBEA32BFF9
:10CF30002F624BBF783F49BF893D28BF8FB35DBF8C
:10CF400087562FBFCC103EBF45DD24BF4FD23CBF1C
:10CF5000A93731BF72893ABFA42E28BF89FE38BFD6
:10CF6000AEB633BF169639BFAF6641BF58E04EBF6D
:10CF700058F62EBF9E2636BF187231BF187231BFC9
:10CF8000187231BF187231BF187231BF187231BFB9
:10CF9000187231BF187231BF187231BF187231BFA9
:10CFA000187231BF187231BF187231BF187231BF99
:10CFB000187231BF187231BF187231BF187231BF89
:10CFC000187231BF187231BF187231BF187231BF79
:10CFD000187231BF187231BF187231BF187231BF69
:10CFE000187231BF187231BF187231BF187231BF59
:10CFF000187231BF187231BF931339BF7CD848BF44
:10D000001EAFF2BEF5652ABF9538BABFD5885FBF9F
:10D01000A7373FBFF6199FBF25BC7EBF132380BF34
:10D02000BA72A0BF99D9A3BFD6F2ADBF274421BF22
:10D03000C45D7BBF1FEE16BF0B9C0FBF86B5A1BEA4
:10D04000CF7C96BFFE3087BFA9256BBFB19827BFA5
:10D05000E4E96EBFAEE3F0BEE28A6EBFA7BE58BF82
:10D060007EEC0CBF686561BF5EA9E9BE12CB5CBFF8
:10D07000441C7DBF0BEE67BFB1D38FBF6544EABED2
:10D08000D34F01C0667188BFF2A778BE27F110C0E8
:10D0900003C8ACBFB19516C0DA8BFEBFA690F7BF30
:10D0A0002FD901BFB708A2BF136480BF218C28BF4E
:10D0B000D9CC8BBF2B68B7BF54F78DBFE31F22BFFE
:10D0C0007CBF86BFD4B93FBF06CB13BF38EC34BF9B
:10D0D000A55777BF6B2F83BF81204FBF7CD17ABF0D
:10D0E00053BCA3BF013593BF31827EBF4B7756BF80
:10D0F000966EFABDD4BD70BF19D03ABFEEB73EBF31
:10D10000296A3ABF38DA16BF576C33BFE2083DBF11
:10D11000698916BF595742BFA86343BF3B462BBF1F
:10D120009BCC1FBF37813FBF8CF241BF77DE2EBF44
:10D1300073F540BFB3C54DBF12FC1EBFD44F3CBFFB
:10D140008F3A35BF24A63BBFC5B636BF9E613CBFF4
:10D15000BCBB3ABFF3E834BF430432BF326C24BFD8
:10D16000D15D27BF308434BF534832BFC5C230BF02
:10D17000501738BF46F23CBF7ADF2BBF1B8044BF3D
:10D1800083B642BFC37460BF2A1832BF33CA4EBFD2
:10D19000D6502BBF4B7949BF5A974BBF369C34BFF3
:10D1A000881838BFB69621BF14E33DBFEDA12FBF4D
:10D1B000BFA42ABF31F425BF608125BF95AA4DBF0A
:10D1C000E40B3FBFACE63BBFE4A224BF5DA446BF77
:10D1D000593C4CBF1B9433BFAABB3EBFAF7F44BF7B
:10D1E000A1C92CBF57F022BFF35632BF0E2C25BF6A
:10D1F0000B6F3EBF5FE84BBFCEAF24BF37682FBF7A
:10D20000F4453CBFAD1162BF3CD829BFFF4B28BFDE
:10D21000C640B1BF5D0490BF1F97ACBEB14F6BBF9E
:10D220006BEA86BFF1557BBF4AA6AABF5C4CABBF79
:10D2300013653CBFF3F246BFEACB25BFDE6C43BFAC
:10D240006E9B81BF710FAFBF6D9A9BBF8321B6BF2D
:10D25000F94BA3BFC25C84BF293448BF1F1E97BFD0
:10D260001D2A34BF8025FEBE9E2175BFF41C91BFD0
:10D270002E9166BF37DA5DBF45A835BF211931BF92
:10D28000607031BF599D31BFCFD430BF22D231BF82
:10D29000ABAB31BF132B31BF018131BFEA9531BF39
:10D2A0002A7231BF27D131BF747331BF928631BF2B
:10D2B000D66E31BFFB7931BF727931BF756731BF2F
:10D2C000CB6031BF277631BF808331BF1D9331BF23
:10D2D000666931BF9F6731BFFFA631BFBC6931BFEF
:10D2E000EE6631BF2A6331BF326631BFEC7031BFA9
:10D2F0004D6831BF377031BF494522BF568B37BFAC
:10D30000213F43BF8E764DBFCCD83FBF32DF2EBF0B
:10D3100022AD41BF965818BFDFF804BF706E63BFDF
:10D3200053F13CBF895602BFA6FF5FBF5D3639BFD0
:10D33000CBDBDDBEE4152DBF6B7F65BFE9C40FBF3E
:10D340009FE610BFC8C83EBFCB1334BFBAF9C6BEF4
:10D35000785B10BF888043BF08CB22BF17B83CBFA3
:10D360005F9D55BF691A31BF37C43DBF1C5345BFD0
:10D37000DA3122BF01F266BFF85621BF7B411CBFE4
:10D380003DAD20BFF94019BFFB1633BF17312DBF8C
:10D39000434745BFEDA545BFA77E0CBF7AC525BF56
:10D3A0000D2E3CBF54DC24BFCC0D1BBFC77C31BF4E
:10D3B0007A9132BF404E21BF866E28BFE8C501BFBB
:10D3C000F18B1CBF470728BFC0DB4FBF1B3E7DBF93
:10D3D00025166DBF98806DBFE9242FBF5A885ABFAC
:10D3E000D0E96FBF0F073FBF429853BFE74677BFF3
:10D3F0001B9C3CBF1A5319BFC7B614BF613144BF51
:10D40000A215C5BE4BB20BBFF1C166BF2B37F5BE2F
:10D410001F5F69BF1CADFBBE8AF85EBFEDC06BBF6E
:10D4200016430BBF664C09BFC66E71BFC2C423BF93
:10D43000C44131BFB3761CBF47B80BBF021A19BF36
:10D440002FD65EBF7012E7BEEA7511BFCBC55BBFBA
:10D45000B51A61BF651253BF53E54DBFEAC98ABF14
:10D460009AF00CBFA9DDF5BE359D82BF6F2824BFA1
:10D4700007E8DFBE56E941BF0DD739BF864745BF34
:10D48000AB4A79BFC3A652BFCAEC35BFA53D40BF6A
:10D49000275837BF4DE815BF5AC559BFAA6E3BBFC5
:10D4A000560927BF2E9F42BF7D1F45BF251828BFA5
:10D4B000621437BF5D2830BFED9020BF7DD746BFD7
:10D4C000DDF238BF638047BF0F8F3BBFDDCB20BF8E
:10D4D000F43F34BFC6E124BFDA821DBF26AF36BF9A
:10D4E000873233BF25D92EBFAF2320BF929A30BFDA
:10D4F00007DA31BFFE0B3FBF852D35BF87BF44BF65
:10D500002402C2BF39D1C8BFB8DCA4BFF8E0BBBF9A
:10D51000E0C4A8BF81BE52BF6EC8A9BF9057D1BF9B
:10D520000CAAADBF603097BFE3AFCBBF1D38F9BFCA
:10D53000391AE6BF50FA02C0D69DE9BF3E67F5BF73
:10D54000B5B000C00A39FCBF4DD137BFC09CEABF9F
:10D55000DCBB08C0D155EABFFC63E1BF860FE2BF68
:10D5600024F3BABF80B2D7BFB65EE1BFABE083BFE2
:10D570009D21EABE76CBE3BF6ABB20BF5F113FBFF0
:10D58000B4754BBF3C9B60BF74D128BF944559BF55
:10D59000C87126BF9B735CBF8DA90CBFE75043BF0A
:10D5A000B1A22ABFC8DA3DBF665B1ABF90F433BF91
:10D5B000AC213CBF461428BF841D30BF437E29BF29
:10D5C000C62920BF2AF03CBFB69D42BFCA921BBFEE
:10D5D000DEE529BFD1FD55BF7A7D20BFE6E62CBF31
:10D5E0004D174DBFE8A543BFCFC81DBF0EAF20BF2D
:10D5F00080FC2BBF230213BF1A2122BF2A7F40BF0A
:10D60000E7DF4EBF75B721BFABF820BF052822BFAB
:10D61000BFE340BF45B540BF786221BF52701EBF17
:10D62000E1C221BF65943FBFDB3A22BF110524BF91
:10D63000EAB841BFACE83FBFA2C623BFFB553DBF20
:10D64000C6F940BF9F3D44BFA13223BFD2551DBF85
:10D65000336A22BFA32D29BF62A03EBF59BA22BFA1
:10D6600040D822BF39A038BF42AA21BF9C6B43BF1C
:10D67000D05238BF553524BF72532ABF38D030BF7F
:10D6800012480FBFE85B3ABFE2CB18BF982D2BBF03
:10D69000F2315EBF80053CBFF39F46BF6BF535BFDF
:10D6A00028F018BFCE9E59BF69E22EBF564C44BF2A
:10D6B000D76A21BF043F39BFC00153BFB82C47BF51
:10D6C0006C7F26BF0D6239BF6F9C4ABF205C3ABF9A
:10D6D0009B591EBF993C03BFB22A52BFDC3B22BFFD
:10D6E00011A13CBFB0ED3EBFD1EB3EBF95123CBF98
:10D6F0006E103FBFD5562CBFD1E65EBFB26724BFC8
:10D70000C31C36BFDF0640BF3E255DBF37ED4FBFB0
:10D710007E4B47BF06562DBF420749BFAB5236BFAF
:10D72000FBC03FBF5E8E2EBFB5C82CBF108330BF7D
:10D7300058BB22BF664B25BF23DA2FBFD47F15BF4E
:10D74000D35A34BFD18A3FBFAD6231BF19D831BF80
:10D75000F46D3CBF47202ABF8E3642BF9DB13BBF10
:10D760005FAB49BFDA3845BF7F873EBF660527BF3D
:10D7700078A416BFBDF02ABFED0D2DBF7CF64CBFBF
:10D78000965707BF0B84DCBE9A4177BFCECE72BFDF
:10D79000D3D9F5BEA71F8EBF7091A0BF737A60BFAB
:10D7A00038D186BF6EA453BF7C6890BF32E105BFFD
:10D7B000F41DD1BE4F288CBF63FC15BF91FD52BF35
:10D7C000DB1069BFE654AEBF1C628ABFB182A6BF40
:10D7D0000B79AEBFFCED71BEBBBBB0BF254A6FBFBE
:10D7E0001F2499BFB3C50CBF8FAF8BBF100ED7BE20
:10D7F000C4E680BF867084BFFC8A27BF8E3915BF00
:10D80000A8772DBF60C031BF1D3A47BFC65A12BFAF
:10D81000056E48BF54151FBF613247BFD7D050BFF8
:10D82000940258BFE28BBDBE127E5DBFD27D3ABF6F
:10D83000C1DD92BE65978DBF2B2A9DBF1A3B65BF88
:10D84000E28B82BF2ECE7BBF752C84BFBCD646BF79
:10D8500033376ABF79A891BF715897BFA75CD8BE0C
:10D8600056F18FBFAB6FA0BE2F3544BF8A5378BF30
:10D87000BA340ABFB1A56FBF8E6E54BF5FA678BF22
:10D8800035D659BF8B5141BF538359BFE51174BF82
:10D8900012F15BBFAC7306BFE315D9BE0E2623BFE2
:10D8A000BB5B48BFC7AF28BF81DD59BF3B1F4CBF23
:10D8B000E12325BF26563CBF821A5ABF8BA049BF21
:10D8C0006C3559BF7C262EBFE5483DBFE71851BFD8
:10D8D000E9E719BFFDBB5ABF839C40BF165116BF75
:10D8E000BB7147BF75AF1CBF22DD37BF783C20BF7F
:10D8F0003CD54BBF62E217BF277C48BF128160BF97
:10D90000C16D47BF9F216ABF106CC1BEA2D350BF7B
:10D91000233C32BF6CF63CBF903043BF711E39BF11
:10D92000E7EB35BF7E7743BFC6395BBF764247BF63
:10D930009ABC70BF22DD0CBFEEE047BF3AAF27BFF5
:10D94000912108BF40841BBFE34709BFA35635BFE1
:10D9500048FD36BF702153BF6C0C48BF337D34BFC8
:10D96000FEFD1EBFFEA028BF0F3820BF746019BF88
:10D97000FDC95DBF99B94EBF880436BF031325BFEB
:10D98000753299BF20172DBF6DE17BBF81FA23BF90
:10D990003FCB41BEED57EDBF4FE688BF9B0C82BF2A
:10D9A0000CFF3CBFA244A8BF8BCB8BBF1DF6B8BFFA
:10D9B000A66FB8BF5E8034BF8B41A8BFA5DFACBFE8
:10D9C000F1F5C5BF3431C5BF736B98BE77BD7CBF61
:10D9D00029E29DBEDE0696BFED0781BEA7AB59BF0B
:10D9E000A96B71BF11683CBFEE98A1BF94C64DBF33
:10D9F00088E91FBFED4841BF665A49BF392E29BF8C
:10DA000025C32ABFAAE335BFC0DE29BF148A32BFAF
:10DA1000581329BF618433BFA53034BFC39D2FBFC6
:10DA2000CA1532BFA41F48BFB93E40BF916A3EBF6E
:10DA30006BE72CBF20CD36BFE7E63CBFAB693DBFEF
:10DA4000D2E53EBFD34C36BFD3E53ABF019C2EBFD3
:10DA5000F57C33BFC04029BF60D82BBFB79033BF20
:10DA6000F04534BF04B130BF035D30BFFF6C29BF48
:10DA7000992033BF511E32BFBDA15CBFFBCD54BF47
:10DA80001AE370BF71564BBF7F478DBF60E8B0BFD0
:10DA9000706895BF39D7B0BFF32BB0BFD05EC6BF9B
:10DAA000444BAFBF9449BBBF8F5FBDBF003B90BF2E
:10DAB000F13971BF37C988BF7C7070BF9BB3CABDD5
:10DAC000D81FDCBFD3949CBF6F4E96BF898E95BF85
:10DAD0007F15F6BE04D7ABBF90052DBFAE506FBF0C
:10DAE000F8D5E9BE44FC35BFEB2945BF5A8C29BFA8
:10DAF000293B11BF4F672FBF6F233EBF265D24BF59
:10DB00009BEE24BF890E23BF592D23BF5E7133BF07
:10DB1000C22833BF82F514BF95672BBF753233BF60
:10DB2000106B35BF862735BF467633BFE75A30BF07
:10DB3000C05E3ABF49BE3EBF109637BF632329BFC0
:10DB4000B9B623BF2B5832BFB5FD30BF499E3BBF8E
:10DB5000C3F225BFCB0530BF6C7D37BFDD313DBF84
:10DB6000577F34BF6F933ABFE9992BBF0E842FBF05
:10DB70002D1B31BF780332BF66B430BF1CB733BF33
:10DB8000D25233BFC73B32BF114D28BFB59F31BF03
:10DB900007165FBF48F530BF840334BF2D5C34BF28
:10DBA000830E46BFC0B034BF4A122CBF0D282CBF15
:10DBB000D99737BF5B1539BFE76537BFE0902EBFF8
:10DBC0004EC41FBF66A645BFF8472EBFEAB82DBF9B
:10DBD000C95F32BF117635BF551537BF9FA725BF27
:10DBE000779B3CBFB4CE39BF15D82FBF672140BF4C
:10DBF000104029BF64D41DBF38CC39BF4E343ABF62
:10DC0000F8AD26BF30CE72BF124051BFDB6D37BFBB
:10DC10009DC11CBF8A963CBF22C37BBFC6A688BFDE
:10DC2000788380BF35AC2CBF834A49BF66972EBF2F
:10DC300077172BBFD94931BF5A5B4CBFCCD63DBFFC
:10DC400077E928BFA02619BFDC7F57BF9A6721BF9D
:10DC5000142E23BF158534BF37D564BF8EE631BF80
:10DC6000FA2A56BFA50F18BFAF4C19BF229531BF76
:10DC7000B15856BFBEBA1FBF4BD464BFB9F794BFEB
:10DC8000D51282BFE60987BFD7197FBFCB7764BFA4
:10DC9000584CDDBFC5DD4ABF6CFEC2BF1D229CBE15
:10DCA00035B1DBBE9D3C5BBFA4C846BF199865BFBC
:10DCB000AFCA9FBF3B03B3BFD3CC7ABFADC7DEBFF4
:10DCC000750D05BF79E6D3BF5D318DBF23EA1BBF5C
:10DCD0001EDE8DBF511252BF376913BFF30F79BFDC
:10DCE0000620B8BF7D0DCFBF8BB5ABBF6E41DBBF8C
:10DCF0003021C7BFAA369BBFFD1D3EBFD0A9C8BFFC
:10DD000099F01CBFD050CFBF5EC4D8BF4F43C8BF2F
:10DD1000C48EDDBFD82FCCBF58EAD9BF6B83FCBF00
:10DD200088EEF8BFE731CABF8765D6BFC919EEBF15
:10DD30003F3DE5BFFFF27DBFB12EE8BF0D555FBF90
:10DD4000F2C3DFBFAC9904C05C2612C05BC22CC01A
:10DD50002E328BBFA69E00C0486910BFD43D00BFC5
:10DD600064B907C0431F67BF293CBFBF9F02BDBF47
:10DD70008E4CE4BF0B5253BF022D29BF724C2ABFF9
:10DD80009AA830BF5C4A37BF91042BBF32C525BF6C
:10DD9000611C32BFF5C746BFBB9D2BBF243E36BFBB
:10DDA000C9873CBF713929BFD6BD30BF30111ABFFA
:10DDB000B5413EBF1C2B40BFEB0A37BFEA2D23BF46
:10DDC000561940BF275C30BF134B20BF862636BF95
:10DDD000404742BF308722BF36553BBFE6F53EBFC6
:10DDE0005E6E23BF80F545BF9FD326BF08CC3FBFE3
:10DDF0002E0621BF733345BF61682FBFA4F747BF0D
:10DE0000642B36BF7E8394BF5EAF6DBF6BA88ABFA5
:10DE1000BF3299BEEFFFB1BF701C96BFD32B71BF4D
:10DE200060957FBFF2D37FBF2516BABF969590BF8E
:10DE3000887528BF573054BF648462BF7BCC49BF0C
:10DE40006A116ABF295329BF72C6B3BE12EA7BBFEB
:10DE5000EACD62BF640C66BF317C5CBF38D880BF3E
:10DE6000F5788BBF23A318BF8D997CBF9E9283BF8B
:10DE7000C97806BFED0E60BFA1FE20BFA66D3BBFF7
:10DE800093FA27BFDF0944BF79302DBF90D29DBFE1
:10DE9000239E32BFB84E1BBFDBAF1BBF57191EBF3F
:10DEA000F26C2EBF595077BFBE4898BE7A6B3CBF0C
:10DEB000EB2010BF9AAF50BFBBB771BF02CA55BFAE
:10DEC000A8D14ABF77EF60BF4AB655BF680E12BFF0
:10DED000CB3544BFE77D30BFCFB826BF52C32BBF81
:10DEE00068D02ABF1A122ABFF48C29BFE32751BF7A
:10DEF000040D2CBF089159BF807B34BF2D1658BF2D
:10DF0000D4F499BF530820BFE2DE7EBF145B3FBF4D
:10DF1000D0D73CBFC3F78ABF905FFABE640BC6BEC2
:10DF2000AE2776BF9DC76EBF8E0242BFCE8A06BFA8
:10DF30001BA033BF475BA6BFF770A0BFD4439FBFF2
:10DF4000F9B195BFBCDBC5BFD4DBB3BF805367BF9E
:10DF50008F71D7BF739AC1BFD7345CBF3D7834BFD0
:10DF6000471E1FBFD30380BF3D9A2CBF5B87953DE3
:10DF7000E24DABBFAF3FA7BF38FF36BF82B22BBF6A
:10DF8000FF7249BF242907BFD9C51ABFBBA821BF4B
:10DF90005E8627BFD29113BFEF03D1BE7BD9BCBE33
:10DFA00033235ABFB37644BFD7710ABF289E18BF28
:10DFB00090F031BF125C28BF1FFF4BBF91581FBFAD
:10DFC000CC4F20BF4C6247BFDCBD84BFCBF831BF14
:10DFD000DF2E55BFD6F357BF8EC037BFD17B36BFBC
:10DFE000E60871BF049730BF2B7E36BF767B1CBF1F
:10DFF0003A482EBFDC743CBFBCA521BF9EF660BF73
:10E000005EEC30BFD2C62CBF664176BFEA962DBF0C
:10E0100061531ABF7B7A2EBF31E970BF55778EBF2F
:10E02000922983BF59FDA8BF326E94BFA0CB9FBF7A
:10E030008F52D5BE5D1221BF359653BF894623BF8F
:10E04000E71C73BFA1D763BF946C7FBF0EEB58BFB3
:10E050006CC76EBFEBCB30BFC32F4BBF0E1562BF7B
:10E06000299956BF66E533BF445E32BFE5D129BF6B
:10E0700040A82CBF51B81EBFF4FE2ABF7B2F37BF6C
:10E08000561C67BFB77337BFE88929BF8FFC29BF0C
:10E09000C43230BFBF1229BFA1DC31BFFB1733BF71
:10E0A0005A8C41BFAEF331BFA0CB2BBFED972DBF34
:10E0B000622D39BFD44B29BFA60C35BFF7713ABFCB
:10E0C00059EA27BF437B2EBFF9332CBF024D2EBF29
:10E0D000D51135BFC39A2BBFCF1238BFD34828BF45
:10E0E000C28929BF3EEE2CBF069F33BFE2343FBF3B
:10E0F000A74D2ABF1F9245BF21C23CBF4BA262BFA2
:10E10000369988BF628125BF996C43BF10908FBF3D
:10E11000D00715BF1BAE83BFFE4C7FBFA79B08BFB8
:10E120002AE77BBFFE4308BF28D866BFC9800BBF64
:10E13000EAF665BF01F39ABF7249B8BF9DE78EBF8B
:10E140002C8ADEBE5CD237BE5B0D7ABF83B985BF39
:10E15000624A85BFC05B8ABFCF26C9BE24AC69BFF7
:10E1600007289BBF70A36ABF74B3DDBE5A1EF5BEFD
:10E170000C4E24BF70B192BFB34D26BFA8E345BF7C
:10E18000BA7C78BFD87D5FBF771799BFC12754BFCE
:10E19000A15866BF0B9FE0BE12AC22BF9F5A21BFA1
:10E1A000187225BF6DE531BF4E2549BF43A418BF86
:10E1B000CF2D4CBF42383CBFBC633EBF28DC41BFC3
:10E1C00090380CBFA79242BF38533FBFF02B3CBFE3
:10E1D00014D030BF8D1646BF500123BFDC7D4BBF2E
:10E1E000ACE743BF463838BFC52429BF18D32CBF7E
:10E1F000F3753DBFB4872ABFF4A220BF12E122BF4E
:10E200009E3010BF05FB28BF92D834BF97BE4FBFCA
:10E21000A77A41BF5EA127BFFF873DBFD05640BF51
:10E22000CE3029BF072031BFE1F04CBF2B582ABFA9
:10E23000D05326BFF42025BFACBD50BF339A4EBF8C
:10E240007EF32CBFFFAC26BF36512BBF38D62CBF78
:10E2500017ED3BBF055632BF5C3540BF4B6E11BF5B
:10E26000988431BF95432ABF0F0D46BFABC349BF4A
:10E2700060C932BFD28D49BF3E536EBFE12E51BF40
:10E2800009B9C3BF35BB0CBFDE9EB6BFDEA184BFDC
:10E29000A503D6BF0816BABF1D57A4BFDD9CBEBFDD
:10E2A00093EFB1BF4E4F41BF7FBE67BF669D26BF94
:10E2B0005F399CBFA47ABBBF8C108FBF165D59BF5E
:10E2C0004F2FADBF8B4CC5BF3A5AB6BFE29D0DBFB5
:10E2D00075FB97BFC1C39FBF035B79BFA19386BF87
:10E2E0007EF1ABBFC0B592BFBAE4C1BF0D238DBFF5
:10E2F0001210A5BF1BB164BFCDBF34BFD9FA30BF68
:10E30000F77A31BFFB3F31BFF79931BF955F31BF1E
:10E31000F27031BF5D6F31BFAC7631BFB16D31BFCF
:10E32000F77131BFB97931BFD57031BF237031BFBB
:10E330005D6B31BF477231BFCB7331BF0B7531BFDE
:10E34000C67231BF4D7831BF4A7531BF4E7431BF8F
:10E350003D7031BFBF7131BFE57031BF317431BF26
:10E36000C87131BFD07131BF9C7031BF817231BF74
:10E37000076F31BFCC7031BF4ED635BF114966BF74
:10E3800021212EBFB22F19BF6B9835BFBD7837BF83
:10E39000BF614BBFD15438BF7BC61DBF6A3D38BF7C
:10E3A0002EBA2FBF5F6B0BBF9C074FBF47104BBFF1
:10E3B000741056BF07060ABF869C91BFFC5FE8BE7B
:10E3C000C6584DBFFF4C68BFB8BC79BFD23A4EBFEC
:10E3D000BE6436BF63B33FBF58593CBF71862CBF84
:10E3E000CB3852BFB5B33BBF64C739BF7AEB38BF38
:10E3F0004F3216BF319F56BFACE932BFDB7A2BBF1D
:10E40000AE3168BF7B4C6EBF33B335BF68A44BBF22
:10E41000996BDFBEA36559BF983E51BF77F448BFE3
:10E42000D49544BFF0C90ABF3D7B31BF6EAD1EBF5E
:10E4300001333CBF48FB42BFD3433FBF831743BFB9
:10E44000050934BF757660BF20F140BF381071BF39
:10E4500041AC48BF4AB42ABF01E18BBF1CF8FBBEE8
:10E460006C1E44BF6F0538BF8D776FBFE9DB48BFB7
:10E470002166FCBEEE3D1FBFB9E52EBF5B7D5ABFD6
:10E480002D433ABF68EFEDBE73CC9CBE8FFCBEBF80
:10E490008EC6CDBF0B4BAFBFB67094BF3C2D9FBF98
:10E4A000725C02BFBCEE47BF087193BFB3F29BBF63
:10E4B000BBD096BFD4D188BFD4993CBF9965AFBEBD
:10E4C0009C33BFBFDE14BDBF5F9CC7BF7BE2B3BF41
:10E4D000D50521BF255A81BF9FD8A5BFBFFC5CBF12
:10E4E00017269DBF00209FBFBED19BBF8E56A4BFE5
:10E4F0002F5F77BF90D480BF362E3ABF61FC31BF0B
:10E500008F5551BF41BC24BF30B243BFABFE10BFDB
:10E51000C91765BF1C1D65BFB67746BFE1E342BFA3
:10E5200079C34ABF9F5220BF836F25BF6EDC81BF76
:10E5300041B145BF60DE4ABF57B756BFAEB343BF18
:10E54000C77947BF9ADF15BF280EE1BE45BC88BF1B
:10E5500041BE6EBF1EC412BFBB1651BFCDC848BF5F
:10E560007DAA43BFB93F3CBF6B4037BFA18330BFDB
:10E570007D172EBFD7F750BFA50DD33DEB994E4069
:10E58000F820C640385E1841CDE448411A40784131
:10E59000CF249941794EAF416383CA411DA9E4411B
:10E5A0006BF4F941D6740A42C641164237572342EA
:10E5B000447F2F42DE553C42C47C48425161554263
:10E5C000DF346242F4C96E421E567B4208F0834239
:10E5D000090A8A4230889042C1E19642F0059D4284
:10E5E0008779A34205C8A942120DB0423F62B642E4
:10E5F0001E86BC42E8CAC2427A8129BE809074401D
:10E60000F6D5C440C07B114181A94841273D7A41DC
:10E61000D5DA9741BA74AD41CB17CB41134EE641E1
:10E62000DD4EFF411AC40B42EC771542743F254280
:10E630006A392F427EBA3D42E5874A42A45D56427E
:10E640008467634287646F4298377B424B188442E9
:10E650005DE48A423FD98F42408097429A489D426A
:10E66000290DA342C759A9426FE3AF42B341B64255
:10E670005A52BD422C61C242BEB5AC3B380D53402C
:10E6800067B1D54037B416412DCF4741D6CA7C413A
:10E69000DC0898413B7CAE412F25C941ED01E241A8
:10E6A00026BCFA41B5100A42A4C916425891234229
:10E6B0003F7D2F421F1A3C4248FB4842D5595542E4
:10E6C000985A62422B726E42CB667B42E19A834239
:10E6D0000C2E8A420264904245D29642C2F79C4276
:10E6E0008B57A342DAE9A94215B0AF42A060B64207
:10E6F000B48ABC4275BCC2422675603C706551400C
:10E70000EF92CB40D521144100B0474161947B4149
:10E71000613D9841E852B041858AC941B83AE24129
:10E72000B80AFB418FAD0A4288EC164209772342B2
:10E73000A63130420C913C429B404942C4D75542DD
:10E740008D62624247786E42E24F7B42FD198442FD
:10E75000881C8A42878E904299E096420B059D4222
:10E760003D60A3421988A94262BAAF427628B642F8
:10E77000D451BC42F5C0C242A8D3D0BD266C47409C
:10E7800019B5C14044F7124118C84241A5F07F4174
:10E7900050DC9741AD3FB341A701CA416901E24155
:10E7A000091BFB414B730A42FE9E164219BA2442D2
:10E7B0006E55304283A33C4214F74A42E4BB5442B4
:10E7C000AFFB6042FA106F4235407942788E844246
:10E7D00099D78A42F1C98F42542C974215109D4215
:10E7E000B67AA342FEFDA9425113B0422D05B742AD
:10E7F00067E7BC424612C2421CB234BD7C8A3A4032
:10E80000F0F2D440F7D617417C9C46415DC9754172
:10E81000875A9741ABAAAD41E18EC941D3A8E241E5
:10E82000EC00FB41098D0A42831F18421059224215
:10E8300014432E426B1F3E42A3524742F43C5442C3
:10E84000B38B614200146C42C3157D42173B834277
:10E850001F348B42003A9042D6079742E7C59D424B
:10E86000E055A342F577A8422CFEB0424CC3B54216
:10E870007213BD4257FEC24200B6E53CA5D44540E6
:10E880005865C2401F371941F3DF4841DD8E78419A
:10E89000ADC89541C8AAB041F702CB4136ECE14181
:10E8A00013E2FA412B5F0A4251791642DB3B2342C5
:10E8B0002B0B30425DA33C42022949423CE35542C6
:10E8C000AB566242A6F76E421A587B4246CC834250
:10E8D0009C4F8A420FBE9042E8B69642EA0B9D4298
:10E8E000CB63A342D78FA942DB04B0425627B6427E
:10E8F0004485BC42ABB7C242B8938EBC2C2B4A4075
:10E900007A99C940BA8E1641EBDB48415E287B41BB
:10E910002FB89641AFE0AF41B329C9411148E24158
:10E92000765BFB41F62D0A42B0CE1642EC612342E3
:10E93000FDF22F42F7773C42081849421CA8554285
:10E940006030624241C36E4243507B420EF28342CA
:10E95000B63C8A42EB83904281C996429D149D4207
:10E96000185CA3424EA3A942FEEDAF421136B64257
:10E97000837CBC42FBC7C24210D55EBB1C9848409A
:10E9800088E3C8400EDA1641FF234941E7267B4160
:10E990009FAB96418E09B0415636C9410A57E241B4
:10E9A000631AFB41D95F0A4246EC16427D86234238
:10E9B0004DD52F42EE5C3C422FE2484294AD554289
:10E9C0004E69624206DF6E42783F7B421BFC834207
:10E9D000DE2F8A42D578904214C79642D7209D42B6
:10E9E000124FA34281A2A94229FFAF422F50B64243
:10E9F0004984BC42D9ACC242F2C615BD5458454008
:10EA0000CE27C14013991541569F454153AC7941DA
:10EA10009A8F9741FEECAF410362C841A0B1E1413A
:10EA2000DD0BFB41F4DF09426474164214FC224200
:10EA3000B25130428BF93B4282C24942981E554244
:10EA40008D176242EBD26E42EAD47A42659F8342CE
:10EA5000E6EC894225A7904267F6964260E79C4221
:10EA6000AD78A3421A7BA942AC07B0429028B642C7
:10EA70003C81BC42FDC2C2426C04FCBBCB2D434076
:10EA80009CDCC94045181641B7B048416C6C7B41CD
:10EA900012CF964179E1AF413BE7C841411FE241C6
:10EAA000C808FB41125A0A425CB1164296652342DD
:10EAB000B5293042AE5F3C42A70B494239B25542BC
:10EAC000FD42624279F16E42101C7B4275F1834235
:10EAD0000C3F8A42107A9042A1E19642ED019D429C
:10EAE0002377A3426BB7A94220E4AF42442AB6423F
:10EAF00038BEBC420DD4C2425154C13CF4714D40A9
:10EB00008C35CA40C9BE1641556E4B41F54E7A410F
:10EB1000A10C9841254FB0417242C9418291E14117
:10EB200072F2FA4107030A4209F316422BF8224215
:10EB3000DBD42F42898B3C42091149426D895542F1
:10EB4000517262420D536F4288B87B42EEDD8342C0
:10EB5000565D8A422E79904234D89642F1E79C4223
:10EB6000E735A3422FC3A94228F4AF42E22AB642B6
:10EB70006A9FBC4240B1C2429BBF34BD16C04C40EC
:10EB8000BD0ACB402369154129B44841E2667B4167
:10EB900069E795410342AF41E7FBC841B0BDE2419F
:10EBA0009666FC41C35A0A42B5AE1642A189234279
:10EBB000A658304292FF3C42C5274942CD6C55428F
:10EBC0008AE16142C6206F42BD387B4200CE83425B
:10EBD000FE228A4223719042C7A69642FC049D42BF
:10EBE000B82FA342B8C3A94278CEAF426541B6421E
:10EBF0007383BC42F0BCC2429846D23DC5A06F4070
:10EC0000C9CFCC4053D01B4164714E41A2347841EE
:10EC100055DC924155E3B241B1DAC841161FE141DA
:10EC2000981DFE41C50D0B42E66D154253EF224281
:10EC30008F8D304280E93A42AE6A4A42B3C45442B0
:10EC40007B86604297D76E427CA77D42C373834226
:10EC5000C33E8A42D5469042150F9742D07A9C42D5
:10EC6000373AA34260AFA94277A5AF42C785B64203
:10EC70007621BD425DA4C242BA681CBDE412404088
:10EC8000477BCB40822E1641F0244A41E23E7C4134
:10EC9000715096419BC8AF415742C941F64AE24183
:10ECA000200EFA4101FC0942680E17428EB0234241
:10ECB0006AAF2F428D713C429839494277D1554213
:10ECC000922C62427AD76E426C677B422CE8834278
:10ECD000F4218A42D9799042AACE96423A0A9D42BC
:10ECE000B861A342D3B8A942B214B042B14CB64203
:10ECF000BD7EBC4212B0C242DDF5683D870D4A4080
:10ED00000DB0D340DC02144124D34A41E9E07B41F9
:10ED100093419B4167F8AE414A8FC841F16CE04195
:10ED2000180EF941B65C09424E8417425E6B2342CD
:10ED30008A1731425F783A4278524942E2DB5742C1
:10ED400006ED5E42F25D6E42AA887D4249EF824244
:10ED50006D2A8A427AF68F4260759642F0E79C42AD
:10ED6000AE07A34236F7A842FFC8B042E00BB64256
:10ED70000B0DBC424CE8C2424DA24CBDE590454053
:10ED80004547CB40478C18412E8E49413E747A410D
:10ED9000253F96410986AF417352C941BEA5E24164
:10EDA000BBADFB4107130A42CAAB164230432342B4
:10EDB0002A3E304239A93C42F72F49423B81554215
:10EDC00077B86142D70D6F422F277B42051A8442E4
:10EDD0000E338A424C7790424BD9964208F89C42B7
:10EDE000AC43A34291AEA94231C8AF42C74FB6422D
:10EDF0000082BC42F9B6C24219C100BCAEB648405E
:10EE00001378C94030E01641D7204941254F7B4156
:10EE10007BD59641EDBBAF41B612C9418D2EE24183
:10EE2000FD62FB41C8480A42B2B61642B75B2342B4
:10EE300064F02F42F6783C420A0849422EA7554218
:10EE4000C51D624258BE6E42F54E7B426CF3834252
:10EE50002F3B8A42B083904262CA964275139D420C
:10EE60004963A34295A7A94213F5AF429A3DB64222
:10EE7000E27BBC428FC6C24271A8923C86694A407E
:10EE800022B6CA40712216410142484136967B4162
:10EE900067DD9641E9B6AF414AE3C8414F0DE24113
:10EEA0006890FA418B700A429FDB164266762342D5
:10EEB000E5DA2F42DA5C3C4299C24842DF7B554298
:10EEC000585A6242A2EE6E42AD5E7B42D0E7834268
:10EED0001C3B8A42AD70904219D19642A7FC9C42DD
:10EEE000CC69A342B3AAA94208EFAF42EC39B642BB
:10EEF000B886BC424CD3C2423DFF3ABD33AA45401E
:10EF0000B3E5C640F2D51A41F3C64841DE497A411D
:10EF1000E9E295412793AF418BE1C8411FA7E24148
:10EF2000196EFC413F3D0A421C981642F668234286
:10EF3000A7AE2F42BCC33C4254E3484212AF5542F5
:10EF4000D0136242478E6E422A207B4272EA83428D
:10EF50005B178A4256AA90422DCB9642C7319D42FA
:10EF60003B57A342379AA9420AF2AF421C1EB6424F
:10EF7000097BBC4229EEC24200000000DB0F494081
:10EF8000DB0FC940E4CB1641DB0F4941D2537B4133
:10EF9000E4CB9641E0EDAF41DB0FC941D631E24110
:10EFA000D253FB41E73A0A42E4CB1642E25C2342E9
:10EFB000E0ED2F42DD7E3C42DB0F4942D9A05542B5
:10EFC000D6316242D4C26E42D2537B4268F283424F
:10EFD000E73A8A4265839042E4CB964263149D42AD
:10EFE000E25CA34261A5A942E0EDAF425E36B642C3
:10EFF000DD7EBC425CC7C24213162F3B0F0F35406B
:10F0000006ECC54097021741C2014C41905E764123
:10F01000DF399941CD3FAE417147CB41961BE3416A
:10F0200050E0F94157DA0942B1091742B945214286
:10F030002D29314253B13D4262F04942035C5642B0
:10F04000878C614279D66E42F2197A42025A834223
:10F05000EECB8A42045E904279C19642D7139D421C
:10F0600007FFA242B093A942BD91AF425EB0B54244
:10F07000423ABC422DEDC242F01FA73E7B1E294002
:10F08000AE05D7408438114147624341784C7741FF
:10F09000FD4E8F412FC7AF418A34C541CE45E8416F
:10F0A0009926F84181AB084217E01842B108254281
:10F0B000D45C2F4220A13C42CB3B4D4204485542F8
:10F0C000008E6242C508704233297B4215D68342C6
:10F0D000B2B18A4235829042BE8896424A439D42EE
:10F0E0006A41A342109FA942B4BBAF42A92DB542C9
:10F0F000C0FABB42078AC242B79228BDDAC6464070
:10F1000098D5C84039BE174177514941AF137C416A
:10F110000F8896414BFBAF418FEFC841709FE24192
:10F12000B0F6FA41D2100A4268811642138C23428B
:10F13000A7F22F4279B13C42F9384942347955421D
:10F14000EFD96142E66E6E42586D7B420BFF8342FF
:10F150003C218A42FA8390422BEA96426C109D42EF
:10F16000625DA342F3C6A942F8FBAF420243B64236
:10F1700027ABBC42BCE8C242F9E1683CC7024D4043
:10F180009192CA40EBD31241C1F3484156FB7C41F6
:10F19000ABD5964169D4B04178D4C8411356E24109
:10F1A000F5C8FA41086E0A42A8DE1642DBE42242A4
:10F1B0008E1C30424D5A3C423EAB494257EB5542C1
:10F1C0000FCB6242D0476F42EC4A7B42A9D08342C8
:10F1D000EB0B8A42276590426103974250F69C42AE
:10F1E000D83DA342A47FA9426AC9AF421441B642A6
:10F1F000078EBC42C0F0C24286EFA83B58E94340AC
:10F20000F431BF40EBA71341E62245412F227F4155
:10F210002DD897410AA9AF411058CA41DACFE2412F
:10F2200095EFFC4141420B42F6E5174298DB234241
:10F230007C8E2F4295C13E42E2254C425CA754424F
:10F2400012C3634240D7704270F37B426D8F82429B
:10F2500076F18A42A3828F42D3CC954268C09D4208
:10F260009A81A3425D09A942F42AB0425B4AB642A0
:10F27000AD1EBC42FD8DC242AA98533CE95948409C
:10F280002E16C940DFC11641BAFB48419F497B4158
:10F2900044D196410CEEAF41AB0EC941C031E241C1
:10F2A000134FFB4191380A42C4CA1642D35B234232
:10F2B00088EE2F42C57E3C42C30F49429EA1554273
:10F2C000AE31624209C36E42E3537B429FF28342F6
:10F2D000E13A8A421984904258CB964263149D4287
:10F2E000EA5CA3426DA5A94212EEAF424036B64297
:10F2F000087FBC422AC7C242E21D6B3D17D9454078
:10F30000D1DCC9405D311841C2A3464155727A41F2
:10F31000F59D9641CA5DAE415020C9418596E141B7
:10F32000B135FA41F5B90A42F6A61742DEB12242DA
:10F33000FBCA2F4235203C42282E494289CA5642F8
:10F340009FEC61421F2B6F4290A87B4293A68342A1
:10F3500057588A423B7890423197964269EA9C42DC
:10F360007129A34234DEA9427608B042E50CB642C8
:10F37000122BBC4257D2C242C5C59EBDE2A34D402E
:10F3800006E7CA408ECE1641E60D4A4187107C4101
:10F39000FC46964128D4AE41AAB8C9415E4FE1412E
:10F3A000D6F5FC419B280A42BAD216421FAA234234
:10F3B000619C2F42EB623C42E08C49422B785542E3
:10F3C000A10D62425DF96E4216337B42C8C383428F
:10F3D0007C398A42A53890429048964242D79C4256
:10F3E0007EB6A3429068A9427473B04296D6B542E5
:10F3F00031E0BC428065C242E633A73DFB57354051
:10F400009274CC40B3581A41957645412EF87E410E
:10F41000057C95419333AE41947AC741907EE1419A
:10F42000FCF4FC41C09609424ECE15428ECB2242DE
:10F4300004EB2F42E1E73C425BDC4942D86755428E
:10F44000CBA8614231B46E4219F37B422207844259
:10F450008C108A426FD29042526E96424CBD9D42B1
:10F46000BB00A342E1F4A8425434B04247A9B542DC
:10F47000E6E6BB423C2EC3423F89AE3DDCCB50406A
:10F480008752BF40E31C1B418F9A4941C94C7941C7
:10F490004D379941D637AF41E334C9416406E24163
:10F4A00001A0FC41A04F0A42619B1642DB6B234244
:10F4B000201B3042AE783C42067F4942BCD35542C5
:10F4C00062426242FD516E4226207B427EFD8342B3
:10F4D000187E8A4239799042ADCD9642F0209D4205
:10F4E000516FA3423E95A94270BCAF42F05CB64258
:10F4F0009B51BC423FBCC242961BE2BC8FC45C40E5
:10F50000FF27D14025B01741C43F46414EDA7B4129
:10F51000294C99410BECAC416A56C941D4DCE54118
:10F5200013F2F64160D60742DFD61642730D22422F
:10F53000280F3042FA893A42B4084942956F564240
:10F54000D33D63429AFA6F42A5E27D42CC93834257
:10F55000CE478A427C6090428C059742E4A59C424B
:10F560001BC2A4425ECCAA42A71EB042E63BB642F2
:10F570008545BD429864C242E1447CBD827A4440E4
:10F580005EFECB40EC8C16415D584A41C4B57A41D1
:10F590001E38964121EDAF418F72C841AE41E14125
:10F5A0004B35FB4114470A42716D164233532342D7
:10F5B0007EB02F424F883C4261D64842DE9E554283
:10F5C0008FCC6142BAD76E4280217B42D0E8834221
:10F5D00078F58942AC9D9042D7DB96423DE49C424F
:10F5E000C453A342DFCEA9424BFDAF42D267B6421D
:10F5F000B592BC42F6F6C24237AF7A3D8729454004
:10F6000009FACA40C7C017413CC9494134287C4166
:10F61000C9479741EB73AF41F7C2C84176AAE141B0
:10F62000BED4FA4102780A42AB1017420E202342A0
:10F63000F3AB2F42783B3C42C2CE4842E86255428F
:10F6400082F1614249836E4288867B42771384420D
:10F6500046558A42E1A3904233DA9642B32E9D4248
:10F660000B43A342A787A942C6CEAF423016B6428B
:10F670007F9EBC4254E1C2421FD0B23C2D683D4047
:10F6800041A1C640A4971741BDB04841130F7D4129
:10F69000D48395417973AF411218CA419C0EE3415E
:10F6A000F689FB4199DC0942F43916422E30234297
:10F6B00021C92F429A683C42F0EB4842C5C05542EE
:10F6C0001579624274656E427A9D7B42FCE6834204
:10F6D000D7378A427A3F90425504974267129D423B
:10F6E000E193A3427AD1A9427408B0428A45B64256
:10F6F0009392BC4232D7C2428E0B9C3D2BB0474006
:10F700001150C640075E174120814A41543A7A4160
:10F7100049A79741B3CEAF41B60FC941DEDBE14106
:10F72000D6D9FA41A0340A428CAE1642B1842342A3
:10F7300096BE2F42B8D63C42F20C4942379655420B
:10F74000867D6242B75B6E4202907B42AE9C8342F2
:10F7500050578A4294639042D4C89642EA079D4229
:10F760001D60A342F6AEA942EAF6AF42DC2FB642D4
:10F770000083BC42D1BDC242651AB23BD36D464044
:10F78000A6D6CA40509412416BDE4A4176727E4141
:10F790007C2797415B56B041F3F4C741E9EEE34162
:10F7A000E68FFC418C7C0A42EBA816421DA5234241
:10F7B000365A2F42F9693C427CCE4842E2765642A4
:10F7C000009F624240EF6E42A1657C4284AA834260
:10F7D00042648A42630390425D9896426EE79C427F
:10F7E0004E17A3420592AA428805B042E0E7B5420F
:10F7F0005B11BC42794DC242F79708BDDC344840EA
:10F800004804C6402AB717419911494173B6784157
:10F810006D5E94416E37AE415A80CA415BF4E0415F
:10F82000B548FC41975F0A429DA51542FAE824427B
:10F83000A9D62E4267233C4232ED48426E455442DF
:10F840002E1D63427A516D426D387B42936683422E
:10F8500093A7894291A59042FB5A9742805B9D42B3
:10F86000947CA34211C7A9422570AF4220B1B64291
:10F870003AA4BC420C08C3425BCA243E483D5140F6
:10F88000199CBD4046891A4139F34941CBAE7741B5
:10F8900098919441D64CB2414B33C84177C4DF4173
:10F8A000796AFA419F630A4251B1164259F42342E0
:10F8B00066243042CB4A3C4295A54942C32F55426B
:10F8C0004C816242CC006F4282D47A42C7E08342CC
:10F8D000843A8A422F739042E614974265099D420A
:10F8E0004D57A3421BB7A942C8A1AF42812BB642D4
:10F8F000B5ACBC424CDDC24298EFD43C43BF604043
:10F900002A69CD4043E516411A1F504173027741E1
:10F91000A443954177FFAF418FBAC841BC52E14142
:10F92000D619FA4195C50A429A0D1642E389234237
:10F930006CF52F4269C73C42EBAD4942D2A2554219
:10F940006C346242A7936E42FF577B42F0E88342D9
:10F950008F688A4204889042557196428FEB9C4290
:10F960004E3DA3429D6BA9428CD9AF42C911B6420C
:10F97000DD8ABC4288C5C24268339F3CD6F8484005
:10F980002618BC40128417416DDE4D41CFFE7941EF
:10F99000EDB496419366AF415208C84199A4E7413E
:10F9A000AA6DFD41D8BF0A425D6C1642C69A234239
:10F9B0003A993042DBD13D42F7F046420D6F574253
:10F9C000C8D05F425757704255267942A49A854263
:10F9D000F9F18A421ED890429EA49642D8639C4276
:10F9E000A4B0A342A72FAA42E0A5AF426B14B7422E
:10F9F0005780BB42E73BC342CEADA4BD15E64240B3
:10FA0000D7B1C9407235174139844841A1277C419B
:10FA100074E596417630B041A837C941D0FEE14146
:10FA2000BD1EFB41E6380A42169E1642C25B2342C7
:10FA30007BD82F4254883C4290154942F8D6554213
:10FA4000CDFB614286D36E42AE437B42FAF38342E2
:10FA5000DD3F8A42AF8C904217B49642C1109D425E
:10FA60004472A342C6B7A942E0D4AF42032CB642C7
:10FA7000408ABC4291A5C242C93C12BE01A84B407B
:10FA8000491EC34040721341C0054E419B5A8241FA
:10FA90007CC79B41A4AEB041E542C641A5EFE2411F
:10FAA000A90CFD4125AF0A42050D16421C1924423E
:10FAB0007ABE3042DE793C425851474227C6554211
:10FAC00084C161427E366D428E037D42059584423B
:10FAD00079C38A425B009042B37097428EA89D42E0
:10FAE000986FA342C57CA94232A9AF42FA34B6420C
:10FAF0001192BC42AB01C34267633EBD22934C40AE
:10FB00008ADBC84099FC1541C343494108E57C4163
:10FB10002C07974158E6AF418E3DC9416B9CE241AD
:10FB200005F0FA4113320A42A4DD16421F67234250
:10FB3000DBF52F42C7933C4249334942406B554263
:10FB4000C722624255946E4278807B4215E9834217
:10FB500023268A42DD89904274C09642E8109D4275
:10FB6000DF42A34250CAA94239E9AF42F937B6424F
:10FB7000466DBC4281E7C2422FE6F33C28EC484088
:10FB8000C3DDCA407998164157CA48410B227C41CF
:10FB9000FC9C9641DCCAAF41AA11C9414FEFE1413B
:10FBA000EBFEFA4195230A42440E1742584E234277
:10FBB00086D12F42E3AA3C4268234942CCB9554240
:10FBC0000236624270DE6E429D6A7B42ACE783423F
:10FBD0005B398A42F855904264C09642A0329D42F9
:10FBE000B55FA342CA87A9421DFBAF42051AB642C0
:10FBF000188DBC4266D9C2427B4E2D3DA4694C4053
:10FC0000A9CEC84070781541FB514A4157FD7A4151
:10FC1000B1FD964152F9B041C4B5C8412FFBE04156
:10FC2000A7AFFC41CC740A4221AF1642F49823429C
:10FC30000115304231E53B42AD244942314F554236
:10FC40004A2862429A276F423FB77B42BA218442D8
:10FC500045768A424785904224CF9642CD459D42C3
:10FC60008054A34204A1A942F0B5AF42D115B642D7
:10FC70001D8FBC4211F0C242B8BC263E84066640CD
:10FC8000AE17BD40DA6518419A774441E5BB74412F
:10FC9000F4E4964145E0AA415325C7411155E2419C
:10FCA000E1A0F841FE3B094209D91642A89B234234
:10FCB000C76D2F42F4423C42E73D4B42403756422B
:10FCC0009A856042CB957042CF247B42601F83426D
:10FCD000D6488A42F6349042806F97425C359D4206
:10FCE000D832A342C76FA942C19BAF4251ABB642C3
:10FCF000A809BD4239CCC3428653ED3E75A94540A3
:10FD00004972CC407DD710416E11424199518241D8
:10FD100037D19C41211AB6418AFAC141D3A5E241AB
:10FD200064D7FA41E2C20C420AE6134273D1274279
:10FD300039222E42E895384295584942D0B9554269
:10FD4000D71E6042ABCB6F42D4817C4235338442B4
:10FD5000E153894270AB90423FDF954214079D42C8
:10FD60000FF9A3428EE8A742459AB04238E6B64260
:10FD70009036BC42EEE2C24282EEE0BCD95B474024
:10FD8000AD03CA40B721194172BA494196B27A41CE
:10FD900048D696417BD9AF41E971CA41FCC9E141DE
:10FDA00039D4FA4135110A423EA51642428C23420B
:10FDB00042BB2F42F7963C42002A494203BB5542C0
:10FDC000B0B261423D7D6E42823D7B4228FB834260
:10FDD00045298A42BC58904288069742FD3B9D4285
:10FDE000618CA3429470A9422CE5AF421319B6422C
:10FDF0006585BC4294DEC242743DE5BAA27C4440B3
:10FE00008BCEC740378D1E41066742419A107D4117
:10FE100098D39641D228B441FFCACA414E1DE3414E
:10FE20007A9AFC41C5660842C3AE17427FB42142AC
:10FE30008C3E324221683A4233D3484231585542CF
:10FE400018416142AB596F42200B7B42B04684425D
:10FE5000B9DB89422C2890424A809742F72B9C427A
:10FE6000EB6BA342DDACA842F6A3AF42F9F5B54275
:10FE70006357BD423EC9C24224FC8DBD73785440D5
:10FE8000830FCA4076DB13416D3643419D247C418C
:10FE900058FE97411882AF417FC4C841AD99E141F6
:10FEA000826FFC41625F0A42AA161742BE032242D9
:10FEB000C55E2F4220863C42C1E848422BF45442A2
:10FEC000AFA161424FC16F425F5D7A4213758342B9
:10FED000BA808A42F98390420EDE964264F99C42CF
:10FEE000740BA3424CAEA942A3D7AF427B0DB642DE
:10FEF000B19ABC4271FEC2423373913CB0A34C40F4
:10FF000028DCC5400101144177D04341F5608041B0
:10FF100050159741DFC1AC41C54AC841B49CE2418C
:10FF20004CEBFD419E110A421C9D1642BC97234298
:10FF30000F8C30424B753C42597F484263255542F5
:10FF400098E5634207D86C42479F7C42293484423B
:10FF500012F88942492B9142A6FA9542EB7B9D42C9
:10FF6000B6D4A342CF0EAA424E95B04200EDB542A0
:10FF7000DBF3BB429D72C242C766F83CB1C244404B
:10FF800074A5C640FAF01441B5894741F42478417C
:10FF900019C29341FB73AF410116CA4146A7E04124
:10FFA000C422FA418FF40942E2BD1642C8892342B5
:10FFB00070C22F42A3CA3C4267A24842748955428C
:10FFC0008D62624227A76F42CBAA7B42D5F3834260
:10FFD0003A558A421CD790429FD996420D119D42B4
:10FFE000386AA3426ACAA942EBE5AF42DA24B642B4
:10FFF000A147BC423DA3C242A5A4F8BCDDB4494020
:02000004F00505
:100000009861CE406862194144BD49412CFB7B4157
:10001000B5D69A41F547B1415B4CC9417F19E241E0
:10002000B963F84108EF0A42905F17425DBA244273
:1000300050372F4230583C422DB04842F63255429C
:1000400087CA6242A9026D421E927A42A7F7834292
:1000500022D489422A349042F8F59642360D9D42C8
:100060007A8BA342D884A942550EB042491AB642AF
:100070004BC7BC4276ECC24288936FBC931650408B
:10008000157CC84066B81541C2A44841C23A7A41BD
:100090001CBD9741D450B041124EC941468DE1413B
:1000A0005BDAFA41107B0A4251E71642A2882342EA
:1000B000D208304255933C42F53249424F8B55426B
:1000C000AE7A6242E3F66E428D597B4230ED834256
:1000D000D0378A424B7590422CE796421F219D42B1
:1000E0000667A342BEA5A94244F0AF422713B64219
:1000F000D07ABC4220CEC242A53E4FBDFF1C484034
:10010000A386C140B8E316412E554C4185AC7741DA
:10011000C90796413089AF41B93BC8413529E14112
:10012000AB11FC412D8A0A42F5861642B066244284
:100130007B523142AED53C42943149425B975542A5
:10014000770E6142F65C6E423FDB7B426A4F834230
:100150009AEC8942003D9042EFB2974286AC9C42B5
:10016000419DA24205E9A8425E75B042B6CFB642B3
:10017000FB0CBC42EA97C242791E0CBC995F50400E
:10018000858ABD405EB31B41CB95464114DE7C4160
:1001900061BF9741002FB141AFBDC74198C0E14158
:1001A0004C8FFB41A99E0A42972F174218A4234265
:1001B000BA4A3042107F3C4282D7484206A8554294
:1001C0007305624224656E423F5E7B428B17844218
:1001D000531F8A42747890424202974263089D42BC
:1001E000E271A342DEAEA94256CEAF429134B6428E
:1001F000C780BC428306C34228429ABD86F44E4063
:10020000FBD5C9407B2D1841302049412EAC7D41A2
:100210003515974151C7AF419662C8413FD7E2417A
:10022000A50EFB41F9240A42CCA71642BBBD2342CE
:10023000E3F72F421BAA3C427C2E49427686554268
:10024000347F624230FB6E4253287B42B81D8442A9
:1002500027238A422970904214C79642F9249D426E
:10026000DB4CA3420790A942DBD6AF422B47B642F4
:10027000D895BC4295D7C2420BE0F03C1A2D3D40C8
:100280005D4DD84025A61941CDB34641215A7C4148
:10029000ABFF93417850B04121D8C64164F6DE41AE
:1002A00080D8FB41DAD10B4210271742CD292242D8
:1002B000F9F32F423B863D427F5B47422F60564217
:1002C000D91161428F5D6E42EC6B7D4259E08442F0
:1002D0000B3D8A4202A190429D2C96423DBE9C421B
:1002E0002FD1A3428F85A9421A63B042968BB542A3
:1002F000A5ACBC420E01C24285AB933C7589484017
:1003000020FEC8402ACE16412A0D4941BA527B41EF
:1003100076CC964155EDAF41C30FC941CF31E24193
:10032000DF53FB41C53A0A4208CC1642E45C234243
:10033000DFED2F42EE7E3C42E40F4942E0A0554201
:10034000CC316242D0C26E42E7537B4252F28342CA
:10035000F03A8A4262839042E2CB964264149D4214
:10036000E25CA34262A5A942DCEDAF425D36B64233
:10037000D27EBC425BC7C242FF1C9F3A2D3935403A
:100380006599C740E0C01641C2334B4166A07C412D
:10039000FB3E9741F751AE4166A6C841D658E241AF
:1003A000C5A8FA41CF090B4212D91542490C234284
:1003B00067922F42E7F63C426BD648428222554272
:1003C000818D6242A6926F42F9BF7B424F3F8442C9
:1003D0001C608A42B53D9042302A9742BB169D422E
:1003E000678CA3420EABA942BF4FB042866DB642A6
:1003F0000FEDBB42DF81C242FBD415BC80334740C6
:100400006DFBC640EA181641461E49413E6D7F41CC
:10041000FDEA944172FDAF418B75C841D8CCE041F3
:100420000E8FFA41F2FD0942F4B91642453D2342CE
:10043000808D3042DB823C42072F4942579855421B
:100440004F9A61421BEF6F4262167B42EDB78342C7
:1004500025928A42BB989142121C9642A9859D42E0
:10046000EB87A2428498A94263FEAF421C79B64250
:10047000C696BC42F0C0C2424B9C5F3462683940B1
:100480007790C74038831241F52E4941627A7C410A
:10049000CE4199412988AE410363CC413975E14190
:1004A000DAF7F741E7120A4224FB1742D507244244
:1004B0007D222F420B8E3C42501F4C42A6B7564223
:1004C000A17B6042E5A56D42A2127B42F8FB83420C
:1004D0007FE78A42D0369142E47D964206649C4290
:1004E000DFD5A342BAC3A842A82CB042E242B6422A
:1004F000DEEDBD42D487C2424F7B223DA5D84940A4
:1005000076E7C7404CA71641FF6C48418F227A41DD
:10051000CECC9541FD7DB0410D31C941AD59E2418F
:100520005D3FF9411F5D0A425A371842D4D6234233
:10053000C1A92F429D2B3C42037148423C70564258
:100540005FE76242028F6F42B79D7C428FC9834250
:10055000C1648A42DEE6904281D3964238359D429C
:100560007C9EA342D8B9A942AD42B04202FCB5423A
:10057000CE9ABC42B0F8C242E66981BFEB56CABF10
:10058000F8328F3FAF821EBF4ECFA9BFA04B093FAD
:100590001080BFBED069A33E318E08BF5CDB583EE1
:1005A000CB67C7BF892FAF3EB7021C3F28BD52BEE5
:1005B000E09936BFAA2249BF336EBF3FE2A2333F64
:1005C0008973CEBE0AE9AF3D7A6F90BFCFA9B03C28
:1005D0002F3BB5BFB5CC36BF3F07073F09478A3F22
:1005E000FF07CBBE713BA03E7939BABC915E0CBE11
:1005F0000C7F133F4D3EF9BEBDCC32BF1D8945BFB8
:100600007ED85D3FB9D628BF71000C3F2020ACBD1D
:100610004C6D96BF0DBFACBF18E880BF344329BFF7
:10062000EB303E3F166F8CBFE5B190BF4A1F0CBE4A
:100630005062F7BDCE4E893FC4956C3D260157BF31
:100640005DFA37BF0A6406BE7423BDBDEEE9353DD1
:10065000E6DC5DBF7972B03DFA1E3DBFA6D1ADBFED
:1006600059F5883E30C233BF8704353EAB65B6BE10
:10067000CC51863EB477A93E56E0D4BE00F0953FFB
:1006800023FE833ED165383D416A193F2089A6BECD
:10069000E69F26BF138245BBF109093DF68B37BFA4
:1006A000350BB0BE5B1ABEBEB7C460BE69A6403F84
:1006B00076AB17BFBE308BBEE41F2CBEAAC7AA3DC7
:1006C0000BA034BED25F83BF8C5A053F2DF6B73FD7
:1006D000BAEDA0BE62D6413E39F3D6BFB09B5E3FB5
:1006E000CF5847BF51FF5B3EC664B2BE388FF73F5D
:1006F000B98AB13F248486BEDEFB3F3EA028C23EBD
:100700000C333C3F27DF3FBFFA4A1EBF14D5893F59
:1007100090E6EEBE1C21773F3EF07B3FB5C6F1BFB1
:10072000E4BB293F537CC33F7798A4BFD239B7BEFF
:100730001A373EBECFB4C33FA28EDABFBEF8E73F42
:1007400083C1363FF887263EC961773FD10109BE94
:10075000BC0462BEFDEBC2BD776403C04BB698BF5C
:100760001A99833FE639B1BF22ABDE3F7C550C3F7F
:100770000EB8A53F00B248C0639B28BE4B479CBF44
:1007800095EAD3BF5FB22CBEC07E0ABF00E1C73D71
:100790005701C23D0BA65ABF85B9383E8B0BA8BE88
:1007A00058D9A3BE0083313EC270303F6FDA63BFB9
:1007B0002275963F6AF54BBF30AA983E44FD3ABE7B
:1007C000684ED43DF14BE03E43F4E5BE845DBDBED2
:1007D000F3AD9FBE8CB9C2BE0C842ABFAD6AC0BB4C
:1007E0007BA4363FE5734BBC667F37BE547727BF8B
:1007F0002E66943C97B81EBF43E28ABE3E8CCFBDA6
:1008000070F4A5BF0D2818BEBD59D63C76B888BE79
:100810000EF1393FB94456BF51E85CBF4AE587BE87
:1008200004B0CDBFF00FC33DFFB5E33E46348D3E6F
:10083000EE44403F02DEB93FE687C1BCD550613F80
:1008400070488E3EEF55D53E5B0D80BF57B3433F9A
:10085000E7FE40BF440289BE17D450BFA44C22BF5C
:10086000B0B599BFCAFFEABD5BE407BFBA105D3EF1
:1008700073F2233EBAD86A3F436843BF8D64653E36
:10088000C0CD31BEA6CF133D7655473EEBC8D0BE96
:100890008DD751BFD54A36BF091C77BFC910863FD7
:1008A0008B0170BF3276013F3AB75ABF5BFEB23F51
:1008B00048AF5EBEBEC37D3FAB2A5A3FB6C38DBFB5
:1008C000E63C15BEFB5169BD2D600F3ED494623EDF
:1008D0004CF194BF659AB0BE9F09A23EBB9E37BF44
:1008E000A21E863E82D27DBFFBDC4F3F605B483F4D
:1008F000A8BE06BFAEC32DBE1FDC743F0617843FE3
:10090000E2360840FFD436BF9C2213BFAB0B043F36
:10091000C2EBA1BEC3683C3F4D07343E8A0F0D3E7B
:1009200017451E3F6DD21EBEDC5591BD458F29BEB9
:10093000B7C8B53D6DB7193F35643ABFC7C3623F0D
:100940008CBAC03E4F156BBF255F67BF108681BE56
:10095000CD8C10BFBBFD9DBEDE3391BF32C8643E5F
:10096000DE92C13E9EF9BF3ED308923F50DE463E26
:1009700096E004BF6EDC233F65C0D93DAF51C33E56
:10098000475DB13F16BEB63EA2187FBFBE7184BEA2
:10099000AA98C9BFFC9D1C3F21E38FBF115FAB3CF0
:1009A0003AD9133F19DC1CBB489578BFBA5F363F74
:1009B000BC150BC0646DC33E0AD421BF8A4DA23E54
:1009C000F20034BF51D0B6BEF10EC53E6A6AAEBE6B
:1009D0009E0AF2BE819F43BF6C609A3E8CAF5FBFA0
:1009E0001CDFE33E74B607BF4924B53E09BD803E17
:1009F0009279E83E03D1FF3E83B0E1BDECCFF0BE7B
:100A0000AB4807BFC198E53E77B355BE2590B23FCE
:100A10006F22A43E82B6663FA55A763F32FE80BF63
:100A2000E3BD2DBF2D6FD33E086B213E90BA823FB0
:100A30004710D23E19D7B53FDC4F44BF0BC3A5BF0B
:100A4000642517BEF04520BF6ABC723D085482BFC2
:100A50003B739DBE87F51CC087B0623F3906BEBDA3
:100A6000B29BCD3EB42B54BF2FD6643F1582CCBE73
:100A70003B2CEFBDB778443FB616C3BED80A3F3F04
:100A8000A633D43E9BD28ABFD61E593F9B04C6BE16
:100A900034ED6D3F9F367CBF48D4FC3FB1BE8DBF67
:100AA000F5E5673F46E6C0BE0D45F13E5553F8BE3D
:100AB0002C3E3DBF2B1B91BFA9B51D3EBAEE273E74
:100AC000A9FF3FBFB52EAF3EE7ACD33E9D3E91BFE1
:100AD0000D1EC3BBA86E483FB476573F8E9884BFA7
:100AE0007205853F499A673FF1E9DE3E15A39EBE38
:100AF000048A9EBF73690CBFC093123F85DC72BF2E
:100B0000023D56BF280566BD2F274ABFF1EE2E3F96
:100B100093B619BF254078BE385985BBC0B9C9BF47
:100B2000D372083FA0133DBE65B74FBF5D6B2C3F2E
:100B30001F50D7BF9094F4BDC2E999BD9A83943FEA
:100B4000C74C1A40BE441B3EE056583F5723253E33
:100B50002F95873E2B7C9C3F8DF3FFBFD676F13ED1
:100B60007181743E9D3361BFDD2B863F1729C53EE1
:100B7000B49260BEF221CD3E03BD023E4D701C3EDC
:100B80001F5014BF2DA1BC3E9DBB753F3C310A3F99
:100B900018422F3E095149BEB29370BEA5888ABF44
:100BA00096B11B3F3A0A873ED7D312BF76B9C53EEE
:100BB0002E2625BDC5055EBF9436AE3C090A5EBE35
:100BC00064F46DBECE2E68BE678E0EBF34BA98BA7E
:100BD00097D8993EE50F84BFF7CA6D3CAB17C13E6D
:100BE0008B38DC3DDA73713E37648A3FF1A258BF1F
:100BF00097BE98BE7C3553BE214765BDBA583EBFEF
:100C0000659201BF04E2153ED77A25BE410BAFBF06
:100C10000AA4963DC65AAEBE48C7E2BE477A30BD6A
:100C2000640AA1BF19714C3FFD5256BD7DDB7BBFED
:100C300044932C3FCD38BEBEAD3DF3BE020D0940FE
:100C40002360ECBEB5FC423FDD77C2BF987891BE11
:100C5000E1DC7F3FBA6BA33F04A831BF2E20A7BCC5
:100C60007AC4EF3E31C1D53E9D0915BF57CECCBEEB
:100C700000F0AABFBEAF903F8A7A42BF23A602BF50
:100C800069BF8F3D961859BE3BBE84BDF10FA1BE12
:100C9000395341BDCB207F3E705136BFA114EE3D8C
:100CA0005646E1BE75392A3EC3ECD13E6713723E0B
:100CB00002001CBFFB95DF3D3A296ABF1DC241BF40
:100CC000D2016A3EE4CE11BF3A79723FD5489CBD4D
:100CD0000279CBBE0541AA3F898526BF9E2EFCBD69
:100CE000099F55BFAFF297BE96B7273E3403AABE01
:100CF000ABEDDB3ED094283F8263853E244F74BF2A
:100D0000456BD6BF385E6ABF54EDD23E5CB2213E21
:100D1000218703C045C880BD0ED852BF48D6DC3EEF
:100D20003C098FBD6B25D03DA0F3A3BE236E0DBF44
:100D3000B862ED3E8EE507BE6BB8A33F383D653F18
:100D40007660243FEA2721BD8EE3483F8837AB3EDB
:100D50002DCC39BF6FCE873F61970CBD19050CBDF7
:100D60000BC99B3B3CF3163E606223BF775BB53FEC
:100D7000C5835D3D2369A1BE8889513EDCC09BBF10
:100D80009E34A5BFBBA7CCBE96615C3F2D2D9BBEFC
:100D9000201881BF489DCD3F6DC36D3F3D00A6BE6D
:100DA00079C875BF353B03BF3A94543E02EE4EBF3F
:100DB000C5F158BFF14F10BF13A33FBE351859BF3F
:100DC0009DB01D3FDE501A3E958A6E3DCB0D0BBF88
:100DD000E8ECAABEFE78633D0F4CE8BE199962BFED
:100DE00031BADA3E8E03C93B62C3833A737C4ABE92
:100DF0005005A13E7BF7A1BEBA7E1C3FC99A57BEE3
:100E0000CF9A68BFFA554CBF2D8CDF3EEBB6523EF1
:100E10004D2F33BF1F5A083EDA7BF93E369EAFBED8
:100E2000F978C8BD4DA79BBE16DD44BF3A0213BF7B
:100E300066388C3E9094BBBFFF118D3FB44551BEC8
:100E4000DA2581BF657160BF3D2F803FFD71A13FF5
:100E5000F626383E63B1233F1381EB3FDCD9B6BDA4
:100E600034183DBFC2E5193E4B23B0BE80F9CC3EDD
:100E70005AC1B7BDA62C363E1D5AEABE4BF2A9BEDA
:100E8000C37BC13EFB2E463F4EFF76BF58D635BDD5
:100E900076D5E5BC5F991F3F920C4ABF1BAE853EDD
:100EA00085D7A1BEF45509BF5062C23E3540793E98
:100EB000367826BFA8601BBE8F0B57BEFC439D3EF5
:100EC000885B25BE08F8933E5BE18FBE645F993F67
:100ED000FE61023F7E7792BB8629453FBAFA693EA2
:100EE0007453EE3C7DD94D3FDDC8AABDFC9B54BF79
:100EF0003D842F3E6A5D8C3FA2A97EBF2BF64EBF7C
:100F0000EE5618BF0E0F54BFE3EF87BF738BF4BECE
:100F10004C72443EBB1DD53E8523AD3F4B7DB13E5B
:100F2000385E9A3F1EAE673DD863923DC7C32FBE61
:100F3000D4DA11BED23B81BF0DF5FDBE35E2CB3E0A
:100F4000A75CB23E6712823E1E09163F3B312F3F1F
:100F500082AB21BF20BB08BF666259BEE22A85BFB3
:100F600046E2913E785D233F8856AEBFB67977BFA3
:100F7000B7329A3F269385BEE0F6BEBF7A0EB43FE5
:100F80008D610ABE77E01BBFFF7C10BF4FCD293FAC
:100F90008A93A53ED0B2793F65B25EBF0FD2EF3ED5
:100FA000ADF0A03D2A6847BF74D903BE22E131BF2E
:100FB00008C9D53EAE5F9CBF4FC4643FD38BDD3EB6
:100FC00099E816BFD6D94ABF73A7103FA4CD5CBE1F
:100FD000D538523F62CF9FBD9D47A1BF744C2BBEF9
:100FE00004BFCF3F0F9E6DBB88406F3F2534033F4A
:100FF0005FECE23F5C33533FAE3DCFBF087C483EE1
:101000005996A83E391B96BD5713913FFE35A43E15
:10101000EFD4003F16C13CBFB11EF2BE54C918BF89
:101020007FBD8B3C6D30093EA27ABC3E47F997BE2E
:1010300040EC893E10E99BBFF756A03E392F623F36
:1010400038B6DBBD41CA34BE589A29BE2795F93E51
:10105000B85FEB3EBAA8BF3F4F1921BF425EEC3DDF
:10106000A7CDB8BFCFC30FBF445C69BEC642633FC4
:101070008A10F8BE1E2B633F92B8943B938A63BFDD
:1010800085B4223E7331D0BEFAA33EBF1A03253F7A
:10109000D327A9BE621299BFEADF093F9BA30B3F8A
:1010A00079115CBC2F8C21BEC3599FBED53C853EB7
:1010B000C4238D3F2833A1BF898C0D3F9CF406BF0C
:1010C000C4B395BFE9987C3F3867123D97CFF9BB11
:1010D0007BDFABBE36E0563F1A709C3E26F50D3FD7
:1010E0007549FB3C6AB226BE84A7903DC8D1014039
:1010F0007178CF3FA1CC2C3F6E4F1F3FC2A6A83FB7
:1011000040359ABE1B0A01401FF7493F7B4883BE0A
:10111000805894BF239EB1BF0EB833BDD8F1223F93
:10112000A33E6ABF8009E1BEFB2CD8BD6CB7423E2E
:101130009572A1BF4838D83CD5A43BBFF9600540A3
:10114000EA0822BF077A553FBF6728BEF75918BE85
:101150000C0761BEF0C4463FF6CE65BFC99AA23FF8
:101160006818D0BE158FA53FCD898F3F5147BE3E31
:10117000CD1D1BBD9B31ABBE199959BF4D82723E2F
:101180008960F33F3C3A2A3F031B7CBF17B0A83E5F
:10119000388C363F4CE2B03DBA95A23F5B85C23EEB
:1011A0007E44A73E8862F73E905E8D3F612F35BF3B
:1011B000A32394BFF5EEA43E25BD9BBED8EE8ABF07
:1011C0004A57003F65D2813E6C20253D7198C7BFCC
:1011D0008B1FD53E9CEE663EA772DABE0687333E75
:1011E000646E713FB194333FF796033F9972C0BF6D
:1011F000A6F643BEED8CB13FB39F26BFEF5001C0B2
:10120000D88112BE7503C03DDA528FBF42258EBF12
:1012100079672EBFFA1D60BE6E7D933D814D453DC1
:10122000E7DDF93C4D7CA63EBAE2D6BB6754D3BE9F
:10123000101E28BF5D27043F3A83CABFD6B9BCBE83
:101240004215AE3FDD6B29BF4549FA3CE849803E77
:101250007590483EFBB6D53EEAB9AD3FB51E123F8C
:10126000B3CCA23E8310A83FBF5003BFD4A2113D10
:10127000B09521BF519F863FA104A2BED340C03F7D
:10128000E188C7BE1CD4AA3F478A0C3EB7874F3EB1
:10129000C275C73F969DE93F6B2102BF5C7D963FBB
:1012A0000FA7943FFD6DDBBE4A0BF5BDCC8693BF07
:1012B000450F9D3E007A74BE4AC9ADBEE8700EBFB0
:1012C000A5D467BFE447D03C257D2E3FFC1D9B3F46
:1012D000A706443E1D61AE3F211B01BFB77D0EBF77
:1012E000623F1FBFDFA3B1BE517A23BFFAAA323DCE
:1012F000E918913F7C03AFBE5E15E83E4F2E893F53
:10130000289801C068038ABF64B68DBFB78E50BFEE
:10131000181A453D2427B6BD89577D3F8919233FBB
:10132000687F813FAA3812BF6EB2223F28AB4E3F82
:10133000F977ACBEF314B23F654E84BC995510BF2B
:101340004CCDF33B48DB1BBF884C7A3F94F4233FE2
:10135000EC66763F7C4C2CBFE8E8433F46253FBF18
:10136000237C3CBF90DBC2BE730DA7BD91021E3F24
:10137000A1BE9BBF564E87BF2453F93D6E7FDCBE96
:10138000FD090BBFA3D835BE5A86843F71A37A3FAF
:1013900079741A3E4D3AB83EC922823EE2E9B7BF9F
:1013A0004047B4BE0363043FB28A033D74B3433F76
:1013B000EF718ABE5653AFBF57E2A9BFCA05F0BF4F
:1013C0000E6E253F74EBF13E462327BF3972553E22
:1013D000426D2F3EAE15703F99F174BF86ADCEBE03
:1013E0006FBC9EBFC7B06F3F977144BEFE57BC3EF7
:1013F000972C76BD92BA243E95C289BF1C3FB23E5F
:101400000C63CBBD60C6CA3E11A8D93F852B413EB7
:101410008B518EBC6E9AE83E58E2223DC72BD0BE5F
:10142000D4B8F7BDC15149BD07F932BFA82EC13F9D
:10143000736F853EEF78103F8AF7973FFA8821BE99
:10144000F670553F76D3EC3E9CFFFE3C5BA151BF4E
:10145000DB3D85BE106F503FDE4E463D8BFC55BFD9
:101460008393173F24B3FFBE5977353EE291183F6F
:101470006F00A6BF5EC97C3F8BBDA6BF52343D3E08
:101480005991B1BCB48549BFC57E71BE45628ABE63
:1014900048D5653FFA1C803EE9A24E3EFE9534BF1A
:1014A000C42180BFF3A33E3FBC6C23BFD9F7F5BE78
:1014B000D990A3BE792BC23ECE2987BEE886363EA0
:1014C000D53069BDF52C9C3F52493DBF1146D3BE76
:1014D000B2AD51BF5E6ECDBF0F93A33E9366233F67
:1014E000184D6DBD91A8E13E3546B13F6ACB034032
:1014F00099268CBADEF806C0BA837B3FAE28243F1B
:10150000F53D683F67338E3E7A05AB3F6AFE8ABF82
:10151000D2BBB3BEC3BC49BF89E0F5BF7974BDBEC1
:10152000128F5B3F68196E3F204B13BF8CE0CFBF1B
:101530003F9DA33FC68DB2BF53909F3F956CB53D75
:1015400020D2DD3CDE19AEBD015CAD3F2E09E73E89
:10155000D2AE7B3FEFEF8F3EAB9305BF60008EBFF7
:10156000FB902BBF4219A1BE00D714BEA0B4B63F5A
:101570001F9D1EBF82CBF33F72891DBFA4CE243FA7
:101580008A190D3FCF79DBBE11ACD43EC9618C3EC8
:101590006578B6BEFCA6CCBCA248183E93FC503E73
:1015A000CA9238BD572CEABF220D2EBEB0B488BFF8
:1015B0008725783E9C67BCBF3957953F946E9FBF87
:1015C0006D170ABF7450B93EFD3D71BFD984BA3E54
:1015D000682DC4BF640523BF500BC8BE1751BABEE7
:1015E0004A26CA3E10787ABFC366CE3FFA18343F07
:1015F00011C916BE3786223FA1C41BC010B6CA3F10
:1016000034E19E3E1F5AF3BED04662BF95D168BFFB
:10161000F8BCA1BEB855F83D4083D23D9C16EABF48
:101620000C53923E18311C3FE73004BF0E43803FFD
:10163000FE45843F9A54D8BE3B04BFBEE474373D98
:10164000534A0BBFB3F5173D284E8E3F7123BABEE8
:101650006F8AC4BEC2E9FBBDF72A8E3FD46AA7BF1A
:10166000DC9858BFF7BC213FFB19C9BE6DBA9E3D3F
:10167000B408483FFC8547BE1994933F37C8943E51
:10168000EB85903FFD05493D5F05053EE025C73DE3
:101690002D25F3BF3704143FE186E4BE059C073EC9
:1016A000729E5A3D509AEB3E563F993D36C6A23D3A
:1016B0009B9B2ABFF40B81BE7D3EAF3ED03CEE3EED
:1016C000E09919BF43954C3F544AA3BF56F9CFBE8A
:1016D0000274913E4419DA3DCBC1A1BFB7873DBF2B
:1016E0005AAF09BF606471BF32C387BEAB62EE3EC2
:1016F0005FEE51BF37B85B3EE5381CBFACCFBABE1A
:10170000F5A7223EA706253F09939D3F2A6E4DBFB0
:10171000FCD2883E69F7663F5A3092BE21B0283F1E
:10172000540EB03B759CBD3D42BBC6BEE2B3AEBEDF
:10173000F86FD13E5E42893BEAB9BD3ED7F9FEBEA5
:1017400080B613BF0298813F011D15BE931F823FD3
:101750001816E4BEC604023F164F20BF5998773FC3
:101760005A2F8D3F74BF443FBEA1243F60DF65BF49
:101770007D3B513FF6E861BED9DE653F3519013F3B
:10178000CCB60A3FBA8B163FC842973CCDD9653DCF
:1017900068BEA4BE693885BEC8D7673FE75684BE19
:1017A00046B38D3F1CEE9F3E2F69CB3E0E50A1BF2E
:1017B0000036B6BDAA1456BF4B52A9BE615D5B3F51
:1017C000009A3D3FA016473F88BBCB3E2E85EA3EA0
:1017D0003B82953EDFBFF2BE3AF4233EEB0844BFA6
:1017E0008D60CC3EF6A3A9BF24D02BBEBD3B5CBD13
:1017F0001A62393FF738283E83E189BF157A9EBEC9
:101800007D81C23E36F3B93E789CD3BEBC689DBF95
:10181000615DF63C0B578B3DD9EDACBD76278E3F15
:101820002AD193BE222C6F3EF64716BF0663063EB2
:10183000F8838ABE8869CEBE83C1B83E48DCA3BFA8
:10184000109FEB3E9CE3813EEF760B3F3E28993E96
:10185000260F913FC5BBA03EA24734BD0D66023F97
:1018600098EDF8BDA1325DBF082E10BE6E2EE13E90
:10187000A689C53E52649D3F993439BEAD26073FC7
:10188000F36F153E48667EBE3BD5823FADA82E3E27
:101890001E0F363E0F5F06BC62377FBDBF7ECFBDD9
:1018A0005FA0833D171D91BE8E38D2BD7F606ABF99
:1018B000B39354BF0B830C3F4A8FFD3D8AA2693F0F
:1018C000F16494BF2229363F1235F8BE2806983FAE
:1018D00077366D3E860785BE79ABB93FD4C211BF5E
:1018E000FFF2933FEAA4573DEFB65C3E11E1CABF59
:1018F000B37A413FB4FD90BD460DF53DCF79B73F7A
:10190000358E25BFABA8A5BFB877A5BD7EA35FBFA9
:1019100053F2FABE2FE8883E10F4143F1E068A3FA9
:1019200005EB72BF8B7D41BF73F315BE77261E3F5B
:101930006A041ABFD219123E4BFBF2BD8167843E86
:10194000015193BE12CC60BFA14C2BBFF53496BFA2
:10195000AA256FBFC4F7A3BF274ED7BE2CAA93BE3C
:101960004EC850BFAD73A73E6192EA3D1C019EBEBA
:10197000E54A933E1216AC3E629DA5BF55E0E7BF17
:1019800087D3973E71BC06BFA44800BE7597073F3A
:10199000DC44083F47595A3E198A103FE016D5BD2E
:1019A0008CC3C03ECC3FEF3E73BD93BFF624A9BFAE
:1019B0001D715EBE2805D9BC2AC326BF91550BBF39
:1019C0004AA3523FE49A9BBF749FF03EB7B3F0BF67
:1019D00002C6FF3E7E8C073F9EA0B6BEB55146BFF5
:1019E0001683783FA9A2BDBDE7849CBE47E55C3F56
:1019F0007B61DC3EC9A5AEBE081E2F3F73C8B63D55
:101A0000D71A87BFAC1F39BF8743A4BE18A5683E4D
:101A100040E4B6BD7BD23ABF02577ABF750591BF8D
:101A2000296F95BFB0FEE93EA899843F00DEFFBE56
:101A3000CFF50F3FD4136ABE748C153F80A0353E9E
:101A400030D8B43F93E7FABE1A23323F419645BFE0
:101A50001E667BBFF71C603F27327B3F765B88BFEB
:101A6000C3AB8E3F35274D3E23BF443F89BC853FE6
:101A70006E76283FFECE29BF739230400909DEBC46
:101A80007D838F3FABD436BF98689D3E07E70FBF7D
:101A90004C03773EA499A5BF8B2CD33F5B97883F1F
:101AA000A272A93FF488E73E4DF0B6BED4F6203FBF
:101AB00097A4813F9A1243BF039617BFA96A1D3F9F
:101AC000667749BF31402A3F04F8F3BEA3EBC5BF98
:101AD0009E60B73E8C5E8A3FF7D0923F1C4ED23E4E
:101AE000E1C4803F87F50B3FCF921CBE891D313F7B
:101AF000A69A803D5E1EADBE3E8427BFD5BCD23EB9
:101B0000E82C1A3E16ED9FBF5E22EF3F383FAFBE76
:101B1000B45D9CBF8EF8B8BE5F8A1EBFDAC80E3EA9
:101B2000F2721B3FE6C2193F2B8BAF3E4F0B693F52
:101B300012A434BF34EDAABED09C93BD3277E1BE6F
:101B4000E82C683D538B943E43B162BF27889ABD11
:101B5000C81153BFB9C853BE9BEF8EBEB7AACCBF46
:101B600078D66F3F7DE1A53E42A34DBEB05041BF48
:101B700030E3CF3F4871203F2C046DBE277FC43F28
:101B80005D44793ECB9D5E3EDE09EF3F4AF74E3B1A
:101B900058094FBF12A382BD45C9193FFD741F3FAD
:101BA0002B8D1D409A73F7BFD1661BBF2F7DA13FC0
:101BB0005E7646BF867712C06AC88E3FB44388BE41
:101BC000DD117F3F2278A13F0424953FEAFE00BE4D
:101BD0009C0E123F6A53953E318D913EF4F915BE2D
:101BE00089BC60BE7FBABF3EA655CA3F68CBF5BD73
:101BF00009A8B33EC1AC89BE31B5AA3D57BC633F0D
:101C0000B9974E3F99932ABE70AC9C3F4F53F23E1A
:101C1000788C183F0980DA3FD54FABBE5C22183F65
:101C20006F727C3F98EEEC3E76C20E3F33D938BDE2
:101C3000E02E0E3FF3A0CA3EFC2BFDBEC5A6383FEA
:101C4000FB538DBFD862553FD4C325401794BDBF09
:101C50003D0F5E3F161BDC3EAC275DBF054496BCC6
:101C600036218D3F8655D03E1BA942BF3202D5BDDD
:101C7000BF5F68BF89F8893E119D763FB7A26E3F6E
:101C80006AC0FEB9C91B9EBF0787FDBEA02DBE3E20
:101C90001E7A02BE58280E3F87075FBDB4A49C3E43
:101CA000912142BE96E0F13CAE8BDF3E0C94753F35
:101CB0007D082ABF2008023E918379BE899D17BE08
:101CC0002F0B83BE7601BF3E8075AE3EAA820CBF4D
:101CD000959ECF3E36093CBFEE55563FBB8CEA3E43
:101CE000878EA83E7EA4943EFA418DBE7E7CA8BE1F
:101CF0005392FDBEE6763D3FFACB673F0B8548BF6A
:101D000050A691BE98DFFEBE2B916FBF94D7FF3EC9
:101D1000E9D8EA3E61F210BF28691D3FE8CE993D3F
:101D2000E23B5C3FE02AA23E930C43BFC1020BBEE4
:101D30009B7D13BF2DEBEA3D4248763FA139033E20
:101D40005CC9EB3D9F615F3F8E29333FAF3B1B3F3B
:101D5000ECD1073FF66BCFBCFABE053D10424E3EBC
:101D60008437AD3E51AB793F07AAF23DCA9CD63FBE
:101D7000B251693F285F8EBF588D093F98A1733FCC
:101D8000B7CD333FF32214BE6FDCDCBF7DC1A83E6C
:101D90008D0D923F2FA19B3F43C8DEBF6A302EBFFF
:101DA0002CABC9BE02524D3F3F7D98BF4B74A03E45
:101DB000684A3ABF3A56B4BD1D1F44BE0C09973E4F
:101DC000E805A43E3221443E40151D3F7157CCBE6C
:101DD000212F4F3E1600BDBC8461FE3E5C9185BF45
:101DE000EE6D0BBEF0D9CCBF4A06F53E7D6AF33EE0
:101DF00059EF0C3DB19B373E4F26CE3D2E43873EDB
:101E0000D7EAA63F2E456FBE11E34ABEB7E70D3FA6
:101E10003B83C93D8ED33E3FE6A88F3F25B8123F96
:101E20001B385EBF6739643FA9780ABF238EA33D84
:101E3000C82A313FD212DA3E6E69EE3F6A8EB93E51
:101E4000CECF59BFBE7F22BFCD7D2BBF214528BF3E
:101E5000C3DE6B3E1066B93E61A220BEB9DE8DBE08
:101E6000D70C85BE506BB63EEE5510BF7723B63EFD
:101E7000177F9E3CC27D7DBFBC0CD6BD6C5579BD25
:101E800087E3D3BD9253C3BF7849D0BEDE920D3FE6
:101E90001EDF35BF0E265C3FBF34D5BF872AF1BE9B
:101EA0005865ABBE566114BF0817C73E3218F0BE66
:101EB0007499813F9100203FE78E7A3CBE422BBF50
:101EC0007C0376BF9002DEBE0F45BE3FDD36BB3DD4
:101ED000C4986D3F084E0A3EEAF472BEF009693FAD
:101EE000E5DC86BF521984BFCFC5473F68DBFC3EA7
:101EF000CFDE19BE78245E3D5CD430BFCC894A3D2C
:101F000022FF5E3F41B8AF3F8BF196BECE9820BF17
:101F1000DD46E9BE9CAFB3BFAD6E823F117D62BEB0
:101F2000C1140BBEEFD80740D068273F47D63BBF50
:101F300056DD22BEBA52CE3FF03969BEBC38333FBF
:101F4000DF90A33F14FE36BF6C86F5BD151619BF92
:101F5000BA2481BF4FC3D1BF5E40C8BF4AD948BF72
:101F6000F766D43E14928ABF5B62763F5B372DBF23
:101F7000E5079C3F8C2182BF0CDFA4BF1C80893DFC
:101F800018CA1DBF675D203F7ABB003F7BFBA6BE22
:101F9000E9EF853EC66F69BD4DBCC63E071B303FAD
:101FA0008670F43EB9D0823EE8B8023F824A61BFF3
:101FB0002EE25ABFB521A8BEB750B83E042DD33E7D
:101FC0001931F83EB9635F3D9539F9BEC491193FA7
:101FD0004718BDBFC9AFB13FF6D550BEC30249BF18
:101FE00083471F3F5551CEBEC0FE603F2F5675BF81
:101FF000D64F9D3F91E2783E1F136FBFF7CB3B3F1B
:10200000DA3886BF672D8FBC8AEB9CBF31B3D5BE53
:1020100060B5303F94E7D33EB8135FBF10DBAD3CF3
:10202000F213773F6A0DAABE86362F3EBB6097BE7D
:10203000283976BFDDF2203FF01DCF3E23B4663F46
:1020400044B4ADBE9FF704BF7BF8F3BCB3FC46BFFE
:1020500070B151BFD7C5883F38E485BFDA1A48BE92
:102060009921F13E8FAB093F21F321BE2C8CA7BFF4
:10207000AD5620BF43B384BF73B2673F885E9D3FB8
:10208000DDE732BF1C21393F3532133F5032943DDA
:102090000B9E0040F5DF41BF01CED6BFE7AF363E15
:1020A000E473803FF9E343BF38DFF63E06A2C73E44
:1020B000A2C7423E0741023F1F27D4BC321E6C3FDD
:1020C000D436A9BF43FC58BF659370BE2D680D3B45
:1020D0003CF3F2BE3FA405BF3D5B59BF45071CBFA3
:1020E0007687483EDFAC19BF33425ABC5337E5BC54
:1020F0004C9763BFDFD09CBFEB87F53E2942A13EE2
:10210000753A58BF039F3A3EC05C5C3F864B16BF92
:10211000C3CC42BF2A66A23FBD49823F600D003F4B
:10212000438DA1BE325993BED810ABBD83B03ABD2A
:1021300035C852BEEEB743BF8059C73DDAF62BBF54
:10214000E89D8D3E17021A3FF462A83F4A5DB6BF74
:1021500070305EBFCD9A743F57EC24BF5BCE893E92
:1021600049BA643FD92459BF52ED92BFB06B44BF06
:10217000DBE2D53D5C85BFBD7F2D363FEBEE43BF37
:102180008B0D62BF94655FBFA195FCBEA91A3DBFD0
:10219000C42EA7BF40E527BD598C12BFC8FB93BF13
:1021A0007BCF283C358D50BFE242033EB7324F3FD4
:1021B000C003A6BFB4DD76BE137313BFF9A6823F7A
:1021C0004D8CF3BD89F9883FEC03B73E216D0A3D84
:1021D000C992963CA909813FB54798BFB593B8BE4F
:1021E000298F413F0BD2A2BFCEEEBEBD1B032F3FB6
:1021F0007A5A70BEA12100BF867A91BF1A0F9F3F05
:10220000F77246BFA5C0083EF233F6BE403DFBBFA5
:102210006039B9BFE396CFBD1BD2683F0EDDCABFA0
:1022200049EC5B3EA529B63EC1D4803E3AB0E63FBC
:10223000140FF3BE27A9EEBE01E6263FC4FE2E3FD3
:10224000AA72323F5248573F193A373F9AF9F23E45
:10225000CFB320BF5AA824BED5CCD3BF9202B93E7B
:10226000E83B683FA203933FBDDFB53F94CFA93E53
:10227000BB4FED3E9AA308BFB324DFBD8AB0FCBDBF
:102280008892CE3FCC48EC3D7074183FF3518D3EA0
:10229000DB880D3E3F57853EA77D20BFF1892CBFCF
:1022A0003F86B23EF3A4AB3E854665BFFE82AABE22
:1022B000BA73A03F64CEE7BF427D81BFC7531BBF47
:1022C00049493FBE142D86BEA0158C3FC758E23D3C
:1022D000D93F833F41AD33BFDD2393BEC10924BF46
:1022E00000A6443E2E02D8BF4437463E86850DBE2A
:1022F0005680883FAB3D443F2FAC7A3EBF8A903E2C
:102300005538953F78696ABE9FFD1EBF3CD8CABE4E
:102310008461D93F73EA70BE85AED03E097AAB3C8A
:10232000E5E99ABF40EA4B3FE6E49BBFB2CEC2BEAE
:102330007B3A90BF053385BD6F94F63C1040DABD03
:102340009CB163BF0FA73BBE9F8486BFC78DC1BF33
:10235000B574D73D9ABFDC3ED6A8FABD1D2948BE4C
:10236000551F953F01BB8BBFF7CBA83F6F8E23BF97
:102370003F12553CFC77253F8EAD1E3CE88E19BFC1
:10238000216FB0BEE86C153FAB56FCBE48FAAFBF3C
:102390008CA5EB3DC041CBBEF499D2BE428F67BF46
:1023A000AF00583FA6A1A93D3FAF0E3EBD0016BEEF
:1023B000B5D5023F24A2A7BE552005BE238A93BFF0
:1023C00022138BBFAE8D7C3F207CA5BE547503BF0E
:1023D0004E579BBEB80B35BEDA86F23EB87A323F16
:1023E00016E5933EC28B0ABDF85C39BFE999A1BFDF
:1023F0003D550A3FB07B57BFB40E7B3FB5FA98BE40
:102400008AD0843F8D2C37BF7C42F83F4E864E3FAA
:10241000EE4D7B3E045C79BEF72FD1BD03DECBBE13
:1024200040ABB63D468227BDB9B085BE1952213FAB
:1024300021A099BEEF3EB0BF39A5E5BED3B79FBF7F
:10244000C23366BDC2C59DBDE19AAC3E3A3BBE3EBD
:1024500009FA113E6024BBBF62F7E43CED016D3E1A
:102460002208ABBFDD635F3E109E8FBD5BC1263F80
:102470005FB7B43F2195A73E0CA5A83FA8EC493E05
:10248000FBFF133FD4651EBED53C0B3FF988FFBE52
:10249000E62DE2BF99C272BFC1BDDDBF7FF67DBF31
:1024A0004800753FF049F4BDBFF6B6BF5152243E17
:1024B000C98659BEA0443D3B382E8EBE0B38583DD0
:1024C000D0BA50407FD8023D34A4B6BF66BC813F2D
:1024D000F062AB3F4FD2B93F0B3704C032B0003F80
:1024E0008F994EBF82E8133FB1C91EBFFC71B8BFC0
:1024F000818BA63F2651AFBF91B68DBE8E207A3F0D
:102500002BA9DF3FF2FEF03CDA57423C943FABBFD1
:102510005D870EC02CE4073F57FCCF3F4AAB3ABE65
:102520000B4981BF6ADA3E3F4B274440254328BE12
:102530008BFCCE3ED2AC34BF138597BF4AF2763FB8
:10254000CA5396BE486A543F6D5F6ABFE9EB363D99
:10255000F3D6FA3C9568583FE425BEBEE2D8C23FA8
:10256000718E2F3FCACCD5BC99BD623F6354EFBD7D
:102570000BA413409DE3F23E3F0F98BE55638D3D83
:10258000041B4CBE4955E8BED3683C3FDA30243FBB
:102590004DA96DBE9F9003BF21CF653EAFEE9B3E20
:1025A000EBD3FCBE1A2ED5BDC25717BEC826BEBE81
:1025B000B7B2B0BF7E84CCBC1F60EF3DFCEFDB3E0A
:1025C000ADA14FBFD5B267BF7C580D3F0632A83EC4
:1025D000A2712D3FE7F81C3FB3C6D03FEFC243BF07
:1025E0004BB4C03F182E473EF188B43FB364C5BF1B
:1025F000A265A53FC7319EBFC33C313FB25D5EBE01
:10260000BC545B3F125B6EBE0D49C6BF481B46BE45
:10261000FC09843FA656B0BE889972BEC30E39BF6E
:10262000549B8E3E52E19DBF8559953E1C3D363FE1
:10263000F9CD03BFED701BBF1B4D0BBFE816BB3BB5
:10264000FB600BBFB6242DBFFDFFDFBF6CC331BFE6
:102650000C7719BECE12623E241C193FA56A933F27
:1026600047C9F53E645881BFF6722ABF68AEEE3E98
:102670006EE0AA3EEFED7C3E68CC933F3CFE383FD7
:10268000EBEBDABD3384413F21D0F83DB3A978BFED
:1026900060BFABBEAFAFF0BD7A479EBE6AA1B6BC0D
:1026A00045063FBF177F27BFB07DC83E171E49BFF5
:1026B00044F60F3F9C35113FE9595FBFFC611A3E5C
:1026C000091325BE932D853F31789BBE8E4D173F54
:1026D00035E40D3F6B08CBBD908B0EBF7D5991BE8D
:1026E0002187BFBFF6A3213F33CA103F481EE93EF2
:1026F0001461A83EEDF16A3F734243BE7D2D243F35
:1027000043925E3E9D63613FD7AF8A3E799A5A3FBE
:102710007E7A0E3F6A6E6F3F2EF88CBF595592BE7F
:1027200062642CBF6A88DBBFBF72DFBE464131BF27
:10273000A06337BE8AB12CBFC5AC063FD312E2BD41
:1027400048448BBFF40014BF350F84BFF367B23F1A
:102750006342A3BD7F64CA3F29EEF0BEDD84273FFC
:10276000605F953D91B5C03E96DF283DF08991BFF1
:1027700011DBE3BEA05B1BBE105C75BF530D49BFF0
:102780006BB1913FF53DBABEBC19A73EE5B110BF94
:1027900062E2BA3E6750013F7493E73F9F7CDC3EA4
:1027A000625811BF533E423EFF8792BF68EE1D3E06
:1027B000AF64203F4A7C94BFFBCD223F7F4FB13DA9
:1027C000E0CA0EBFB5281F3FCF52C93FC6BA04BEEC
:1027D000DE02FE3F5B2F9DBF5C4E833D0F7C96BEAD
:1027E000587CC6BF8A6CC33D2C96B23C700DE73E48
:1027F000BD2B59BF2925BB3F6CB34EBFB10518BFD8
:102800007ED787BFA31D3B3E7572FABE6291BF3E65
:1028100058F27A3FCD81823E9810B9BF6992B63F97
:1028200029C1DF3F524FD4BEE54E403D0BE4C4BE4C
:1028300075A30F3F9F04AABEAFC7183FA59318BE4C
:10284000B599953E6F5BE4BEC54EEF3E8E0E1ABE47
:10285000F17BA03F3A08CE3E053CC83D8DA3C53F65
:102860002CC2B83F84A3B9BF0098ADBF94CE5F3FE0
:102870000EA28E3E1E9B38BE9867A0BF66B7F33E81
:1028800051829B3E9C310ABF5A458C3EDABEB93E0E
:1028900073008B3F3DDDEE3EEC84803EE3D8B6BE58
:1028A0003FF4E7BEFBA5423F0A371D3FE8D0CDBF4E
:1028B000E00F38BFBA997BBF0E2962BE6EEB8F3F27
:1028C00061B71E3F97FB0FBF631C693FABDEEABEDB
:1028D0006B362F3F742B2F3F8529EE3FFCCC093FF1
:1028E000B05E063F5F8305BE52ECC1BB0BF5E23D17
:1028F000F53B463FEA084CBE43C7ABBF52738F3E21
:1029000073FA2BBDC45F2E3E738322BF547CEB3D14
:10291000C7C6C93E5F082E3FBCAFD03E843EF4BE62
:102920006DCE393FE82AAF3F914BC33D6C6D823F7E
:10293000E54DBCBF3A36DFBEE82EC6BFAAFB30BDB0
:102940008FE42D3FFB9C383F22BD2C3FCDE750BF8D
:10295000D23DA6BE424FB3BCC5D113BF9550733C08
:1029600034ADBA3FC60751BF425EE13E09A3EB3E1C
:102970005D4F093F3423673D903F1EBECCCC7A3F6C
:10298000FDD628BF703D03BFC83342BFC60539BF5F
:1029900076D9EB3D0C3A10BF3EFB623F28F08F3EEC
:1029A0002FD257BFE26BEE3DB36665BF96E5A1BE81
:1029B000A7EE8E3FDF46A5BFED1169BF726F8DBEDA
:1029C000A375943E78715B3EB7CB8CBE3FF22EBEB2
:1029D0008FDCD1BE41944BBE0EA8963F5B6C063F88
:1029E000864F633F30C3DCBE90A88C3FC1A837BE82
:1029F0006E51D13D4A0504BF379448BF9DFD283F25
:102A0000D77EE33EFE0CACBE371BB8BE5023813EE2
:102A1000D5F78CBFE34A7F3F72BA7C3DB9EAD0BF9D
:102A2000DBBF813FB38E80BF1C0FF53DD983D63EFF
:102A3000E5ADDABD708429BF55D425BFF4CE49BFBA
:102A40006EBACE3EBF12E6BE3D6CD13F528AE73D24
:102A500014E8963F0F61B2BEF8D238BF05EA0F3FC7
:102A6000CFEFBC3E0FB6543EF5276E3FFB0ECABEFD
:102A7000137D743DD684573F6C4B3D3E9CB60DBFD5
:102A8000D9BCF73ECC6636BFAF7280BFDDCF6FBF1B
:102A9000EB8C94BEAF673EBD7631B53DC57636BF93
:102AA00079A656BFA19796BFF6F0153E432B193F66
:102AB0007E37233F51E2C3BE82756DBDC4F0AD3F8A
:102AC0006CE094BEB947263D34F0023F26A17C3F1E
:102AD000E112A0BFD590B3BE26D59B3F6099E43EDE
:102AE000F98DF7BE0C0D6E3F3300F73E1BDA513EF9
:102AF000F4853D3FBB33E23EC9C9893E23CC033F49
:102B00004876E6BEA90FDD3E0FF670BDE7F3E8BEDE
:102B100077817B3FAA38173FBA5DC7BF0B35213D90
:102B200032BB76BE347C79BE99CD6FBFE150023E98
:102B30002501BF3F810D4C3FA758AF3FA51498BE5C
:102B4000FDB180BF680107BF590F6C3EEBA496BE74
:102B5000A43C763EAED7423F4974973DF9D9B9BE01
:102B6000F85808BF97D9DB3EEA596B3F76C7AFBE2E
:102B7000E953EEBDFD50A83F801094BEF262EE3FD7
:102B8000371FC13F703A953F41F5A53FD67DE83FDD
:102B900025EFB7BE040D943F1003953F06FC5A3E47
:102BA0005DD71C3F5E5969BE50001C3F58EEE3BE26
:102BB000E667543F8647AD3E40E5AE3DC374513FA6
:102BC0001DF10140DED89A3F6F3CC83E3297A1BE4E
:102BD000CA091A3FA69A4ABFE4F9F13FB34DB3BD03
:102BE000C6F8F13E9B2362BEF190B73D8FC286BF0F
:102BF000BEABA03F05E2AF3EE32D793F04AFB03E50
:102C00009E7C663F922D5C3E67DBB03FB3018FBE7A
:102C100000E1843FC0FE44BF6027173F1ED70F3F2F
:102C200025CEFA3FAE07F73DB173293F61A7493F73
:102C300045A4B93F74F8FA3E7082043FA362A5BE72
:102C400034E07DBDCEB0383F312B1E3FEEBD24BFFA
:102C5000F20476BF96BE8CBE14E71E403F2E0FB91D
:102C6000F5679F3DC1CA05BDA663283F45594ABFC8
:102C700078584F3F8D652DBF816EC93EF78B92BD51
:102C80006157733F09E219BE9C10ADBF20D25B3F74
:102C9000A1DA2E3F5985D9BE095BB4BEE28414BEC9
:102CA000A8EF4ABF87A1953FA81A89BDD604B63FB1
:102CB0003D52223FA3B0093E378505BF5579DEBEA0
:102CC000FE2F7DBE0A60FA3DC4FB3EBF2194A83FA3
:102CD000BF1DC33BB630883F4D21B43FEF091BBE3B
:102CE000888711BE9258CC3ECAC705409E94D1BE7B
:102CF0009E251BBE95BE6F3EAFEAA43F7BB9E63E64
:102D000001AA50BF770D10BD57E8A9BD2099193F02
:102D10000939843C496C7FBDBC3C96BF5CA1003E38
:102D20007837DFBF2985A3BE794A983FAE87BEBEFC
:102D3000DBAC64BFFC2B10BE4E83D2BE85A8033F24
:102D4000E62502BEE997ABBE4BB77DBF6702203FC9
:102D5000A7913EBF67FCFB3D9A5955BED81AB7BF35
:102D600070080ABFD52EA83EC8D4F7BE27311C3F35
:102D7000B5A56A3FE35272BE974F8BBE728B013E80
:102D800092603FBE7A1B3C3F417B84BF63E5C43FFA
:102D90001B3D8EBE5778313DB047823FB629DBBF21
:102DA0007FAD67BE7B2D1B3F832510BE67543CBDA6
:102DB0009391B73F5290823C9BC1583F0D9EC83EB5
:102DC000D036143F1BF6DD3E97E7593E6F12333F76
:102DD0002899D93FADA2EFBEBBB12FBF018803BF79
:102DE00064B0EF3F7C03033F9E193E3F7522933E44
:102DF000662E133FC4688DBDC310FD3D8DFDB9BF68
:102E0000E05D13BFBB14CDBE4A87274007C09B3F80
:102E100020C8543F7DBF6A3E9FE33DBE22CC50BFD9
:102E2000E47B14BFEFFA693FBB77C1BE0C7B963ED3
:102E300013EBAF3FF0762EBF514A37BECBCA83BFEC
:102E4000C0A67BBE566B07BDEBD2D6BE8E972E3D7D
:102E5000E267D5BD9E7918BE5E16633F5190BCBE39
:102E60004CDF153FE0A0B4BF4BCCCEBFBDD281BE7E
:102E7000B6591A3FB626B23E94C8733F297EE83E43
:102E80008D66AC3EDC9D32BFE117C13FE7F692BFD5
:102E90004CBA96BE1FA4DBBDEE8FA63F0B0FB7BE8C
:102EA000C9F8723E8B9E873E54E947BEFD5E303DB9
:102EB0001D528A3C9F1B6BBF3298973D2CCE1DBF85
:102EC000D454573E9E71AFBFD91A0B3FF6350CBF95
:102ED000E34C6F3F7EC648BFA9402F3FC3BDDBBE5A
:102EE000E32487BE5190D6BEF4EDF83BFCE7E5BC89
:102EF000EF5BC2BF47D7E63DCCA84C3F289046BF0A
:102F0000A9BA7ABEBF4EB7BE7A9C2D3FEB0E773E74
:102F1000418F0ABE4A291EBFD876873F4AC059BD95
:102F2000DE69C8BEE66B75BFF076C1BEDD75EFBE6B
:102F300000ECFF3D08761F3FCC73423F42B032BEEB
:102F400081E985BF6069C5BE47CFD7BF1BAC393E9D
:102F50005C0D2D3E62444A3FCCAAA23EC5F80EBF8E
:102F60003F2ACC3B4E80ECBEAD20803E0C9B643FA4
:102F70009F6F38BF402BEBBEA6E8C8BED8CC98BF29
:102F800091511DBF77CD733E12073EBF15D4913FBF
:102F90006BFE04BD7608D8BF9DC4B0BFA85AB5BFAC
:102FA00069E1553F185C82BE088EF4BE8950CC3F63
:102FB0008B60593F4396CDBE4ED5EA3FB246D5BF52
:102FC00063198F3F00FD3FBF4794153E33FA283FFA
:102FD00003AAB53F5937B6BFEDF892BFFE30D0BF58
:102FE000B497433F2A41A4BE665D8E3D0258153F0B
:102FF000BA6EC53F14BB9A3E363FC8BDF840E1BD2E
:10300000822820BD1C15163F3BF95BBD4359E43FA8
:10301000A82E8E3F933479BFD7E9A2BE2D2074BF6E
:103020004C96D43E80738E3F5A2413BF7642B3BD74
:10303000246097BF1C483EBEE94615BFABDA633F2C
:103040002820DE3E9185C4BD849C713E2C88C73EFD
:103050001C9FC0BEC4BE193FDF88283D229C54BFC0
:10306000417C583E9E3A7B3E6FDA19BEBA9812BF39
:10307000D2ED933E3D84A43FA27F963F2268133F4A
:10308000F2827F3FE3C0493FF301873E6F8627BD51
:10309000A44FA13F71BC8DBF266D233F3CB6313F8D
:1030A000DD7E98BFB2F4563FF91A5EBF3E80213FE5
:1030B0001E9E7F3FAB321E3F9C00223F8B7B1C3EFF
:1030C00045893A3FF617053F98916FBE2518FBBE1C
:1030D0003502C73E536C4EBFA493953D06B14FBF1A
:1030E000BAB335BF3DB9193F40AA993BD11FB4BF10
:1030F00047DE7EBE498ACCBEDEC066BF5CAAA83F62
:1031000024FD6BBEEE5C77BF9CEB423F613D853F8B
:10311000A10519BF252E65BF41A3A8BEA324943FD6
:10312000678902BF7F005E3F7800943F2F19273FD9
:10313000B5902A3FA6073E3E96F89FBF3A2DAEBDFA
:103140006CD6A3BE1CAC95BE1E46323F54E089BE71
:103150008B09BA3F45AF663E92D10CBE12DBB8BFB9
:103160000B1EB5BFBFD2EDBEC2E143BE0025B9BE46
:1031700060F582BEE138E13E54E108BF4FF9083DF9
:103180003FE99CBEDF9197BFFF71313F97CCEA3C8E
:1031900033909CBF91F8983EEEC308BF642A0F3F5E
:1031A000790287BEA9A3723D6F338A3E8F813FBFEC
:1031B000DFD3DC3E968B633E6FFC35BFD915EE3E08
:1031C000846605BF088D373F4C1F073F7DFE8FBFCC
:1031D000C6BE96BFB249FC3E7717813EAEE549BCFC
:1031E000EAC4EF3E719D32BF2A341A3F6F841FBE7E
:1031F000730C993FDA4B24BFE738993C19B968BF83
:103200002F416ABFFFC59E3DA7D3423F0BC39C3FE2
:10321000C38D273FB1F42EBE56FC82BE4E3B13BE7B
:103220004F39413C518A37BF6BB70D3F07CAF2BED9
:103230004B321840D4F75FBF1E69A13F204AA73F19
:10324000AE2C34BEA0C27DBF536DA13FD6B873BEB5
:103250009499163FBBBC873FAAC51EBE65AB2FBE67
:103260004C3CF63EE5FA623ECC55A23E09429C3FFC
:103270004ADFB0BEBC204E3E5AD5953E1FA4D8BFF3
:10328000895D90BE10654D3EF5748B3E41D0643F24
:103290005DB04CBEA55A47BE6D88903F9AFC40BEBB
:1032A0005685BC3F2B1462BE348A06BE82D0C6BE91
:1032B00008D9693F2DE8D2BD8AA1FDBE5465AD3E57
:1032C0004E0402C06D6EBC3EBCFC5D3FC553B7BF33
:1032D0006F434FBE01C66ABF19F7EF3F4DCD2C407B
:1032E000A640E4BE2056AD3F57BC77BF9547EE3DA4
:1032F0008F3795BFEA09F9BE90CED5BFDF0915BF5C
:1033000099AA0A3F5671C2BEF1766A3EFB7720BF8A
:103310002C0CCB3E51E0EE3D6AE5493FAE1A4D3FE5
:103320003205A2BB6578A53E3EBA8D3E399BF4BFFF
:10333000328D1BBEEF9A34BF662392BFC6D2F53DD5
:10334000423C6DBE75F2C33E1124E63E0FF40A3FC7
:10335000A0128FBE5DB93D3FACF886BE06310DBFF1
:10336000F3535C3F3EE291BFC4327F3E67954D3FD1
:1033700031F2333E12F078BF6EA36A3F853740BF0B
:10338000C499523F56DEA23FB57B4E3FFB171B3E12
:103390001476BB3D7D044DBF9D82153ECE2013BFEC
:1033A000E23A7E3FC7BFB6BD3A3090BFE0B84DBFEE
:1033B000B54B853FD882473F57D2463F5105153E12
:1033C000CCF8F3BD5F40A4BE2821E2BEDB3BA3BE28
:1033D000BA4FBBBF6AC9A33E29E09BBEE42335BFF9
:1033E000481C00C0B0C0A13E4851863F989FAABF6C
:1033F00075B38A3FB61ADA3DAF41C3BDF4E893BF57
:10340000CAA43C3E8F9A7A3FD447D6BE4CB2C9BCC0
:10341000E1E4513FCA24E33F2305BEBE95F20ABF53
:10342000B3B3D6BD8F8EA4BE475C98BE1ED18EBFEF
:10343000061F733EA0BC9D3F292676BF28FAA73FF2
:103440004E07A0BF25EA3CBFDDB33DBF97A126C014
:10345000EA83FF3F88C5A0BFD405A23F23D65340CF
:10346000A063A93FABED063F7AC10F404515BC3FB5
:1034700002140B40C2BEF23E29C8DE3DB4E24F3F0B
:103480004A6598BFE96818BFC135533E24B8CB3DA3
:103490003EE6CF3FCD675DBF61C7A4BF72861140D6
:1034A000BE36183F86CEE0BFD976A3BF2EDBCEBF97
:1034B000079875BFE529E7BFDD7B9C3EB4B12C4082
:1034C0005038CF3F6B3DF8BE8E500040CCBB1B3F09
:1034D00064E6833F504FFBBE6F08FCBFAAC6B73DF2
:1034E00071A504BF59A2CBBF2B97DB3F9CD52140D0
:1034F0002512C8BF87B5B3BEED2247C0830AA33FDC
:10350000A2F1A73C0D04853FF6B9D13FD4AD89BFE8
:1035100058FA01BF815EC2BFAD16B0BF70AC03BE2A
:1035200047184EC02086DFBE26E40B3E98E13ABF26
:10353000170736BF116EA1BFDE4A1D3F60F7DB3DA6
:10354000180B5A3FC8A250BF713102C05E04853FBC
:10355000144C1940817BC3BD1EFFC33EBE790EC013
:10356000165F8F3FBF5C913F6BEB01C05F51B23E76
:103570002C3EACBF6D0A823FE2B6303F59F0DCBE54
:1035800026D3DFBE6565EA3E15F907BCD7A13DBF6E
:10359000F67711407626AEBD1A0D70BFB29DCCBE37
:1035A000824162BFBBF0D43EEE15173EEBCBD83E56
:1035B000AF58ED3E9FD40C3F3612A4BF904AB43DA5
:1035C0007C0E32BF22369D3F1376BF3EE1ABC03E3C
:1035D000A4B643BF2784163E9CF438BF3904ADBE61
:1035E000669DCB3C88ECAABF94543A3FB6E1253F98
:1035F000E9E7D13EB2B07BBE5A956B3ED839FABDF1
:10360000D8E266BF8B257A3F1D359B3F334E5C3F2A
:10361000D793B1BFDE758E3FC811D5BD7F74553FBE
:103620001DCA63BD10BA533FA057E13ED240BABD98
:10363000F41E89BEB895733FFFA58DBEB586CBBD80
:103640002BA75E3FB7B272BE62AB9BBE349CABBED3
:1036500080401D3F6601783F5A5307BFE2DD9C3E24
:1036600049C142BD5CFB523FCAFAA4BFEFEEB8BFEE
:10367000F10D0FBFFEBC43BF10D4083F12185D3ED2
:103680001BE4753E48DBE4BE01DAE4BD1A4EE1BE40
:10369000499A34BFB34A1ABF892207BFE9115B3F79
:1036A000DAAE3ABFA50035BED8919FBF7B88BEBDBC
:1036B000ED4E09C0DEC77F3FF5059C3E91808FBF70
:1036C000891DFD3F61BB36BF8769343FED57F73C2D
:1036D0008C11DCBF5F6F373F2C9F8EBFF677E4BF46
:1036E000E163B2BF3AB26F3F5AF514BFEEBB863EFC
:1036F000AA6E3A3E9B034B3FA8879CBFE739073E23
:10370000314D33BFF941433D00741DBF8CCD3EBFE9
:103710005ACE36BFBAD9DE3F17A6EA3C4EF7053D72
:10372000E5B892BFC857933F5E60C23E33E1B73EF3
:103730003ED040BF46A235BE20CFC0BEA8EE9C3EC4
:10374000C0B41C3F1BE0EE3D00FE1E40FC04763F73
:103750006B5473BF25A0F0BEC72C08BF994F063F1E
:10376000F77E97BFF42EBBBF0AF485BE1F069E3FAF
:103770008D5B17BFABF2BCBF5D784B3E8BB09CBE80
:103780006988A63E7A6F60BC12C4143FA0A31BBF19
:103790000D8B05BF703BAD3E8989A6BF35B1F83BA7
:1037A00084832F3F47D215BEC0A0B73E1B27B3BEB0
:1037B000D9901E3FC0B0A83F2287073F55F2583F1F
:1037C0008EC3E0BCC4B7113FF052FE3D54B8873DF4
:1037D000B2000D3F5CCF573F5F99AFBEC37583BE4C
:1037E00099B0353D73401C3FB4E1963E970534BE19
:1037F00039FC12BD54048C3F25C4C7BFA2EF95BE4F
:10380000E29E833E519704BFD946BA3D6801043F0A
:10381000676323C07507B63D11CDFBBEAABAB1BE22
:10382000D8649BBF702B473EBCD095BFBD50D0BF66
:10383000D7732C3EE3E4A13F68E937BE31710ABF7C
:1038400068EE4ABF667D2BBFB7EBCCBE36B4403FB7
:10385000DD72093E58E8363FDE3734BF9C6ADF3EF2
:10386000A0EE323F04392C3ECE9288BE29F64E3F60
:10387000B9907D3F130CAD3ED67527BF49C5CB3DF2
:103880008B6B933FD14ECABFAA0BEFBF81F24A3E6A
:10389000E22C19BF0886C13E55203E3D1DFBB33EBC
:1038A0002BD45DBD928A3F3F65C89ABF90D98C3EAC
:1038B00092D6843E9640193FD224A43F8DB2F3BFE6
:1038C00066562CBF7FB2A6BEB84B14BF10731E3F06
:1038D000AF0BF8BC3179133FCF2EEC3E200F9ABED0
:1038E00077C506BF174CFD3CAF246B3F48ED153F35
:1038F000C8A4D4BFE53EB8BF3DDC90BE6DFAB3BFEF
:1039000027CBD9BDA473383F304EE2BDE73DD93E49
:10391000ADFE00C0048A60BFF64FA3BF8AA1D63EA9
:10392000248FA03E1696B7BF1D6215405D16333C2E
:10393000D644DEBF8E8E833F98CFBDBDAFA475BF8A
:103940002F2C8ABFBA9B733D804822BF0EF2D5BE92
:10395000C0A5903FE908F9BE5B564B3E2D9416BEBC
:103960004202BF3EDF159EBFFB0081BF05F323BFB0
:103970003DB0573E2DD55ABFFCB5A13EA6EFA3BF23
:10398000D58DB83E756EDCBDE188BC3E7088083FC1
:103990001D77923E807FD53C8F42E6BE6DAC873D61
:1039A000343714BF4F76043E493F1CBF97652DBE88
:1039B000A8B3BA3DCC8D19BF0796A03EB31265BB24
:1039C0006BD9C63F35CE00BF007DBF3FC2F65DBF9D
:1039D000E1D6713F0C98103E725DB9BECB21BFBEDF
:1039E000EE4A8C3FE1EB87BF5FFF32BF8360B4BE1E
:1039F0005F6A1FBD82FC8F3D0251823FC635A7BC66
:103A000046E204BEBC09B5BEEDEDA33FF8A9D9BDA1
:103A1000200288BEFE38013F35736B3FAD4BDABEE6
:103A2000AA68C7BEC377413E7B3D4A3F2DD2B6BE92
:103A3000C793B63D27D7FD3F6A7C7DBC4AD226BEE0
:103A40006E057A3FFDE8BBBDE808C93FA3FD3BBE5C
:103A5000A8F2023FC3ECC4BBAAB8543F65490AC0F0
:103A600078F68B3E564D01BF82D981BEAB8876BFBA
:103A7000A45ABC3D3C188DBFB17EA03D17F491BE49
:103A80004DD407BE22AD9DBFA3044C3F1BD8853E3D
:103A9000C6730D3F2AA416BF852A2E3FBF7B7C3FED
:103AA0001FC7ACBE74CC63BE4026C83F474F8EBF15
:103AB0005574B63EE9CD543F46AFE83EB8249C3D30
:103AC000D298BCBF4BCFFE3FB7CED63F4E8AD2BEB8
:103AD000BEA285BFE93D373F6849803FDA40FF3DE0
:103AE00055D1A03FCD92943D1E78A9BDEEB2433F83
:103AF000E677383FCCBF39BF49DBCF3EE37B65BFBC
:103B00008B4A0FBC9310853E93F9B0BF63BE383F1C
:103B1000F5DF2CBE975BA7BF66728ABD824AA2BF43
:103B2000EADA92BF561D6C3D6C7FFD3DBD325F3EB3
:103B3000388195BE5D9F583E48BC3EBFD74ECEBE35
:103B400023AC18BF49122FBF0E3F1E3FE5E9443D8D
:103B5000E51322BCC0DDF23E4A6E463F31A2F8BFFB
:103B6000D141CE3E9ED0593E769C07BF6F62973EB4
:103B70005862313E9CA7AE3D024A873E0AD73CBE02
:103B8000677DC83E95BFE53DD0D08BBD8C75DD3ED1
:103B90004CC81D3FB5D17B3ED4978DBE5E22313FD0
:103BA000C832BCBEC6300BBE7896833B062E903E14
:103BB000D3C9A7BF070E95BE2A536DBFF8C91D3ED6
:103BC0004112EDBE7C3F313FFCBB49BFD3F6353FD0
:103BD00091A02F3F7B3893BE1678DBBE0863C5BE2D
:103BE000A8F0F7BEE624833D9752743F062F26BF08
:103BF000CCA062BF132333BF17A7353F12680EBE98
:103C0000C58D333FAC9CD33E6C111ABFD01DD7BEBF
:103C10003B8F103FEF761A3F5CA40BBE3976843D94
:103C20005D005CBEF353343E673A9E3E551B943EA6
:103C3000DBBC9DBE4C68483FFD6DC83E81106C3EAC
:103C40008A10E4BEB4185E3ED5FB663F1D5BBE3EE7
:103C500060FB60BE94E821BF154BA53C7FF4AFBD6F
:103C60007614CC3EE709543F96A4DCBBEF0997BE1F
:103C7000FC2C04BFE19869BE95EF9BBE934578BFCD
:103C80006A73663FFE2FA5BD2AEE01BE048B173F67
:103C90008C1711BD5409D6BE140DA13F0F8C5DBF0A
:103CA000311BDDBFF026AB3E2737B9BE9E90863F65
:103CB000D8ED9EBF8DCCC63DBD569B3FE71215BFCC
:103CC0007ED5C4BE545CBB3C371102C0C301E33E89
:103CD0009C2D53BEA42FC4BE7E8F6CBF2C8FEFBE15
:103CE000BAB61FBF7D27FABF61F1CB3FC9F3E5BE6E
:103CF0000C440E3F4185CB3FE4FE693E16A2983F3F
:103D00003BBFD9BFA77B38BBC7E034BF839C11BF83
:103D10003D751CBE3B6C68BF598D043F0D5B623F17
:103D20009DD0D9BFF0BBAF3DBC3AE1BF454311BF09
:103D30003F08D0BFD97D0EBFBF11F93F6D236FBFC4
:103D40004CFDA0BFCE038C3D8D4298BF3ED5433D78
:103D500055A592BFD3F4C0BE166FE83E187A343D25
:103D60001BB3C83ED991833E8941E3BD1C72E3BDBC
:103D7000C0243FBF22F107BC3177603D5EA112BE77
:103D800045633F3F5A7876BEFFA9B33F73B19BBEF0
:103D90006D02C33F6605A9BF26DE98BFEAA2A9BF90
:103DA000F085893FEBED93BECE34ABBFAB86183FB9
:103DB0002F4D3EBF61854F3EC7FDC5BEA94904BE1C
:103DC000C2C83ABEBD21BC3E1F8ACBBF65214DBFD4
:103DD000A172A93EC30C57BE96DB56BCC4F58CBE7F
:103DE0006D6C653E749376BF82CBBCBECD52273FCF
:103DF0007437C43DC8EBA1BE7693C2BFA115C13EC6
:103E0000F4AE06BFA882B8BE1921AA3DC631E73E6E
:103E1000F8CF31BF123F2D3EDF5951BD16894BBF40
:103E2000A0FF3F3DA4B083BF1D509DBEDD17BDBDAB
:103E300005FB8B3FAF78A6BE6DF9E43E650D4CBD2A
:103E40001DB3573F37B5383E6D4C7BBDAFDEF53DFA
:103E5000E70C4C3F9A6A983F85418DBD15E2103FB3
:103E60002F958ABCD702DBBEAE4613BE6271663F99
:103E7000461F56BF9FF01C3F9910A93E1FAB92BE34
:103E800074C34BBFA74846BFD17598BEB28D49BF1A
:103E9000BA6401BD6E9739BEAD8A183FE085ABBBF1
:103EA000185216BF85332E3F82AE3A3EAC4402BD57
:103EB0001111313E3063CF3E2B34C13F6FD04FBF25
:103EC000FA416BBF1954F4BE338FC33D90B759BF4D
:103ED00080539B3EABDCEF3E5CEC1DBFD61D0D3F1F
:103EE0003C3EED3D61E5EC3E3C1D0A3EA0DA25BEC0
:103EF000CB834C3F9B6C81BF902B69BFADCE10BE76
:103F000055F1593E8576573FFA4CA43E1F6BC93D8B
:103F1000A00CEF3E74A6C3BB503083BC335993BE94
:103F2000DCB4723E7C6141BF998672BFFE7F633E06
:103F3000F2056CBF9FF561BD065CDABF3C29303FDE
:103F40009BC8A2BF3DFB00BF42515DBF07D473BEFB
:103F5000B841DCBDC74CDBBEB4D6133F548FA53F80
:103F6000CC822BBE5DB9723FC961CB3E35131A3E80
:103F70000885943FCD00AE3E27B51ABF4A77DB3E99
:103F8000F6822BBEFAD09DBD1830313F58C58E3F0A
:103F9000AB68653DE1D5393E8CCF95BF532A9C3F38
:103FA00034ED853F8396D53E8EDA903FA0D7F8BC9E
:103FB0004F03DDBF1A8C1DBF0C1985BF65D7DFBE4F
:103FC0003D3DECBF4396A43F7CA293BFBAF08D3E2B
:103FD00070C9363CD2323B3F4FF23D3F416749BF4B
:103FE0000F6EECBEDF9054BE46771C3F6EE6633F1B
:103FF000B66179BF5CEC7DBFE160403F5BF55A3F45
:1040000015D4323FFCA6E63B6C9B433FAA23AB3F53
:10401000B2C505BF1D04D8BFE0BADABF0D4E35BF2B
:1040200020816ABFB45F43BFB02A893F0898C53F6B
:104030001F60883F30DF953F42DB993F68A8CDBEC7
:10404000CFF138BFDBEF843F8D723A40C9FF803D2E
:1040500002E741BF6838143FF88AE43E6FADBD3FC8
:1040600086B7EC3DD1F36CBF1606D93E2A06933FC6
:1040700095FD353FE7DB52BF187D49BEAA4F043F8F
:10408000C8693BBF9B789D3F406F97BD55314A3F04
:10409000DA787BBFFFB313BF382CAA3F2285973F46
:1040A0008458BEBFCB8DC33E6EDECCBE3D3F17BF36
:1040B000CBC698BED64B573F480A143F6095183F71
:1040C0000FE119BFD19A373E226F2B3DF9788FBE91
:1040D0008DDD6C3FC6FAD5BB7160B13D41A798BF7D
:1040E000CE7E5BBF646E32BF03DD99BF312104BF5A
:1040F000576E6E3FC4DE053D3C70AFBCDB2E3A3FD1
:10410000785B44BEBFDCA9BF9977FF3E601D723E5D
:10411000DB33DF3F1BC684BFF956CE3F0E9102BF93
:104120007B5325BF3D3E2A3FA6DD62BFB7C64D3F4C
:104130001A37FD3EC922BE3E6B5C96BFCFCC07BF8F
:10414000CC06503D5D5689BF01D40ABF3BBC1BBFA6
:10415000E55421BFCD768ABF1F22A2BE7C602A3FD4
:10416000CF7E153F8CE2D73E123053BF88DEBFBDF5
:10417000236423BFE74AB53E402AA8BF6308AF3B8C
:104180004AFEA2BFBB9A8DBF13E9EE3B749380BF7A
:104190006F4B3EBF11C6C8BE260006BFC7D782BE42
:1041A0007FA7F4BE898FB1BBD5DB06BFB3DFFDBFF0
:1041B000F3C3BE3F3DF30A3FE82C723EBB56EE3ED2
:1041C000312A88BDECBDDBBEC33C08BF22AC40BE7B
:1041D00082E166BD0BEF31BF817E1C3F956E0D3FC6
:1041E0001677363FCEEA35BE5FC35CBD41A02CBE1C
:1041F0002DEA003FB1C4B33C4A58443E9C9D633E07
:10420000E3CE3CBE02CAE03E930FA7BFE80359BF0E
:10421000BE6396BF9F6DD4BEE60BBABF16EEDEBE80
:10422000F3C9FA3DDFD7DD3E1989023F21AB8EBFCE
:10423000DC56F83E635E7E3F78AE42BF14D373BF58
:10424000DAD5EABEC6CC353D20B5E33E4B0337BFD9
:10425000C43FB2BF184102BFEC1F083F2002253CFB
:10426000ACA0453F118AC9BF875B39BF71FE02BF51
:104270003549033F082A493FB294E53E472E903E18
:104280002F8F1C3F5DCC1BBFD3E869BEF700D43D28
:10429000F89E83BE81BB1D3E429DAD3E2404CBBE35
:1042A0001E1AC63F8CBB30BE1AA4223F0AAF31BFD4
:1042B00023AA8FBE1FF7E0BE7E56FABE9594363F06
:1042C000C5823FBFC1F3393F4D6BBF3FF48B3C3FCD
:1042D0007E969E3CEB61813ED58284BD0AA3053F5C
:1042E000CC6B413FDBDC343ED60960BF67185CBD58
:1042F000D513533F592E273F44D99D3F44CFDEBDB0
:104300004313A93F45FAB1BE2BE8B6BEA634DC3E46
:10431000614D9F3D8897AD3F30737C3FBA40DFBE13
:1043200053C08CBEBB59B73F0C150B3F4C7AFD3EBA
:10433000288808BF537B4DBED06A45BEF3EAAD3F27
:104340001F49A53F28EF293F9836EC3ED525B9BD3A
:10435000E9D3EABEBB76283F24AD42BF9CFA323F88
:1043600011C2EDBFA485943ECD1E9C3D49217D3FE9
:10437000C3031E3CDAAF1FBDE5185A3FADC864B594
:1043800067E0FF3FFD1489BF4EBFDC3E43DF23BF24
:104390002060F53E154096BF444C85BDB13ACE3EF7
:1043A000F04EF2BF9A1D933EEFCBFDBED800A8BEE3
:1043B000CD151CBFF355213F8903A03F84A5DA3DED
:1043C000C217673FC285FABF5DEADE3D804396BEF5
:1043D000BFB9D1BE0C30C2BD24E82BBF06FE003FE2
:1043E000FAD056BF56790ABF8F4CAFBE8EA1A3BF7D
:1043F0006CA8B83DF38F22BF71AA08C04B293ABF01
:10440000FA8C47BF9681C4BE34EF8EBF87E50F405C
:104410008A039ABF7D8BC23F334E0ABF12250F40DD
:10442000B9127EBE7241B1BF62341C3E013AD9BDA1
:104430006EDD833F0790C03EAC928FBF18D849BF56
:10444000BE888E3ED273B8BE1366243D446A04C053
:10445000BE447CBFBA9C703F29E09E3D3393D33F5E
:10446000389AB4BF66320ABF3225B0BF2C099C3CD3
:10447000F22ADABE9FD4FB3F1DDB37BF3BD8DB3FC0
:104480000B3B80BE0DAF4DBFC213533F84A81A3FF4
:104490005C548A3E6E5F5FBF3D522A3F654D9E3E33
:1044A000BEFCCBBE7A8E4D3FDB82B53F1D900BBF6D
:1044B00021B071BFF09D70BF13F2703FE4DC573F35
:1044C000C87C163F5151513F855DE6BEBA9C5BBD2D
:1044D000288F8A3FBD6B553FDD25FDBEB7FF223ECD
:1044E000644F90BFAECD023F806AADBF2E89A3BF9F
:1044F00021F33F3F7551AABE1850A83EFB4744BF69
:10450000ED0F37BEE4CF523F1D7B8E3ED33494BEB9
:10451000052130BFE372943F0DE1CA3EB82283BE4D
:10452000EAA5B93F0F22FE3EF70486BFDEABA3BF6C
:1045300016AD9C3E42EF4DBE63CA01BF6561913F1F
:104540005DC20BBE967574BE3616FCBBDC20BF3F49
:10455000FD632C3FEBB88EBF589F26BFBE658D3FD5
:1045600081193DBDE163F03E16B1903F4BAEA13FD6
:10457000E6A5973F5A09F83E0059ABBF53A6C13D87
:10458000549F883F9E7A70BF4FD6B9BF8E2E413E52
:10459000CB3D5E3F7FDB503F50D9BEBF4CBE8BBE94
:1045A00072C7A53E32C2F7BFA41CE4BFCA33F33FB3
:1045B0000BD1C4BF742472BFAAAB2EBF01DF6E3F04
:1045C0008A06EA3F1AEB2EBF77F013BFCCC8803EB5
:1045D000E1D9CE3ED11E9F3FB925B83E76F80ABF3D
:1045E000B588A7BF6585F2BFE3ECCCBF4C4A983FC6
:1045F0001E8E5A3EEF3C3D3F47CE233FC5FC133F46
:104600000197433F123AE7BE93A479BEE43446BF14
:10461000CACD5A3E9DEEB9BF1EAB6E3F6BA6BEBD66
:104620004699DEBF111A1DBE60EA8CBF153B9FBEC6
:104630004FA5173FE94908C02D30DC3E7C7AC6BF44
:104640009F7BB73EEE4EA5BF174C993F5C4BE33FB7
:10465000ED906B3F8CEE89BEDA19603F3F37183F13
:10466000F33DBFBF1C701F3FC32C92BF799DD3BECB
:10467000AE8E9ABF3EFBD4BE94038FBED5232B3E95
:10468000A5D7A33C8BDB8E3D5CD1BF3E8EB9E9BD87
:10469000DBA75ABD2F3AC43D5CB2A5BCDCB1FFBD5F
:1046A00087E8633C9B460C3E688849BD321FC73E85
:1046B0000BFD61BD9593C13E1C3A943B635B8A3D03
:1046C000A8BB9EBC84DF24BD3E3DFA3D0FA85BBC69
:1046D000389CBF3EBC1FA1BCCD2726BD6EC0223E6C
:1046E0001414F8BC425EF63C6DE964BDB84B093C5D
:1046F00074E14ABD794424BE17EFC73DE23A833DD9
:104700004D0EC8BDE7361A3E235CE43D17DB86BB81
:10471000D900593E8B9B57BD938F4F3E2CF3ADBCB8
:104720007778573E9D9E263DE1AE14BE324C22BEA8
:1047300013FE9BBED60FCE3FEB0C61BD39650DBE9F
:1047400019F1FFBC77E680BDDFAE27BEC30B0F3A81
:10475000E5FF14BB98A840BDF0EA92BD7391813D7E
:10476000885ADB3EEDD4DEBD8079BEBD919116BE88
:10477000ACBAA3BC79A7FCBD89EBA53D30A43A3DFA
:104780002EA294BEB441C33DE9D3DD3DF141983D35
:104790009C8690BDA1B426BDF906393DCF52913D0E
:1047A000668DF4BBABC5AE3D983DC73C130904BF55
:1047B00059300EBD9F7B4DBD63B70EBCD3CAA1BDA2
:1047C0008E7A8A3DA85F053EF07F11BD7D673D3D35
:1047D0001D9C1ABA962B6E3CB0F7FE3D9C20A4BEE1
:1047E000D34311BDE5468BBD1AD07ABD4160AA3CCA
:1047F0009E87D13DA660C73D4432843D10114F3D98
:10480000D37363BBC6105F3D0AC8A6BD3A027E3DA6
:10481000C7EAADBE13AD3ABE372B6EBE6E77933D81
:10482000C79056BD4F02463D27CEC9BD679D5FBCB0
:10483000D2F50C3EE2F298BF91B0A23DE7FCA13E5A
:104840004817323D20B787BDCC6CC0BD9EBE8EBC24
:1048500070B3D2BD1C16163E03C5823CDC7C9FBBE8
:10486000F123AA3D16A9973D37A9093EF88F803D4F
:10487000DFFB71BE3F0986BCCCE5063E93678C3EEC
:10488000CCAC0BBD9F5A94BD291C80BEF987F3BEEA
:10489000943205BB75486B3D77E2533D4409C23BFA
:1048A000BDC6C03DE658D3BD04071EBE6E08C1BEDE
:1048B000FA9BC9BD07BE0B3E2CAB413C25430ABE4B
:1048C000C136A4BD1D7FE2BD04C270BD5F0D183EA0
:1048D000782C6ABFD28FFEBD2EA86CBCF72E0EBFFF
:1048E000291AD43CAF0025BD27EE3DBD91A4BD3EA5
:1048F00053230EBE40BB5A3D3A65803D25F994BD19
:1049000051F9C9BC5B50053D9174003E082C5C3DDB
:10491000E91CCFBC2065E63E831E8DBEC0C0BBBD7A
:104920002608FA3D136CDFBD99BDE3BB2A91C83D53
:104930006D1F5EBEED1A91BFE8D9863D13EC683D50
:104940001AE4A13DC83A5ABE25131F3EF643053E60
:10495000CFB21DBD2548063E2E62D9BDB450183DCC
:1049600037C8153E8D3F363C7E9009BD6078D13CFE
:104970001648E9BD2C43033EB9E9BD3D698B08BF2C
:104980003ABD833EBED57F3D0571103EA658F13E2F
:10499000D579443D34157DBD9016CE3DEF4A90BD8E
:1049A000E7B12CBD27EAEDBD835DBDBDA833DE3E7A
:1049B00002F50739FA14F5BE9ED98BBD0641183EA3
:1049C000F1D78A3D33D4663C08A28A3C81283BBE9D
:1049D000646A213FEE6CF73DBEF0C8BDA940FE3EC3
:1049E000E59C7F3D14B1B7BD3BCA66BDACAD01BF10
:1049F0004361663EC028E8BD94F0623E1C38583DD5
:104A000045DB403DB94F93BE0B3E95BE8A7EC63D09
:104A10008D2CA4BDE9DBB8BEAB04903E4792903D1F
:104A2000A3E989BE269AEC3C625975BCBAC419BC8C
:104A300040A9083F9519A03E33BB873D6FA9C7BD6C
:104A400069A349BB5410073E34924ABD1ED020BE14
:104A50004BCBCC3D582601BE15214A3E3362573D13
:104A600087F769BFE3FE783C2A75B1BD73AECEBD52
:104A7000C425DC3EE82D05BE5142BDBD591884BD9C
:104A80000F142B3E71CB24BED1D0D03DD1D0D03D20
:104A9000D9D8D83D8988083EC1C0C03DC9C8C83DE5
:104AA000D1D0D03DA1A0A03D8180003D8180803D3E
:104AB0008180803DD1D0D03DD9D8D83DD1D0503D96
:104AC000A9A8A83DF1F0F03DC9C8C83DD1D0D03D5E
:104AD000E9E8E83D8180003EF1F0F03DF1F0F03D85
:104AE000C9C8C83DD9D8D83DD1D0D03DB1B0B03D6E
:104AF000A1A0203E8584043E8180003EF1F0F03D7F
:104B00009594143ED9D8D83DE9E8E83DE9E8E83D78
:104B1000D1D0D03DE9E8E83DC9C8C83DD9D8D83D95
:104B2000A9A8A83DE1E0E03DB9B8B83D8988883D35
:104B3000B1B0B03D9998183E8988083EB1B0303D7B
:104B40009998983D8180803DD1D0D03D8180003EB4
:104B5000B9B8B83D9190103ED9D8D83DA1A0A03D9C
:104B60009998983DD1D0D03DF1F0F03D8180003E44
:104B70008180803DB9B8B83DC1C0C03D9998983D8D
:104B80009998983DA1A0A03DB1B0B03D9190903DC5
:104B9000F9F8F83DC1C0C03DF9F8F83DA1A0A03D2D
:104BA0008988883DB9B8B83D8988883DE9E8E83DFD
:104BB000C9C8C83D9190903DE1E0603D8584043EC8
:104BC000D1D0503DB1B0B03DD1D0D03DD1D0D03D0D
:104BD000F9F8F83DA5A4243E9998183EC9C8C83DE7
:104BE0009998983DC1C0C03D8D8C0C3EA9A8A83DA8
:104BF000F1F0F03D9998183EC1C0C03DD1D0D03DF4
:104C0000A9A8A83DC9C8C83D8988083E9594143E06
:104C10009594143E9190103EA1A0203E8584043EC0
:104C20009190103EF1F0F03DB9B8B83DB1B0B03D53
:104C3000B9B8B83DD9D8D83D8D8C0C3EC1C0C03D67
:104C4000C1C0403DB9B8B83D9998183E8180003E3A
:104C5000F1F0F03DC1C0C03DA9A8A83D9190903DA4
:104C60009998183EA1A0A03DD1D0D03DB1B0B03DA3
:104C7000A9A8A83DC1C0C03DB1B0B03DD1D0503D04
:104C80008988883DB9B8B83DA9A8A83D8180003D74
:104C90008180803DB1B0303D8988883D8180803DF4
:104CA000A1A0A03D9190103D9998983DE1E0E03D94
:104CB000E1E0E03D8180003DA9A8A83DB1B0B03D54
:104CC0009998983DD1D0503DF1F0F03D8988883DCC
:104CD000E1E0E03DA9A8A83DE1E0E03D8584043E97
:104CE000E1E0E03DA1A0A03DF1F0F03DA9A8A83D84
:104CF000B1B0B03D8584043E8180003EA9A8A83DA6
:104D0000F1F0F03DC9C8C83DF1F0703D8D8C0C3E0E
:104D10008180003EC9C8C83DBDBC3C3E9998183E44
:104D20008988083EB9B8B83D8180003EC9C8C83DF1
:104D3000F1F0703DB1B0B03DF9F8F83D8180003E32
:104D40009190103E8584043EC9C8C83DA9A8A83DDD
:104D5000F9F8F83DC9C8C83DA9A8A83DD1D0D03DB3
:104D6000F1F0F03D8180803DE9E8E83D8988083E2A
:104D7000F1F0F03DA1A0A03DD9D8D83DD9D8D83D7B
:104D80009190103DF1F0703DE1E0E03DE1E0603DEB
:104D9000F1F0703D9190103DD1D0D03DB9B8B83D03
:104DA000A1A0A03D8988083EF1F0703DA1A0A03DE2
:104DB000C1C0C03D9190903DE1E0E03DB9B8B83D43
:104DC000B1B0B03DB9B8B83DC9C8C83DE1E0E03DBB
:104DD000A1A0A03DA1A0A03DD1D0D03DB9B8B83D83
:104DE000C1C0C03DD9D8D83DA9A8283EB9B8B83D62
:104DF000E1E0E03DB1B0B03DC1C0C03D8180003ECA
:104E0000F9F8F83DE9E8E83D8D8C0C3E8988083ECC
:104E1000F9F8F83DF9F8F83DB1B0B03DD1D0D03D4A
:104E2000F1F0F03DE9E8E83D8988083EB1B0B03DD9
:104E3000A1A0A03DC1C0C03D9998983DE9E8E83DDA
:104E40009594143E8584043EA1A0A03DF1F0F03D70
:104E50009D9C1C3ED1D0D03DD9D8D83DA9A8A83D15
:104E6000F1F0F03DA1A0A03DE1E0E03DE1E0E03D5A
:104E7000B1B0B03DC9C8C83D8584043EF1F0703D75
:104E80008180803DE1E0603DA9A8A83DD1D0D03D22
:104E90009998983DC1C0C03DA9A8A83DC9C8C83DC2
:104EA0008180803D9190903D8988883D9190903D92
:104EB000D1D0D03DC1C0C03D9998983D8988883DEA
:104EC0008988883DA9A8A83DD9D8D83DE9E8E83D1A
:104ED000D1D0D03DD9D8D83DD9D8D83DA9A8A83D62
:104EE000A1A0A03DF1F0F03D8D8C0C3EE9E8E83D3D
:104EF000C9C8C83DE9E8E83DC9C8C83DF9F8F83D6A
:104F0000B9B8383E9190103E8988083EB1B0303E25
:104F1000B1B0303EA9A8A83DA9A8A83DE1E0E03D78
:104F2000F9F8F83D8180003E9998183EE9E8E83D9F
:104F3000F1F0F03DE1E0E03DE1E0E03D9998983DA1
:104F4000B9B8B83DE9E8E83DF1F0F03D8D8C0C3E94
:104F5000B9B8B83DF1F0703DD1D0D03DB1B0B03D61
:104F60009998183EC9C8C83DF1F0F03D9594143E9B
:104F7000E1E0E03D8584043ED9D8D83DA9A8A83D0C
:104F80008988883DB1B0B03DE1E0E03D8584043ED4
:104F9000C1C0403DA9A8A83DE9E8E83D9190103E78
:104FA000F9F8F83D8988083EC9C8C83DA9A8A83DB8
:104FB0008180803DF9F8F83DB1B0B03D8988883DE9
:104FC000A1A0A03D9190903DE9E8E83D9190103E70
:104FD000F1F0F03D9190103ED1D0D03DF1F0F03D98
:104FE000F9F8F83D8D8C0C3E8988083EA5A4243E36
:104FF000E1E0E03DD1D0D03D8180003E8584043E9B
:105000008988083E8584043E8D8C0C3E9594143E20
:105010009998183EB9B8B83D8988083E9998183EC5
:105020008584043EE9E8E83D9998183EF1F0F03DAA
:105030008180003E9998183E8988083E8180003E14
:10504000C1C0C03DE1E0E03D8180003EF9F8F83D9F
:10505000E9E8E83DA1A0A03D8988883DC1C0C03DE8
:10506000C1C0C03DF9F8F83DD1D0D03DC1C0C03D70
:10507000A1A0A03DB9B8B83DB9B8B83DD9D8D83D80
:10508000A1A0A03DC9C8C83DF1F0F03DF1F0703DD0
:10509000B9B8B83DE1E0603D8180803DD9D8D83DC8
:1050A000D9D8D83D8D8C0C3E8584043E8180003E4D
:1050B000E1E0E03DC9C8C83D8D8C0C3EE1E0E03D3B
:1050C000B1B0B03D8988083EC1C0C03DE1E0E03DDF
:1050D000C1C0C03DB1B0B03D8D8C0C3E8584043E56
:1050E000E9E8E83D9190103E9998183EF1F0F03DC6
:1050F000B1B0B03DC1C0C03DD9D8D83DF9F8F83DF8
:10510000C9C8C83D9190103EA1A0203E9998183E74
:105110009190903DA1A0203EF9F8F83D8584043E91
:105120009998183ED9D8D83D9998983D8180003EED
:10513000A9A8283E9594143EE1E0E03DA9A8A83D29
:10514000B9B8B83DA9A8A83DF1F0703DA9A8A83DFF
:10515000D1D0D03DE1E0E03DD9D8D83DD1D0D03D4F
:10516000A1A0A03DA9A8283EA9A8A83D9998983D2E
:10517000E1E0E03DD1D0503DA9A8A83D9190903DFF
:105180009190903DA1A0A03DE1E0E03DF9F8F83D0F
:10519000C1C0C03DE9E8E83D8180803DF1F0703D4F
:1051A000E1E0E03D8180803D8988883D9998983D87
:1051B000C1C0C03DC1C0C03DC1C0C03D8D8C0C3E12
:1051C000B1B0B03DB9B8B83DF1F0F03D9998183E96
:1051D000C9C8C83DC1C0C03DF1F0F03DD1D0D03DFF
:1051E0008180003E9594143ED9D8D83DD9D8D83D79
:1051F0008180003E9998183E9594143E8584043E23
:105200009D9C1C3EA1A0203E8180003E9190103EBE
:105210009D9C1C3EA5A4243EC9C8483EA9A8283E82
:10522000C9C8483EA1A0203EC9C8C83D8584043EE7
:105230009594143EF9F8F83D8988083E9D9C1C3EE3
:10524000D1D0D03DD1D0503D9998983D9998183EF5
:105250008584043EE1E0E03D8988083E9998983DC8
:105260009190903DC1C0C03D9998183EF1F0F03D3D
:10527000B1B0B03DE1E0E03DE9E8E83D9998983D06
:105280009998983DA1A0203DB1B0B03DE9E8E83D36
:105290008D8C0C3E8584043ED1D0503D9998983D2C
:1052A000B1B0B03DD1D0503DA9A8A83D9190903D5E
:1052B000B9B8B83DE1E0E03DE9E8E83D8584043E69
:1052C000A1A0A03DA1A0A03DD1D0D03D8988083E9D
:1052D000C9C8C83DC9C8C83DC1C0C03DE1E0E03D46
:1052E000F1F0F03D8180003EF9F8F83DA1A0A03D2D
:1052F000D1D0D03D9190103EA5A4243ED9D8D83D20
:105300009998183EB1B0303EB9B8383EBDBC3C3E6D
:10531000B9B8383EE1E0603EADAC2C3EE9E8E83D8E
:105320008D8C0C3E9D9C1C3EE9E8E83D8988083E3A
:105330008584043E8180003E8180003EA9A8283EED
:105340008584043ED1D0D03D9594143EB9B8B83D83
:105350008180003EF1F0F03D9998983DA1A0A03DDC
:10536000A1A0A03DA9A8A83DA1A0A03D8988883DF5
:10537000D1D0D03DD1D0D03DA1A0A03DC1C0403DB5
:10538000B9B8B83DE9E8E83DF9F8F83DB1B0B03D4D
:10539000B9B8B83D9190103EC1C0403D9998983D34
:1053A000B1B0B03D8988083EE1E0E03DB1B0303DAC
:1053B0008180803DD9D8D83DF1F0F03DF9F8F83D35
:1053C000E1E0E03D9190903DB1B0B03D8988083E6C
:1053D000E9E8E83D8D8C0C3E9190103EF9F8F83DDF
:1053E000F9F8F83D8D8C0C3E8988083E8D8C0C3E7A
:1053F0009D9C1C3EF9F8F83D8584043E9594143E2E
:10540000F9F8F83D9190103ECDCC4C3EC9C8483ECD
:10541000A1A0203E9D9C1C3ECDCC4C3EA1A0203E98
:10542000B9B8383EB9B8383EB9B8B83D9D9C1C3EB5
:105430009D9C1C3EE1E0E03D9594143EF1F0F03D72
:105440008D8C0C3E9998983DD1D0D03D8180003E06
:10545000F1F0F03DF1F0F03DC1C0C03DC1C0C03D34
:10546000F1F0703DB9B8B83DD9D8D83DB1B0B03D34
:105470008988883D8584043E8584043EC9C8C83D2A
:10548000D9D8D83DA1A0A03DB9B8B83DC9C8C83D3C
:10549000A1A0A03DD9D8D83D8180803DE1E0E03D8C
:1054A000A1A0A03DE1E0E03DF1F0703DC9C8C83DDC
:1054B0009998183EE1E0E03DB9B8B83DE1E0E03D43
:1054C0008D8C0C3EF1F0F03DD1D0D03D9594143E42
:1054D0009998183E8988083E8180003EF9F8F83D89
:1054E000D9D8D83DD9D8D83DB9B8B83DC9C8C83D34
:1054F0009998183EC5C4443EA9A8283E9594143EE8
:10550000A1A0203EA5A4243EB1B0303E8180003E43
:10551000A9A8283EB5B4343E9D9C1C3EBDBC3C3E73
:10552000B9B8383EB1B0303E9998183EB1B0303E6F
:10553000ADAC2C3E9998183EB1B0B03D9190103E64
:10554000F1F0F03DC1C0C03D9594143E8988083EFD
:105550009594143E9594143E9594143EF9F8F83DB4
:105560008180803D9998983DE9E8E83DE9E8E83D8B
:10557000D1D0D03DD1D0D03DC1C0C03DE1E0E03D73
:105580009998983DC1C0403D9998983DF1F0703D83
:10559000C1C0403D8180003EE9E8E83D9190903DEA
:1055A000F9F8F83DE1E0E03DC9C8C83DA9A8A83D2B
:1055B0008988883DE9E8E83DE9E8E83D8180003DEB
:1055C0009190103EADAC2C3E9998183EF1F0F03D14
:1055D000A1A0203EA1A0203EF1F0F03DA1A0A03D61
:1055E0009594143EB1B0303EA1A0203EA5A4243E27
:1055F000A5A4243EB1B0303EB9B8383E9D9C1C3EB7
:105600008584043EB5B4343EC9C8483ED1D0503E2E
:10561000C1C0403EB5B4343EA5A4243E8988083EAE
:105620009998183E8D8C0C3EADAC2C3EA5A4243E22
:10563000C1C0403EA1A0203EE1E0E03DA1A0203E4F
:10564000A9A8283EA5A4243E9998183EC9C8C83DDB
:10565000C9C8C83DD1D0D03DC9C8C83DC1C0C03DF2
:10566000B9B8B83DA9A8A83DD9D8D83D8D8C0C3E75
:105670008584043EB9B8B83D8988883D8180803DE5
:105680009998983D8180803DB9B8B83D9190903D02
:10569000F1F0F03DB9B8B83DB1B0303DA1A0203D2A
:1056A000C1C0403D9190903DB9B8B83DE9E8E83DB2
:1056B0009190903D8988883DB1B0303D9998983D52
:1056C0008584043E8D8C0C3E8988083EA5A4243E2A
:1056D0009594143E9190103EB1B0303EA1A0203E72
:1056E000C1C0403EF1F0F03DADAC2C3EC9C8483ED3
:1056F000CDCC4C3EE1E0603EC9C8483EDDDC5C3EBE
:10570000E9E8683ECDCC4C3EC1C0403EB9B8383E19
:10571000C5C4443ECDCC4C3EB9B8383EB5B4343E99
:10572000ADAC2C3EC1C0403EB1B0303E8D8C0C3E85
:10573000E9E8E83DE9E8E83DB1B0303E8584043E63
:10574000C1C0403E9190103ED1D0D03DB1B0B03DEF
:10575000C1C0C03DE9E8E83DC1C0C03D9594143EDC
:105760009D9C1C3E8988883D8D8C0C3EE1E0E03D8F
:10577000E1E0E03D8584043E9998183EC1C0C03DFB
:10578000C1C0403D8988883DB1B0B03D9998983DF1
:10579000B9B8B83DC1C0C03DB1B0B03DB1B0B03D89
:1057A000D9D8D83D8584043E9998983DD1D0D03D34
:1057B000E1E0E03DD1D0D03DC1C0C03D8988083E88
:1057C000F1F0F03D9998983D8988883DE9E8E83DF9
:1057D0008D8C0C3ED1D0D03D9998183EB9B8383E4A
:1057E0009190103EB9B8B83DC9C8483EBDBC3C3EDA
:1057F000C9C8483EE1E0603EC1C0403EC5C4443E29
:10580000EDEC6C3ED1D0503EE9E8683ED1D0503E40
:10581000C1C0403ECDCC4C3E9594143EADAC2C3E28
:10582000B1B0303ED5D4543ED9D8583EB1B0303E58
:105830009998183E9D9C1C3E8180003E8584043EC4
:105840008584043ED1D0D03DF1F0F03D9998183ECA
:10585000D9D8D83D8180003EE9E8E83DC9C8C83DB7
:10586000E9E8E83DE1E0E03DF1F0F03DE9E8E83D60
:10587000F1F0F03D8180803DE1E0E03DB9B8B83D18
:10588000E9E8E83DE1E0E03D8180003EB1B0303D37
:10589000C1C0403DC1C0C03DB9B8B83DA9A8A83DF0
:1058A000F1F0F03DC1C0C03DA1A0203DC1C0C03D50
:1058B0009190103E9190103ED1D0D03DB1B0B03D0E
:1058C000A9A8283EE1E0E03DA9A8A83DA5A4243E62
:1058D000B1B0303EBDBC3C3EA1A0203E8988083E10
:1058E000B9B8383EBDBC3C3EBDBC3C3EBDBC3C3EF8
:1058F000E1E0603EF1F0703EE5E4643EF1F0703EC0
:10590000BDBC3C3EE9E8683EE5E4643ED9D8583E7B
:10591000E5E4643EF1F0703EDDDC5C3EC1C0403E3B
:10592000B1B0303EC1C0403EC9C8483EC5C4443E87
:10593000ADAC2C3EADAC2C3EADAC2C3E8D8C0C3EBB
:105940008584043E9190103EB5B4343E9190103E53
:105950008988883DE9E8E83D8988883DF1F0F03D97
:10596000A1A0203E9190103ED1D0D03DF9F8F83D55
:10597000D1D0D03D9998983D8180003EE1E0E03D56
:10598000B1B0B03D9998983DF1F0F03DC1C0C03D37
:10599000C1C0C03DA9A8A83DF9F8F83DD1D0503DFF
:1059A000E1E0E03D9594143E9998983DE1E0603D3A
:1059B000C9C8C83D8180003E8988883DB1B0B03DEE
:1059C000F1F0F03D9594143EF9F8F83DE9E8E83D32
:1059D0008584043EA1A0203EBDBC3C3EC1C0403EEB
:1059E000C5C4443EA9A8283EE5E4643EE5E4643E1F
:1059F000D9D8583EE5E4643EF1F0703E8786863E95
:105A00008180803E8382823EEDEC6C3EE9E8683E18
:105A10008988883EF1F0703E8786863EF5F4743EB4
:105A2000EDEC6C3EC5C4443EA5A4243EA9A8283E86
:105A3000D1D0503EC5C4443EB5B4343EC1C0C03DD3
:105A4000A1A0203E8584043EB1B0B03DD1D0503DF0
:105A5000D1D0D03DB1B0B03DD1D0D03D8180003E5D
:105A6000C9C8C83DA9A8A83D9998983DC9C8C83DCE
:105A7000C1C0C03DA9A8A83DE9E8E83DB1B0B03D2E
:105A80009998183ED9D8D83DD1D0503D8180803DDD
:105A9000F1F0703D9998983DC1C0C03D9998983DEE
:105AA0009190903D8D8C0C3EA1A0203E8584043EBB
:105AB0008180803DC9C8C83D9998183E9594143E90
:105AC0009594143E8180003EF1F0F03DC9C8C83D78
:105AD0008988083EC1C0C03D9D9C1C3EC5C4443E53
:105AE0008584043E9594143ED9D8583EDDDC5C3E56
:105AF000F5F4743EE5E4643EF5F4743EFDFC7C3E52
:105B00008B8A8A3E9998983EA3A2A23E8B8A8A3EAF
:105B10008786863E8584843E8988883EB5B4343E37
:105B2000DDDC5C3EE5E4643EB5B4343EB5B4343E01
:105B3000C5C4443EADAC2C3E9998183E8584043EC5
:105B4000B9B8383E8584043EB1B0B03D9998983DCF
:105B5000D9D8D83DA9A8283EA9A8A83DE1E0E03DB4
:105B60009998983DD1D0D03DB5B4343EC1C0C03D28
:105B7000E1E0E03DA9A8A83DE1E0E03DF1F0703DA5
:105B80009998183E9998983DC1C0403DD1D0D03DDC
:105B90008584043E9190903DB1B0B03DB9B8B83D18
:105BA000C1C0C03DB9B8B83D8180003E8988083E7B
:105BB000F9F8F83DF9F8F83D8988083EB1B0303E73
:105BC000C9C8C83D8584043E9190103ED9D8D83DBF
:105BD000A9A8283E9594143ED5D4543EE1E0603EF9
:105BE000ADAC2C3EBDBC3C3EE5E4643EF5F4743EF9
:105BF0008F8E8E3E8D8C8C3E9D9C9C3E9392923ED1
:105C0000F9F8783E9190903E9594943E9594943E08
:105C10009594943E9594943E9F9E9E3E8D8C8C3E92
:105C2000C1C0403EC1C0403EEDEC6C3EDDDC5C3EA0
:105C3000C1C0403E9594143EF1F0F03D8180003E9D
:105C40009190103EADAC2C3E8584043EF1F0F03DC9
:105C5000F9F8F83DD9D8D83DA9A8A83D8D8C0C3EBF
:105C6000F9F8F83DC1C0C03DC9C8C83DE1E0603D9C
:105C7000A9A8A83DE1E0E03DF9F8F83D8180003EAB
:105C8000A1A0A03DD1D0D03DE9E8E83DE9E8E83D5C
:105C90008584043EB1B0B03DD1D0D03D8D8C0C3E5A
:105CA000B1B0B03D8988083EC9C8C83D8180003E7A
:105CB000B1B0B03DB9B8B83DE1E0E03D9594143ED7
:105CC000A5A4243E8584043EA1A0203EF9F8F83D19
:105CD000ADAC2C3ED1D0503EE1E0603EB1B0303EA4
:105CE000D9D8583EF1F0703E8988883E9594943E0C
:105CF0009190903E9998983E8F8E8E3E9796963EC4
:105D00009796963E9796963EA7A6A63EA5A4A43E35
:105D10009B9A9A3E9B9A9A3E9594943E8F8E8E3E85
:105D20008786863EEDEC6C3ED5D4543EF9F8783E3D
:105D3000BDBC3C3E9D9C1C3EB1B0303E9594143E93
:105D40008D8C0C3EE1E0E03DBDBC3C3E8584043ED4
:105D50008D8C0C3EB1B0303E8584043E9190903DD8
:105D6000C9C8C83DF1F0F03D9998983DC9C8C83DF3
:105D7000F1F0F03DC1C0C03DD1D0D03DB5B4343E0E
:105D8000E9E8E83D8180803DF9F8F83DD1D0D03D8B
:105D90008180803DC9C8C83D9998983DB1B0B03D5B
:105DA000A9A8A83DB1B0303ED9D8D83DE9E8E83D32
:105DB000E9E8E83DD9D8D83DA5A4243E8988083E25
:105DC0008D8C0C3EE9E8E83D9190103EB1B0303E3C
:105DD000B9B8383EADAC2C3EDDDC5C3EC5C4443EBB
:105DE000F5F4743E8584843E8988883E9B9A9A3E69
:105DF0009998983E9B9A9A3E9796963EA3A2A23E69
:105E0000B5B4B43EB5B4B43EB1B0B03EA9A8A83E56
:105E1000ABAAAA3EA5A4A43E9190903E8786863E5A
:105E2000F9F8783E8180803ED9D8583EF5F4743E2A
:105E3000B9B8383EB9B8383EEDEC6C3EB1B0303E42
:105E4000B9B8383E9998183E9190103EF9F8F83D4F
:105E50008988083E9190103EA9A8A83D8988883D70
:105E6000D9D8D83D9998183EADAC2C3EF1F0F03D14
:105E7000E1E0E03DC1C0C03D8584043E9D9C1C3EE8
:105E8000B9B8B83D8180803DD1D0503DC1C0C03D42
:105E9000F1F0F03D8180803DA9A8A83DC1C0C03D82
:105EA000A9A8A83DD9D8D83D8988083EB1B0B03D51
:105EB000C1C0C03DE9E8E83D8180003EC1C0C03DB1
:105EC000E9E8E83DF1F0F03D8988083E9998183EF0
:105ED0008584043EBDBC3C3EC9C8483ED5D4543E32
:105EE000FDFC7C3EF9F8783E8584843E9F9E9E3E74
:105EF000ABAAAA3EA7A6A63EAFAEAE3EB7B6B63E8A
:105F0000BBBABA3EB9B8B83EBDBCBC3EB5B4B43EEF
:105F1000B9B8B83EB3B2B23EA1A0A03E9796963EA5
:105F20008584843E9392923EF5F4743E8988883E3F
:105F3000D9D8583EB1B0303ED5D4543EB5B4343E35
:105F4000D9D8583EC5C4443E8584043EA5A4243E09
:105F5000A5A4243EF1F0F03D9998983DB1B0B03D34
:105F6000B1B0B03DD9D8D83D9190103E9998183E27
:105F7000F1F0F03DA9A8A83DC1C0C03DE1E0E03D81
:105F80008584043E8988083EA9A8A83DB1B0B03DEB
:105F90009190103EC9C8C83DB9B8B83D9998183E0F
:105FA000F9F8F83DC1C0C03DA9A8A83DD9D8D83D51
:105FB000F1F0703DB1B0B03DD9D8D83DE9E8E83D49
:105FC0008D8C0C3E8584043EA9A8283EADAC2C3EA9
:105FD000ADAC2C3EB9B8383EADAC2C3E8180803E95
:105FE0008B8A8A3E8180803EF5F4743E9D9C9C3E67
:105FF000B3B2B23EB9B8B83EB7B6B63EC3C2C23EFF
:10600000CDCCCC3ECDCCCC3ECFCECE3EC7C6C63E10
:10601000C5C4C43EBDBCBC3EBBBABA3EB7B6B63EB4
:10602000A5A4A43E9190903E9998983E8786863E7E
:10603000F9F8783EE5E4643EB5B4343ECDCC4C3E50
:10604000D5D4543EADAC2C3E9998183E9998183E44
:10605000BDBC3C3E9190103EB1B0B03D8584043E45
:10606000C1C0C03D9190903DC9C8C83D8584043EE3
:10607000B1B0B03DE1E0E03DA9A8A83DD1D0D03D10
:10608000A1A0A03DC1C0C03DF1F0F03DC1C0C03DE8
:106090008180003DF1F0703DC1C0403D8988883D60
:1060A000E1E0603DE1E0E03DC1C0C03DB9B8B83DD0
:1060B000F9F8F83D9594143EA1A0A03D8180003EE2
:1060C0008584043EE9E8E83DA5A4243E9D9C1C3E51
:1060D000E1E0603ECDCC4C3ED5D4543EF5F4743E68
:1060E0008B8A8A3E9190903E9B9A9A3EA3A2A23EB2
:1060F000B5B4B43EBBBABA3ECFCECE3ED3D2D23E7A
:10610000DDDCDC3EDBDADA3EDDDCDC3ED9D8D83E55
:10611000D3D2D23ECFCECE3EC7C6C63EBBBABA3E23
:10612000ADACAC3E9F9E9E3E9796963E8786863E41
:10613000FDFC7C3E8988883EE5E4643EB1B0303E9B
:10614000D1D0503E9594143E9D9C1C3E8180003ED3
:10615000A5A4243E8D8C0C3E8988883DE9E8E83D65
:10616000D1D0D03D8180803DA9A8A83DB9B8B83D27
:10617000C9C8C83DD1D0D03DC1C0C03D8D8C0C3EFA
:10618000B9B8B83DE9E8E83DF9F8F83D8584043E42
:10619000D1D0D03DD9D8D83DF1F0F03D9594143E02
:1061A000F1F0F03D9998983DA9A8283EE1E0E03D46
:1061B0008988083ED9D8D83D8180003EF1F0F03D75
:1061C000D1D0D03DC9C8C83DB1B0303EB5B4343EE1
:1061D000B9B8383EB5B4343EE1E0603EE9E8683E27
:1061E0008D8C8C3E9F9E9E3EAFAEAE3EB1B0B03E1B
:1061F000BFBEBE3ECDCCCC3ED5D4D43EE5E4E43EDD
:10620000EDECEC3EEFEEEE3EE9E8E83EEBEAEA3E8E
:10621000E1E0E03ED7D6D63ECDCCCC3EC5C4C43EB0
:10622000B1B0B03EA9A8A83E8786863E8180803E58
:10623000F9F8783E8584843EFDFC7C3ED5D4543EFE
:106240009D9C1C3EA1A0203EB9B8383EF1F0F03D27
:106250009D9C1C3E8180003EE1E0E03DF9F8F83D68
:10626000B9B8B83DD1D0D03DB9B8B83DE9E8E83DBE
:106270008584043ED9D8D83DF9F8F83DD9D8D83D21
:10628000C1C0C03D8180003E8180803DE1E0E03DB5
:10629000F1F0F03DE1E0E03D8584043EE9E8E83DD1
:1062A000B1B0B03DF9F8F83D9594143EF1F0F03DF1
:1062B0008584043ED9D8D83D9998183E9D9C1C3EB3
:1062C000A9A8A83D8180003EC1C0403EE1E0603EFB
:1062D000ADAC2C3EF1F0703EE9E8683E8584843E2A
:1062E0009998983E9594943EAFAEAE3EB5B4B43E08
:1062F000CBCACA3EDBDADA3EE1E0E03EF5F4F43E3A
:10630000FDFCFC3E8180003FFBFAFA3EFDFCFC3EBA
:10631000F5F4F43EE7E6E63EDBDADA3ECBCACA3E07
:10632000B7B6B63EA3A2A23EA5A4A43E8F8E8E3ED3
:106330008584843EE5E4643EE5E4643EBDBC3C3EC9
:10634000A1A0203EC5C4443EB1B0303E8988083E7D
:10635000F1F0F03DA5A4243EF9F8F83DF9F8F83D38
:10636000D1D0D03D8180003EB1B0B03DE1E0E03D14
:106370008180003EC1C0C03DF9F8F83D9190903D4C
:10638000C9C8C83DE1E0E03DA1A0203DA1A0A03DDD
:10639000F1F0703DD1D0D03DE1E0E03DF1F0F03DD5
:1063A000F1F0F03DF9F8F83DC1C0C03DD9D8D83D75
:1063B000F1F0F03DF9F8F83D8988083EE1E0E03D74
:1063C000E9E8E83DA9A8283ED9D8583EC1C0403EDA
:1063D000D1D0503EF1F0703E8786863E8D8C8C3E4B
:1063E0009796963E9F9E9E3EB3B2B23EC5C4C43EB3
:1063F000D9D8D83EE9E8E83EFBFAFA3E8382023F6C
:106400008988083F8C8B0B3F8C8B0B3F8988083F1A
:106410008483033FFBFAFA3EEBEAEA3ED5D4D43E4E
:10642000C3C2C23EADACAC3EEDEC6C3EFDFC7C3E6E
:106430009190903EFDFC7C3EF1F0703ECDCC4C3E08
:10644000B9B8383EB5B4343EA1A0203EC9C8483ED4
:106450009190103E9594143E9998183EE9E8E83DD5
:106460009998983D9190103EC1C0C03DC1C0C03DBB
:10647000D1D0D03DE9E8E83D9190103E8584043EBE
:10648000A9A8A83DA9A8A83DB1B0B03D8180803D94
:106490008988883DD9D8D83DC1C0403D9594143EE7
:1064A000B1B0B03D9190903DF9F8F83D8180003E4B
:1064B000F1F0F03D8988083EC9C8C83DA5A4243E36
:1064C000ADAC2C3EF9F8F83DA9A8283EB1B0303E5D
:1064D000D1D0503ED9D8583EE1E0603E9190903EF8
:1064E000A5A4A43EA5A4A43EBFBEBE3ECBCACA3E40
:1064F000E1E0E03EF5F4F43E8584043F8E8D0D3FEF
:106500009493133F9897173F9998183F9695153F86
:106510008F8E0E3F8685053FF9F8F83EE7E6E63EAA
:10652000D7D6D63EC1C0C03E8D8C8C3E9B9A9A3E3B
:106530009190903E8382823E8988883EC5C4443EC5
:10654000D1D0503EA1A0203E9D9C1C3EB5B4343E0F
:106550009594143EA9A8283ED1D0D03DC1C0C03DDD
:10656000F1F0F03DF1F0F03DC1C0C03DF9F8F83D6B
:10657000D9D8D83D8180003E9594143E9594143E20
:10658000F1F0F03DA9A8A83D8180003EC9C8C83DF2
:10659000D9D8D83DD9D8D83DE1E0603DB9B8B83DAB
:1065A0008180003EA5A4243EA1A0A03DE1E0603D85
:1065B000F1F0F03D9998183EC1C0C03DC1C0C03D4A
:1065C000B5B4343EB1B0303EA1A0203EB1B0303EB3
:1065D000D1D0503E8180803EF5F4743E9594943E37
:1065E000A9A8A83EAFAEAE3EC7C6C63ED9D8D83ED3
:1065F000E9E8E83E8584043F8D8C0C3F9897173F6F
:10660000A1A0203FA5A4243FA6A5253FA2A1213FEC
:106610009998183F908F0F3F8584043FF1F0F03E2A
:10662000DDDCDC3EC9C8C83EBFBEBE3EA7A6A63E56
:10663000A3A2A23E8D8C8C3E8584843EF5F4743EEC
:10664000F1F0703EB5B4343EBDBC3C3E9D9C1C3E5A
:10665000C1C0403EE9E8E83DA1A0203E8D8C0C3E43
:10666000BDBC3C3E8988083EE1E0E03DA5A4243E57
:10667000ADAC2C3EF9F8F83DADAC2C3E9594143EF3
:106680009998183EA9A8283E8988883DD9D8D83D30
:106690009998983DB1B0B03DA9A8A83DF1F0703DE2
:1066A000B9B8B83D8180003E9D9C1C3E8988883DDC
:1066B000D9D8D83DD9D8D83DA1A0203E9190103E40
:1066C0009998183EA5A4243E9998183ECDCC4C3EEE
:1066D000D1D0503EF1F0703E9594943E9190903E12
:1066E0009796963EBBBABA3EC9C8C83EE1E0E03EC6
:1066F000FDFCFC3E8A89093F9796163FA6A5253FDB
:10670000B0AF2F3FB8B7373FB8B7373FB1B0303F22
:10671000A6A5253F9998183F8B8A0A3FFDFCFC3EB1
:10672000E1E0E03ED9D8D83EBDBCBC3EA9A8A83E19
:10673000A3A2A23E9392923EEDEC6C3EE1E0603E5D
:10674000A1A0203EC1C0403EC5C4443EBDBC3C3EAD
:106750009998183ED9D8D83DC5C4443EE9E8E83DEB
:10676000E9E8E83DA1A0203EF1F0F03D8988083E2F
:10677000C9C8C83DE1E0E03DA5A4243E9594143E7F
:106780009D9C1C3EF9F8F83DE1E0603DE1E0603D94
:10679000A1A0A03D8988883D9998983D8180803D41
:1067A000E9E8E83DD1D0D03DF9F8F83D8584043ED4
:1067B000B1B0B03D9190103EB1B0B03DF1F0F03DC0
:1067C0008180003EA9A8A83DBDBC3C3EDDDC5C3E0E
:1067D000C1C0403EE9E8683E9998983E9F9E9E3E23
:1067E000A1A0A03EBBBABA3ED5D4D43EEBEAEA3E65
:1067F0008584043F9594143FA3A2223FB4B3333F52
:10680000C2C1413FCDCC4C3FCECD4D3FC2C1413F37
:10681000B3B2323FA1A0203F9291113F8483033F46
:10682000E9E8E83ED3D2D23EBFBEBE3EA7A6A63E12
:106830009998983E8D8C8C3E8584843EE9E8683E2C
:10684000C5C4443ED5D4543EC5C4443EC5C4443EEC
:106850009998183EADAC2C3EA9A8283EA9A8283E80
:10686000D5D4543EA1A0203EF9F8F83D9594143EAD
:10687000E1E0E03DD9D8D83D9D9C1C3E8988083E8A
:106880009190103EF9F8F83D8180803D9190903DC7
:106890009998983DC9C8C83DC9C8C83DB1B0B03D78
:1068A000A1A0A03DC1C0C03DF9F8F83DE1E0E03D48
:1068B000B1B0B03DD1D0D03D8180803DB9B8B83DB8
:1068C000C5C4443EB5B4343EC1C0403EB9B8383EFC
:1068D000C5C4443E8382823E8D8C8C3E9B9A9A3EF8
:1068E000ABAAAA3EC1C0C03ED9D8D83EF3F2F23E10
:1068F0008E8D0D3FA2A1213FB0AF2F3FC0BF3F3FC4
:10690000D4D3533FE4E3633FE4E3633FD3D2523F46
:10691000BEBD3D3FA8A7273F9695153F8584043F00
:10692000EDECEC3EDDDCDC3EC1C0C03EA7A6A63EE1
:106930009796963E9B9A9A3E8988883EF1F0703EE3
:10694000E1E0603ED5D4543EA5A4243EB5B4343E27
:10695000BDBC3C3EA9A8283E8D8C0C3E9594143EAF
:10696000C1C0403EA5A4243E8D8C0C3EB9B8383E33
:10697000D1D0D03DC9C8C83D8584043EA1A0203EE9
:10698000E9E8E83DB9B8B83DB1B0B03DD1D0D03DAF
:10699000B1B0B03D8180803DB9B8B83DA9A8A83D4F
:1069A000D1D0D03DF1F0F03DF9F8F83D8988083EAE
:1069B0009D9C1C3EF1F0F03D9594143E9998183E34
:1069C0009594143EADAC2C3ECDCC4C3ED9D8583E1F
:1069D000E1E0603EF5F4743E8382823E9B9A9A3EEB
:1069E000B3B2B23EC9C8C83ED5D4D43EFBFAFA3ED3
:1069F0009392123FAAA9293FB7B6363FC7C6463F72
:106A0000DFDE5E3FF1F0703FEFEE6E3FDDDC5C3FBE
:106A1000C5C4443FADAC2C3F9A99193F8887073FC6
:106A2000F1F0F03EDBDADA3EC5C4C43EADACAC3EBC
:106A30009D9C9C3E9594943EEDEC6C3ED1D0503E96
:106A4000BDBC3C3E8988083EB9B8383EA9A8283E5E
:106A5000ADAC2C3E9190103E9998183EB1B0303EAE
:106A60009D9C1C3EB5B4343E9190103E9594143ECE
:106A7000F1F0F03DB1B0B03DF9F8F83DB9B8B83D2E
:106A8000B9B8B83D8180803DC9C8C83D8180803D8E
:106A9000C1C0403D9190903DF1F0F03D8D8C0C3E99
:106AA000D1D0D03DC1C0C03DE1E0603DE9E8E83D66
:106AB000D1D0D03D8584043E8988083EF9F8F83D60
:106AC000D9D8D83D8988083EBDBC3C3ED9D8583E6F
:106AD000BDBC3C3E8180803E8F8E8E3E8D8C8C3E38
:106AE000B5B4B43EC5C4C43EE3E2E23EFFFEFE3EA2
:106AF000908F0F3FA5A4243FB4B3333FC6C5453F95
:106B0000DDDC5C3FEEED6D3FEEED6D3FDBDA5A3FD5
:106B1000C3C2423FACAB2B3F9998183F8685053FD7
:106B2000F1F0F03ED9D8D83EBFBEBE3EB7B6B63EB5
:106B3000A1A0A03E8988883ED9D8583EC5C4443E0D
:106B4000DDDC5C3EA1A0203EB1B0303E9D9C1C3EF1
:106B50009D9C1C3EADAC2C3E9190103EC9C8C83DDA
:106B6000E1E0E03D9D9C1C3ED1D0D03DF1F0F03DF8
:106B7000E9E8E83D8D8C0C3E9998983D9190903DC8
:106B8000B1B0B03D9190903DD1D0D03DE9E8E83D25
:106B9000D9D8D83D9998983DE1E0E03DD9D8D83D85
:106BA0008988883DB9B8B83DA5A4243EF1F0F03DF0
:106BB000F1F0703DF1F0F03DD1D0D03D8988083E34
:106BC0009190103E9D9C1C3EB5B4343EE5E4643E7D
:106BD000E9E8683E8584843E9392923EA1A0A03E5F
:106BE000A7A6A63EC7C6C63EE1E0E03EF3F2F23EEF
:106BF0008988083F9B9A1A3FACAB2B3FBFBE3E3FF4
:106C0000D2D1513FE0DF5F3FE0DF5F3FD0CF4F3F6A
:106C1000BDBC3C3FA8A7273F9493133F8685053F03
:106C2000EBEAEA3ED9D8D83EC7C6C63EB5B4B43EB4
:106C30009B9A9A3EF5F4743EEDEC6C3EEDEC6C3EA6
:106C4000F5F4743EE9E8683EB5B4343E9594143EDC
:106C50009D9C1C3EA5A4243EC9C8C83D8988083E09
:106C60009594143EA5A4243E8D8C0C3EB9B8B83D35
:106C7000B9B8B83D8D8C0C3E8180003EB1B0B03DBE
:106C80009190103D8988883DC1C0C03DE9E8E83D4C
:106C9000E9E8E83D8D8C0C3EE9E8E83DF9F8F83D7F
:106CA000D1D0D03D8D8C0C3EC1C0C03DE1E0E03D77
:106CB000E9E8E83DB9B8B83DC1C0C03D8D8C0C3E97
:106CC000A1A0A03D9594143EC9C8483EDDDC5C3EC1
:106CD0009190903E8D8C8C3E8584843E9D9C9C3E04
:106CE000ADACAC3EBBBABA3ED9D8D83EE7E6E63E3C
:106CF0008382023F9493133FA2A1213FB2B1313F5F
:106D0000C1C0403FCBCA4A3FCAC9493FBFBE3E3F50
:106D1000B2B1313FA1A0203F9190103F8382023F4A
:106D2000E5E4E43ED9D8D83EC3C2C23EB3B2B23ED7
:106D30009594943EE5E4643EF5F4743EE1E0603EF3
:106D4000CDCC4C3EE1E0603EA9A8283EB1B0303E3B
:106D50009D9C1C3EC5C4443E8988083E9998183EB7
:106D6000F9F8F83D9D9C1C3EA5A4243EF1F0F03DB1
:106D7000B9B8B83DE9E8E83DF1F0F03D8584043E5E
:106D8000D9D8D83DA1A0A03DC9C8C83DD1D0503D5B
:106D9000B1B0303DE1E0E03DF9F8F83DC9C8C83D8B
:106DA000B9B8B83DB9B8B83DA9A8A83D8584043E96
:106DB000E1E0E03DE9E8E83D8D8C0C3E9998183E15
:106DC000B1B0303EBDBC3C3EB9B8383EADAC2C3E57
:106DD000F1F0703E8988883E8D8C8C3E9796963E69
:106DE000ADACAC3EB9B8B83ED5D4D43EE9E8E83E47
:106DF000FDFCFC3E8D8C0C3F9998183FA7A6263FC2
:106E0000B3B2323FB9B8383FB8B7373FB1B0303F0F
:106E1000A7A6263F9A99193F8B8A0A3FFBFAFA3EAA
:106E2000E3E2E23ED3D2D23EB9B8B83EADACAC3E1E
:106E30009B9A9A3E8B8A8A3EFDFC7C3EC1C0403EB6
:106E4000BDBC3C3EA9A8283ED1D0503EC9C8483E52
:106E5000D9D8583E9D9C1C3E8584043EB9B8383E26
:106E60009998183ED9D8D83DD1D0D03DA9A8A83DF1
:106E7000D1D0D03DD1D0D03D8988083EE9E8E83D69
:106E8000B1B0B03D9998983DC1C0C03DB1B0303D62
:106E9000C1C0403D8D8C0C3ED9D8D83D9594143E50
:106EA000E1E0E03DB9B8B83DE9E8E83DF1F0F03D9A
:106EB000A9A8A83D8180003E9190103E8D8C0C3E8B
:106EC000E1E0E03DC5C4443EDDDC5C3ED5D4543E4B
:106ED000CDCC4C3EFDFC7C3E8B8A8A3E9392923E0A
:106EE000A3A2A23EB1B0B03EC9C8C83EDFDEDE3EBE
:106EF000FBFAFA3E8887073F9291113F9E9D1D3F06
:106F0000A5A4243FAAA9293FAAA9293FA3A2223FB9
:106F10009B9A1A3F908F0F3F8584043FF1F0F03E1B
:106F2000DFDEDE3EC9C8C83EABAAAA3EA3A2A23E8F
:106F3000A5A4A43E8382823EF1F0703EEDEC6C3E4F
:106F4000C1C0403EC9C8483EBDBC3C3EA9A8283E81
:106F5000BDBC3C3E9190103E9190103EA5A4243EB5
:106F60008D8C0C3EC1C0C03DD9D8D83DE9E8E83D84
:106F70008D8C0C3EC9C8C83D9998983DE9E8E83D1C
:106F8000E1E0E03DE1E0E03D9998983DD1D0D03D91
:106F9000C9C8C83DC9C8483EA9A8A83DC1C0C03D90
:106FA000F1F0F03DF9F8F83D9D9C1C3EA9A8A83DE4
:106FB0008180003EB9B8B83DF9F8F83D8D8C0C3EA3
:106FC000E9E8E83D9998183EB9B8383ED5D4543E22
:106FD000D9D8583ED5D4543EF9F8783E8988883EB1
:106FE000A9A8A83EB1B0B03EBDBCBC3EDBDADA3EDB
:106FF000F1F0F03E8180003F8887073F9190103F7D
:107000009897173F9C9B1B3F9B9A1A3F9796163F5A
:10701000908F0F3F8786063FFBFAFA3EE9E8E83E8D
:10702000CFCECE3EC1C0C03EB5B4B43EA1A0A03EBE
:107030008B8A8A3E8180803EEDEC6C3EE9E8683EBA
:10704000C1C0403EA5A4243EC1C0403EB5B4343EBC
:10705000A1A0203E9D9C1C3ED9D8D83D8180003EF9
:107060009998183E9998183E9190903DF9F8F83DFE
:107070009594143EB9B8B83DB9B8B83DE1E0E03DEB
:10708000D1D0D03DC9C8C83D8988883DE9E8E83DF0
:10709000A9A8A83DC1C0C03DB1B0B03D8180003EAF
:1070A000E9E8E83D8180003E9594143EC9C8C83D9A
:1070B000C1C0C03DD9D8D83DF9F8F83DADAC2C3EA3
:1070C000B5B4343EA5A4243EBDBC3C3EC9C8483E30
:1070D000C5C4443EFDFC7C3E8D8C8C3EF9F8783E68
:1070E0009D9C9C3EAFAEAE3EBDBCBC3ED7D6D63E10
:1070F000DFDEDE3EF5F4F43E8180003F8786063F0A
:107100008D8C0C3F908F0F3F8F8E0E3F8C8B0B3FE3
:107110008887073FFFFEFE3EEFEEEE3EDDDCDC3E05
:10712000C7C6C63EB5B4B43EB7B6B63E9998983E0B
:107130008B8A8A3E8B8A8A3EFDFC7C3EE9E8683E6B
:107140009594143EC9C8483EC9C8483EA9A8283EDF
:10715000A5A4243E9998183ED9D8D83DA9A8283E80
:107160008D8C0C3EB1B0B03D8180803D9998983DAA
:10717000D1D0D03DD1D0D03D9998183E8D8C0C3EC9
:10718000D1D0D03DE1E0E03DF1F0703DB1B0B03D97
:107190008180803DD9D8D83DF1F0F03DD1D0D03DAF
:1071A000E9E8E83DB9B8B83DE1E0E03DD9D8D83DDF
:1071B000B1B0B03D9998183E8988083E9190103E34
:1071C0008988083E8D8C0C3EA9A8283ED1D0503E1F
:1071D000B1B0303ECDCC4C3EEDEC6C3E8F8E8E3E51
:1071E0008988883EA1A0A03EB9B8B83EC3C2C23EBD
:1071F000D5D4D43EE1E0E03EEFEEEE3EFBFAFA3EBF
:107200008382023F8584043F8483033FFFFEFE3E6A
:10721000FBFAFA3EF1F0F03EDBDADA3EC7C6C63ED4
:10722000B7B6B63EA9A8A83E9D9C9C3E9392923EBE
:107230008B8A8A3EF1F0703EE9E8683ED9D8583E24
:10724000EDEC6C3EBDBC3C3EADAC2C3ED5D4543ECA
:10725000D1D0D03D8584043E9190103EA1A0203E27
:107260008D8C0C3E8584043EE1E0E03DB9B8B83D2C
:10727000F9F8F83D9190103EF1F0703D8988883D15
:10728000E1E0E03D8D8C0C3E9190103EF1F0703DC0
:10729000E1E0603DB9B8B83DA9A8A83DA5A4243E49
:1072A000D1D0D03D8988883D9190903DE9E8E83D76
:1072B000A5A4243EA5A4243E8180003EE1E0E03D5B
:1072C0008D8C0C3EB1B0303E9998183EB1B0303E36
:1072D000C9C8483EEDEC6C3E8382823E8382823E8A
:1072E0008988883E9B9A9A3EABAAAA3EB7B6B63E1C
:1072F000CBCACA3ED5D4D43EE1E0E03EE9E8E83E60
:10730000EDECEC3EF1F0F03EEFEEEE3EEDECEC3E5F
:10731000E7E6E63ED9D8D83ECFCECE3EC7C6C63E7B
:10732000B7B6B63EA9A8A83E9998983E9796963EBD
:107330008584843ED1D0503EF5F4743EE1E0603E59
:10734000D1D0503E8988083E8584043EDDDC5C3E19
:107350009190103E9D9C1C3EF9F8F83DA5A4243E5A
:10736000B9B8383EE9E8E83D8988083E8988083E92
:10737000C1C0C03DF9F8F83DE9E8E83DC9C8C83DDD
:107380009998983DC9C8C83DD9D8D83DB1B0B03D4D
:10739000B9B8B83D9998983DC1C0C03DA1A0203E64
:1073A0008D8C0C3EE1E0E03DE9E8E83DE9E8E83DB0
:1073B000D9D8D83DB9B8B83DC9C8C83DBDBC3C3E18
:1073C000D1D0D03D9594143E9D9C1C3E9D9C1C3E6E
:1073D000C5C4443ECDCC4C3E8786863E8382823EE9
:1073E0008D8C8C3E8D8C8C3E9796963EABAAAA3E99
:1073F000BBBABA3ECDCCCC3ED3D2D23ED9D8D83E01
:10740000D7D6D63EDDDCDC3EE1E0E03EDDDCDC3E36
:10741000D9D8D83ECFCECE3EC1C0C03EB3B2B23E28
:10742000ABAAAA3EA3A2A23E8F8E8E3E8B8A8A3E34
:107430008180803E8584843EC9C8483EBDBC3C3EB8
:10744000B9B8383EC1C0403ED5D4543EB9B8383E34
:107450009D9C1C3E8D8C0C3E9998183E8584043E64
:10746000F9F8F83D8D8C0C3EA1A0A03DA9A8A83D3F
:10747000A1A0A03D9998983DE1E0E03DC1C0C03D8C
:10748000C1C0C03DE1E0E03DD1D0503DC1C0C03DF4
:10749000B1B0B03DD9D8D83D9998983DB9B8B83D6C
:1074A0008584043E9998183E8988083E8D8C0C3E50
:1074B000A5A4243ED9D8D83DE1E0603DC1C0C03D7F
:1074C000B9B8B83D9998183EBDBC3C3E8584043E91
:1074D000ADAC2C3EDDDC5C3EE9E8683E8584843E54
:1074E0008D8C8C3E8D8C8C3E9D9C9C3EABAAAA3E86
:1074F000ADACAC3EB3B2B23EC5C4C43EC7C6C63ED8
:10750000C7C6C63ED1D0D03ED5D4D43EC7C6C63EEF
:10751000C7C6C63EC3C2C23EA7A6A63EA1A0A03E05
:10752000A7A6A63EA1A0A03E8584843E8B8A8A3E63
:107530008786863EFDFC7C3ED5D4543ED9D8583E45
:107540009D9C1C3E9998183EB5B4343EE9E8E83D50
:10755000BDBC3C3EF1F0F03DF9F8F83D8D8C0C3EA1
:10756000D9D8D83D8D8C0C3EA5A4243ED9D8D83D81
:10757000D1D0D03DB1B0B03DD1D0D03D9190903D73
:10758000B1B0B03D8180803DA9A8A83DF1F0703D2B
:107590008988083EE9E8E83DA1A0A03DA9A8A83D4A
:1075A000F1F0F03D9D9C1C3E8584043E8D8C0C3E8C
:1075B000A9A8283E8180003EA9A8A83DF1F0F03D91
:1075C0008584043E8D8C0C3EC5C4443ED1D0503ED3
:1075D0009190103ED5D4543ECDCC4C3EF5F4743E43
:1075E0008B8A8A3E8584843E9796963E9F9E9E3ED9
:1075F000A1A0A03EA3A2A23EC1C0C03EB9B8B83E61
:10760000B5B4B43EBFBEBE3EC1C0C03EB9B8B83EC0
:10761000B9B8B83EB1B0B03EADACAC3EA9A8A83E3A
:10762000A9A8A83E8988883E8180803EFDFC7C3EDA
:10763000E1E0603ED5D4543EEDEC6C3ECDCC4C3E0A
:10764000E5E4643EA9A8283E9190103EA1A0203E0A
:10765000A1A0203EC5C4443E8180003E8D8C0C3EDE
:10766000F1F0F03DB9B8B83D8988083ED9D8D83D89
:107670008584043EB9B8B83DD9D8D83D8988883DBD
:10768000C1C0C03DC9C8C83DB9B8B83DB1B0B03D32
:10769000A9A8A83D8180003EA9A8A83DA9A8A83D09
:1076A0009190903D8988083E8180803D9594143E5C
:1076B000E1E0E03DB1B0B03DC9C8C83D9190103E99
:1076C0009D9C1C3EA1A0203E8180003EE9E8E83D53
:1076D000ADAC2C3EB5B4343EB5B4343EF1F0703EA2
:1076E000FDFC7C3EFDFC7C3E8786863E8D8C8C3E80
:1076F0009998983EA7A6A63EABAAAA3EBBBABA3EA8
:10770000B9B8B83EB3B2B23EB3B2B23EB9B8B83E01
:107710009F9E9E3EA5A4A43EA9A8A83EA1A0A03ECF
:107720008D8C8C3E8D8C8C3E8382823EFDFC7C3E1B
:10773000F1F0703EF9F8783E8B8A8A3EF5F4743E9B
:10774000EDEC6C3ECDCC4C3EB9B8383ECDCC4C3E89
:10775000E1E0603EF1F0F03DA1A0203E8584043ED2
:10776000B9B8B83DA1A0203E9998183EC1C0C03D0F
:10777000C1C0C03D8988883D8180803DD9D8D83D31
:107780008988083EF1F0F03DF1F0F03DD9D8D83DC0
:10779000A9A8A83DD1D0503DE1E0E03D8180003E68
:1077A000E1E0E03D8D8C0C3EB9B8B83D8D8C0C3ECF
:1077B0009D9C1C3E9594143EA9A8A83DE9E8E83D8F
:1077C0009190103E9594143E9190103EADAC2C3E9D
:1077D0009594143ED1D0503ED1D0503EBDBC3C3EDD
:1077E000D1D0503EDDDC5C3E8988883EE9E8683EC9
:1077F0009594943EA3A2A23E9D9C9C3EA5A4A43E2B
:10780000B1B0B03EABAAAA3EAFAEAE3EABAAAA3E66
:107810009D9C9C3E9998983EA3A2A23E8988883E52
:107820008786863EF1F0703EEDEC6C3EE1E0603E16
:107830008B8A8A3E8180803ED1D0503EE9E8683E06
:107840009D9C1C3E9998183EB9B8383E9998183EB0
:107850009D9C1C3E9998183E8988083EA9A8283E00
:10786000B9B8383EB9B8383EB5B4343E9D9C1C3EDC
:10787000F1F0F03D8D8C0C3EB9B8B83DB1B0B03DE3
:10788000A1A0A03D9998983DF1F0F03DE1E0E03DE8
:10789000E9E8E83DB9B8B83D9998983DB1B0B03D38
:1078A000F1F0F03DB9B8383EF9F8F83D8584043E72
:1078B000E9E8E83DE1E0603D9190903DB1B0B03D38
:1078C0008584043E8988083E9998183ECDCC4C3E6C
:1078D000C1C0403EB9B8383EA1A0203EA1A0203E84
:1078E000C5C4443EE5E4643EE5E4643EF1F0703E28
:1078F0008D8C8C3E9796963EA3A2A23E8988883EA8
:107900008B8A8A3EA1A0A03E9B9A9A3E9594943E73
:107910009392923E9190903E9190903E8180803ED5
:10792000EDEC6C3EEDEC6C3EE9E8683ED1D0503EAB
:10793000E1E0603EB9B8383ED1D0503E9594143E57
:10794000ADAC2C3EC5C4443EB1B0303EE1E0E03DBC
:10795000E9E8E83DB9B8383E8988083EA1A0203E54
:10796000BDBC3C3ECDCC4C3E9998183EA9A8283EC3
:107970008988083ED9D8D83DD9D8D83D8D8C0C3EC1
:10798000D1D0D03DC9C8C83D8988883DE9E8E83DE7
:10799000D9D8D83D8584043EA1A0A03DC1C0C03D3A
:1079A000C9C8C83DC1C0C03DC1C0403DF9F8F83D9F
:1079B0008180003EF1F0F03DC1C0C03DF1F0F03DEE
:1079C000B9B8B83DE1E0E03DADAC2C3E8584043E65
:1079D000BDBC3C3E9998183E8D8C0C3EA1A0203E2B
:1079E000B1B0303ED5D4543EB9B8383ED9D8583E5F
:1079F000E5E4643E8180803E8D8C8C3E8382823EB5
:107A00008584843E9392923E9392923E8180803E02
:107A10008D8C8C3E8B8A8A3E8B8A8A3E8786863EF8
:107A2000DDDC5C3EDDDC5C3EC1C0403EE1E0603E52
:107A3000CDCC4C3EB1B0303EC1C0403E9594143EDA
:107A4000B9B8383EC1C0403E8180003EF9F8F83DEB
:107A50008180003E9D9C1C3E9D9C1C3E9594143E46
:107A6000ADAC2C3EB9B8383ED1D0D03DE1E0E03DE0
:107A7000E1E0E03DA1A0203DE1E0E03D9998983DA6
:107A8000A9A8A83DE1E0E03DF1F0F03DE1E0E03CF7
:107A9000B1B0B03DD9D8D83DA1A0A03DB1B0B03D66
:107AA000B1B0B03DF1F0F03D8988883D9594143E29
:107AB0009594143E9190103ED9D8D83D8180003ED7
:107AC000BDBC3C3E9190103E9190103E9190103E76
:107AD000B1B0303EB1B0303EF1F0F03D9D9C1C3E67
:107AE000DDDC5C3EE1E0603EB1B0303EADAC2C3E52
:107AF000E9E8683EE1E0603ED1D0503E8584843EB6
:107B00008382823E8180803E8584843EF1F0703E97
:107B1000F5F4743E8786863EFDFC7C3EF9F8783E9F
:107B2000C5C4443EB9B8383EE1E0603EA1A0203E65
:107B3000A9A8283EE1E0603EB1B0303EA9A8283EA9
:107B4000BDBC3C3EB9B8383EF9F8F83DC1C0C03DB7
:107B50008D8C0C3EE9E8E83DC1C0C03DB9B8383E67
:107B60008180003E9998183E9998183EE1E0E03DEA
:107B70008584043E8180003EB1B0B03DF9F8F83D07
:107B8000C9C8C83DB9B8B83DB9B8B83DB9B8B83D2D
:107B9000C9C8C83DD1D0D03DA9A8A83D9190903D7D
:107BA000D1D0D03DD9D8D83DD9D8D83D8584043E50
:107BB000C9C8C83DB1B0B03DE1E0603DF9F8F83D5D
:107BC000C9C8C83DC9C8C83D9998183EA9A8283E4B
:107BD000F9F8F83D9998183ED9D8D83D9998183EAB
:107BE000B5B4343ED1D0503EDDDC5C3EDDDC5C3EE5
:107BF000E9E8683EC5C4443EC9C8483E8988883E15
:107C00008382823EF5F4743ED5D4543EC1C0403EDA
:107C1000F1F0703ED1D0503EE5E4643EC1C0403E3C
:107C2000B5B4343E9D9C1C3ECDCC4C3EDDDC5C3E70
:107C3000C9C8483EA9A8283ED5D4543EDDDC5C3EE8
:107C4000A9A8283E9190103E8584043EF1F0F03DB5
:107C50009190103EB1B0B03DF9F8F83D9594143EC6
:107C60008180003EC9C8C83DF1F0703DE1E0E03DD3
:107C70008180003E9998983DD1D0503DC9C8C83DFB
:107C80008D8C0C3EB1B0B03DE1E0E03DE9E8E83D6F
:107C9000D1D0D03DB1B0B03DF1F0703DA1A0A03D3C
:107CA0008180003E8180803DE9E8E83DE9E8E83DEB
:107CB000B9B8B83DA1A0A03D8988883DF9F8F83D44
:107CC0009998183E9190903D8584043E9D9C1C3E61
:107CD0009D9C1C3EA1A0203E8D8C0C3EA1A0203E70
:107CE0008D8C0C3EBDBC3C3E9594143ED5D4543E88
:107CF000C9C8483EE5E4643EE1E0603EDDDC5C3E50
:107D0000EDEC6C3EE9E8683EA5A4243E9998183E47
:107D1000B1B0303EF1F0703EC1C0403EBDBC3C3E13
:107D2000D9D8583EDDDC5C3EDDDC5C3ED9D8583E1F
:107D3000BDBC3C3E9594143E9190103EB1B0303E97
:107D4000A5A4243E9594143E9190103EE1E0E03DC0
:107D5000ADAC2C3E8180003EB9B8B83DB9B8B83D55
:107D60008988083E9998983D9190903DB9B8B83D62
:107D70008180003E8988883DA1A0A03DB9B8B83D6A
:107D8000B9B8B83DD1D0D03DB9B8B83DD1D0D03DCB
:107D9000B1B0B03DA1A0A03D9998983DB9B8B83D0B
:107DA000E9E8E83DC1C0C03DC9C8C83DA9A8A83D93
:107DB000A1A0A03D8584043E8180003EE1E0E03D3D
:107DC000B1B0303EA9A8283E8584043EF9F8F83DBC
:107DD000A5A4243EADAC2C3ED1D0503EA1A0203E67
:107DE000D9D8D83D9998183ED9D8D83DCDCC4C3E5D
:107DF000D1D0503EC9C8483EEDEC6C3E9594143E3F
:107E0000C9C8483ED9D8583EC9C8483EC1C0403EFE
:107E1000D1D0503ED5D4543EB5B4343EDDDC5C3ECA
:107E2000DDDC5C3ED5D4543E8D8C0C3EB5B4343E86
:107E3000B9B8383E9D9C1C3EE1E0E03D9D9C1C3E57
:107E4000F9F8F83DB9B8B83D8988083EB1B0303E80
:107E50009190103E8988083EC9C8C83DE1E0E03DE8
:107E6000A5A4243E9594143EA1A0A03DA1A0A03DB0
:107E7000B1B0B03DB1B0B03DF9F8F83DF1F0F03D32
:107E8000A1A0A03DC1C0C03DE1E0E03DE1E0E03D9A
:107E9000B1B0B03D9190903DD1D0D03DF1F0703D6A
:107EA000B9B8B83D8180003EE9E8E83DD9D8D83D71
:107EB0008584043EE9E8E83D9190103EB9B8B83DAC
:107EC000B9B8B83DD1D0D03DA1A0203EB9B8B83D99
:107ED000E1E0E03DC1C0403E9998183E9998183EB7
:107EE0009998183E8584043E9998183EBDBC3C3E46
:107EF0009594143E9998183EDDDC5C3EADAC2C3E6A
:107F0000C9C8483ED1D0503EBDBC3C3EB9B8383E51
:107F1000F1F0703ED9D8583EC9C8483EC9C8483E5D
:107F2000C9C8483EC1C0403EB9B8383EB5B4343E79
:107F3000ADAC2C3E8584043ED9D8D83DCDCC4C3E4A
:107F4000A9A8283EF9F8F83D9594143EA1A0203E3A
:107F5000E1E0E03DE1E0E03DE9E8E83D8D8C0C3E0C
:107F6000E9E8E83DE9E8E83DF1F0F03DD1D0D03D69
:107F7000B1B0B03D8D8C0C3EC9C8C83DB9B8B83D54
:107F80008180803DC9C8C83DD9D8D83DA1A0A03DB9
:107F9000C1C0C03DB9B8B83DB9B8B83DC1C0C03D19
:107FA0008180803DA9A8A83DE9E8E83DE9E8E83DF1
:107FB000A9A8A83DE1E0E03DB1B0B03D8584043E14
:107FC000D1D0D03DB9B8B83DB5B4343EB9B8383EDB
:107FD0008584043E9D9C1C3E9190103E8D8C0C3EF1
:107FE0009190103ED1D0D03D8584043E9190103EBA
:107FF000BDBC3C3EB5B4343EC9C8483ED1D0503E6D
:10800000B5B4343EA9A8283EB5B4343EA1A0203E64
:108010009190103EC5C4443EA9A8283EC1C0403E30
:10802000CDCC4C3ED9D8583EADAC2C3E9594143EA8
:108030008988083EF9F8F83DB9B8383E9998183E55
:10804000A9A8283E9998183EE1E0E03DB1B0303E45
:108050008584043E8D8C0C3ED1D0D03DB9B8B83D5E
:10806000E1E0E03D8180003EB1B0303EC1C0C03DA6
:10807000E1E0E03DF9F8F83DA1A0A03D8988883D08
:10808000C1C0403D9190903D9998983DC1C0C03D80
:108090009190903DE1E0E03DB9B8B83D9998983DA8
:1080A000C1C0C03DD9D8D83DE1E0E03DC1C0403DB0
:1080B0008180803D9998183EC9C8C83D9D9C1C3E52
:1080C000A5A4243E8180003EF1F0F03D9190103E49
:1080D000E9E8E83D9190103EA1A0203E9D9C1C3E09
:1080E0008180003ED1D0D03DA9A8283ED1D0503EBD
:1080F000D1D0503EB5B4343EA1A0203EF9F8F83DB1
:10810000B9B8383E9190103EC9C8483EA5A4243E57
:10811000B5B4343EB5B4343EC5C4443EA5A4243EF3
:10812000ADAC2C3EADAC2C3E8584043E8584043E33
:108130009998183E9594143E9998183EB9B8B83D50
:10814000E1E0E03D8D8C0C3ED1D0D03DD1D0D03D92
:10815000C1C0C03DD9D8D83D8584043E8584043E45
:10816000E9E8E83DD1D0D03D9998183EC9C8C83D4E
:10817000E1E0E03DF1F0703DC9C8C83D9998983DF7
:10818000B1B0B03DE1E0E03DD1D0503D8180003D57
:10819000C1C0C03DC1C0C03DA9A8A83DC9C8C83D17
:1081A000E1E0E03DC9C8C83DD1D0D03D9190903DBF
:1081B000F1F0703DB1B0B03DB9B8B83D9D9C1C3EEA
:1081C0009190103EA9A8A83DE1E0E03D8180003EED
:1081D000C9C8C83D8180003EE9E8E83D9190903DE6
:1081E0008988083EC5C4443EB5B4343EA9A8283E9B
:1081F0009D9C1C3EC9C8483EB1B0303EF9F8F83DE0
:10820000ADAC2C3EADAC2C3E8D8C0C3EB5B4343EAA
:10821000A9A8283EADAC2C3EA5A4243EA1A0203E9A
:108220009D9C1C3E8D8C0C3EDDDC5C3E9594143E8A
:10823000E9E8E83DF1F0F03DADAC2C3EADAC2C3EB4
:10824000B9B8383E9D9C1C3E8988083ED1D0D03DAF
:10825000E1E0603DB9B8B83D9998983DC1C0C03DD6
:10826000D9D8D83D8584043E8180003E8180803D00
:108270009998183E9998183EC1C0403DC9C8C83D5C
:10828000D1D0D03DD1D0503DE1E0603D8988883DDE
:10829000C1C0C03DC1C0403DD1D0D03DD1D0D03D06
:1082A000B9B8B83DB9B8B83DB9B8B83D8584043E51
:1082B000C1C0403DF1F0703DC9C8C83DC1C0C03D1E
:1082C0008988083EB1B0B03DE9E8E83D9594143E98
:1082D000F1F0F03DA9A8A83D9190103EE9E8E83DF5
:1082E000A5A4243E9594143E8584043E9D9C1C3E8A
:1082F0009190103E9D9C1C3ED1D0503E9D9C1C3EBA
:108300008584043EB5B4343EA5A4243E9D9C1C3E09
:10831000A5A4243E9594143EA5A4243EADAC2C3EC9
:10832000A1A0203EB5B4343EC1C0403E9998183E4D
:10833000D9D8D83D8180003ED1D0D03DA9A8283ED3
:10834000D1D0D03DC9C8C83DF1F0F03DE1E0E03DFD
:10835000E9E8E83DE9E8E83DF1F0F03D8988083ECC
:10836000E1E0E03DE9E8E83DC9C8C83DD9D8D83DDD
:10837000D1D0D03D8988083EF1F0703D8180803DAC
:108380008D8C0C3EB1B0B03DB9B8B83DC1C0C03D58
:108390009190903DC1C0C03DD9D8D83D8988883DD5
:1083A000B9B8B83DB1B0303DA9A8A83DD1D0D03DB5
:1083B000B1B0303DA9A8A83DB9B8B83DE1E0603DF5
:1083C000B1B0B03D8180003ED9D8D83D9998983D54
:1083D0008584043E9D9C1C3EE9E8E83DB9B8B83D63
:1083E000BDBC3C3EA1A0203ED9D8D83DF1F0F03D27
:1083F0009190103EB9B8B83DADAC2C3E9998183E5E
:10840000D1D0D03D8584043EB9B8383EA9A8283ED5
:108410008584043E9998183EADAC2C3EF9F8F83DA1
:108420008D8C0C3EADAC2C3E9D9C1C3EA5A4243EE8
:108430009594143EB5B4343EE9E8E83D8180003EB1
:108440009594143E9594143EA9A8A83D9998983DFA
:108450008180003EB1B0B03D9190903D9998183E1A
:10846000D9D8D83D8584043EB9B8383EA1A0A03DF6
:108470009190903D8988883DF1F0F03DA1A0A03D0C
:108480009998983DD9D8D83DC1C0C03DF1F0F03D94
:10849000C1C0C03DD9D8D83DB9B8B83DA1A0A03D14
:1084A000D1D0503DB9B8B83DF1F0F03DD9D8D83D64
:1084B0009190903DA1A0A03DB1B0B03DC1C0403D64
:1084C000B9B8B83DF1F0F03DE9E8E83D9998983D3C
:1084D000F1F0F03DA5A4243E8D8C0C3EF1F0F03D72
:1084E000F1F0F03DADAC2C3EBDBC3C3EF1F0F03DBA
:1084F000A9A8283E8988083EF9F8F83D9D9C1C3EB5
:108500008180003E9998183EB1B0303EB1B0303E07
:108510009D9C1C3E8988083E8988083EA9A8283E63
:10852000A9A8283EA1A0203E8D8C0C3EC5C4443E87
:108530009998183EF9F8F83DD9D8D83D8D8C0C3E65
:10854000CDCC4C3EA5A4243E9594143EF9F8F83DBC
:10855000E9E8E83DD9D8D83DC9C8C83DE9E8E83DD3
:108560008988083EF9F8F83D9190103E9D9C1C3E8C
:10857000D1D0D03DA1A0203D8180803D9594143E76
:108580008180003EF1F0703DF9F8F83DB9B8B83D92
:10859000A9A8A83DA9A8A83DE1E0E03D8180003E52
:1085A0008180803DD1D0D03D9998983D8988083E02
:1085B000F9F8F83DA1A0A03DC9C8C83D8D8C0C3E7E
:1085C000F9F8F83DD9D8D83D9998983DE1E0E03DDB
:1085D000F1F0F03DF1F0F03DC1C0C03D8988083EAA
:1085E000ADAC2C3EB5B4343E9998183EB1B0303E97
:1085F0008988083EBDBC3C3E9594143E9594143E3B
:108600009594143E9998183E8180003EC9C8483E12
:10861000CDCC4C3EA9A8283E9594143E9D9C1C3E72
:10862000A1A0203EA1A0203E8584043EA1A0203E22
:10863000A1A0203ED9D8D83D8988083E8D8C0C3E1B
:10864000B1B0B03DF9F8F83DD9D8D83DC9C8C83D5A
:10865000C9C8C83DC1C0C03DF1F0F03DD9D8D83D32
:10866000D1D0D03DE9E8E83DB9B8B83D9998183E79
:108670009190903DB1B0B03DE1E0603DA9A8A83D2A
:10868000F1F0F03DA1A0A03DC1C0403E9D9C1C3E2C
:108690009998183EB1B0B03DD9D8D83DF1F0F03D31
:1086A000A9A8A83DB1B0B03DA1A0A03DA1A0A03D0A
:1086B0008988883DE1E0E03DD9D8D83DF1F0703DB2
:1086C000F9F8F83D8988083EF1F0F03DC1C0C03DA1
:1086D000F9F8F83DD9D8D83DA9A8A83D9998983D72
:1086E000D9D8D83D8D8C0C3EB1B0303EADAC2C3ECF
:1086F000B1B0303EC1C0403E9998183ED1D0D03D77
:10870000A5A4243E9594143E8584043EE9E8E83D02
:108710009190103E9190103EC9C8C83D8988083E8E
:108720009190103E8584043EBDBC3C3EF1F0F03D8E
:10873000F1F0F03D9594143E9594143ED1D0D03D87
:108740009190903DC1C0C03DF1F0F03D9998183E28
:10875000C9C8C83DD9D8D83DA9A8A83DF1F0F03D79
:10876000C9C8C83DB1B0B03DE1E0603DC1C0C03D49
:108770009594143E9998183EC9C8C83DB1B0B03D13
:10878000F1F0703DE1E0603DC1C0403ED1D0D03D50
:108790008988083E8180003EC9C8C83DF1F0F03D9F
:1087A0008180803DE1E0E03DD9D8D83DB9B8B83D01
:1087B000F1F0703DD1D0503DF1F0F03D8180803D31
:1087C000E1E0E03DD9D8D83DA9A8A83DD1D0D03D21
:1087D0008584043E8180003E8584043E8D8C0C3E61
:1087E0008584043ED1D0D03DBDBC3C3ED5D4543E62
:1087F000C9C8483E8D8C0C3E8988083EBDBC3C3EB5
:10880000F9F8F83DB1B0B03D9190103E8988083E2E
:10881000C1C0403EA9A8283E8988083ED1D0D03D9D
:10882000D9D8D83D8D8C0C3EADAC2C3E9998183ED5
:108830009D9C1C3EC1C0403EA9A8A83D9190103E01
:108840009594143E9190103E9594143EA1A0203E24
:108850008584043EC1C0C03DC1C0C03DF9F8F83DAB
:108860008988083EF9F8F83DD1D0D03DA1A0203E3E
:108870008584043E8180003E9998183EC1C0C03D69
:108880008180003DC1C0C03DD1D0503E9594143E82
:10889000E9E8E83DA9A8A83DC1C0C03DF9F8F83D08
:1088A000F1F0F03DC1C0C03DA1A0A03DB9B8B83DB8
:1088B000D1D0D03DD1D0D03DB9B8B83D8988883D20
:1088C000F1F0F03DA1A0203EF9F8F83DF1F0F03DC7
:1088D0009998983DE1E0E03D8180003ED1D0D03DC7
:1088E000D1D0D03DF1F0F03D8584043ED9D8583E3A
:1088F000D5D4543E9594143E8180003EA1A0203EE4
:108900009998183EC1C0C03D8988083E9190103E9C
:108910008988083EF9F8F83D8180003EC1C0C03D1D
:10892000D1D0D03DA5A4243E9D9C1C3EF9F8F83D35
:10893000E9E8E83D8584043E9190903DF9F8F83DE2
:10894000A1A0A03DB9B8B83DD1D0D03D9594143E7A
:108950008988083EC9C8C83DD1D0D03DE9E8E83D86
:10896000D1D0D03DA5A4243E8584043E8988083E0C
:10897000B1B0303E9D9C1C3EA9A8A83DB1B0B03D11
:10898000B1B0B03DF1F0F03D8584843EE1E0E03DE2
:10899000A1A0A03DE9E8E83DC1C0C03DF1F0703DB7
:1089A0009190103D9998983DB1B0B03DA9A8A83DCF
:1089B000A9A8A83D9998983D8988883D8180003D67
:1089C000C9C8C83DA1A0203E9998183EC9C8C83D55
:1089D0008180803DC1C0C03D8988883DD1D0D03DD7
:1089E000A9A8A83DA9A8283E8988083ED5D4543E08
:1089F000B1B0303E9D9C1C3E8584043E8D8C0C3E67
:108A00008988083EE1E0E03D8180003EA9A8283E3B
:108A1000E1E0E03DC9C8C83D8180003EE1E0E03DC5
:108A2000B9B8383E8988083E8180003E8180003E8A
:108A3000F1F0F03DE1E0E03DA9A8283E8180003E54
:108A4000A1A0A03D8180803DC9C8C83DB1B0B03D66
:108A50008180003E9190903DD1D0D03DE1E0E03D5D
:108A6000F9F8F83DA1A0A03D8180803D8584043EB9
:108A7000BDBC3C3EC1C0403EF9F8F83D8988883D08
:108A8000B1B0B03DF9F8F83D000000000000000072
:0C8A9000000000000000000000000000DA
:02000004FFFFFC
:08FFF800000004F0A00A06F06D
:04000005800008FC73
:00000001FF
