:0200000480007A
:1000000037F135F0130101BB370504F01305050086
:10001000B75505F0938505A1379605F0130606AA96
:10002000D129374504F013050500B74504F0938541
:100030000510379605F0130606AAB7D605F0938685
:1000400006AA0547930700040568F129374504F01F
:1000500013050520B74504F093850530376604F095
:1000600013060630B78604F09386063037C704F0CF
:1000700013070730B7D705F0938707AA37D815F0CD
:10008000130808AABD2337D515F0130505AAB7052F
:100090000400EF00501037C504F013050540B7C544
:1000A00004F09385055037E604F013060650B706B2
:1000B00005F093860650374705F013070750B7D76A
:1000C00015F0938707AA37D825F0130808AA152337
:1000D00037D525F0130505AAB7050400EF00B00BCE
:1000E00037D525F0130505AAB7D535F0938505AAB0
:1000F000EF007011374505F013050560B75505F0A1
:10010000938505A037D635F0130606AAB7D635F085
:10011000938606BA1307000491470548292137D56D
:1001200035F0130505BA9145EF007011B7D235F0DF
:10013000938202BA07A5020087A5420007A68200A3
:1001400087A6C200379305F0130303A12720A3005D
:100150002722B3002724C3002726D300D392A5A0CB
:100160008143638502005385B5208543D312A6A041
:10017000638502005305C6208943D392A6A06383FA
:1001800002008D43B79205F023A072A237DE35F04E
:10019000130E0EBAB70E58D0910E014F914F635007
:1001A000FF0593122F00F29283A30200714A63426B
:1001B0000A02B3D2430193F2F200294363C56200FD
:1001C0009382720519A09382020323805E00711A44
:1001D000F9BF9302000223805E00050FC1B7A94258
:1001E00023805E00B70158D08E819302F00F2380E8
:1001F0005100E30900FE01000100010001000100BF
:1002000001000100010001000100010001000100E6
:1002100001000100010001000100010001000100D6
:1002200001000100010001000100010001000100C6
:1002300001000100010001000100010001000100B6
:1002400001000100010001000100010001000100A6
:100250000100010001000100010001000100010096
:100260000100010001000100010001000100010086
:100270000100010001000100010001000100010076
:100280000100010001000100010001000100010066
:100290000100010001000100010001000100010056
:1002A0000100010001000100010001000100010046
:1002B0000100010001000100010001000100B792EE
:1002C00005F087A042A25393A0A063090300B79250
:1002D00005F003A3C2A2530503F08280B79205F094
:1002E00087A082A2531315A063050300530500F0F5
:1002F0008280B79205F087A002A353711510D30333
:1003000001C0D3F103D0B79205F007A242A3D3F204
:10031000411053705508B79205F087A582A4B79293
:1003200005F007A642A4C375B060B79205F007A612
:1003300002A4C375B060B79205F007A6C2A3C37547
:10034000B060B79205F007A682A3C375B06043758D
:10035000B0609383F307DE03D38003F05375151069
:100360008280B79205F087A042A7B79205F007A157
:1003700082A7D371251053A301C0D37103D0D3F149
:10038000111053753508B79205F087A0C2A6539394
:10039000A0A063060300537515085375150853256F
:1003A000A520B79205F087A0C2A6B79205F007A1D5
:1003B00002A781435313A1A06305030053F5A008CE
:1003C00085435370A510B79205F087A082A5B79218
:1003D00005F007A142A5C3701010B79205F007A160
:1003E00002A5C3701010B79205F007A1C2A443750F
:1003F0001010638403005315A5208280D303A52029
:100400005325A520B79205F087A042A7B79205F023
:1004100007A182A7D371251053A301C0D37103D0C4
:10042000D3F1111053753508B79205F087A0C2A615
:100430005393A0A063060300537515085375150860
:10044000D3A3A3205325A520B79205F007A102A7A7
:100450005313A1A06304030053F5A0085370A51023
:10046000B79205F087A082A6B79205F007A142A631
:10047000C3701010B79205F007A102A6C370101048
:10048000B79205F007A1C2A5C370101053751510DF
:10049000532575208280511106C026E24AE4530993
:1004A000A5205320A520B79205F087A042A853139A
:1004B00010A063060302B79205F007A002A85375C7
:1004C0000910F53BD304A520B79205F007A0C2A7F9
:1004D00053F50408D3F004005375151839A0B792EA
:1004E00005F007A5C2A75305252122699264824021
:1004F0003101828085622A83B2836385020257FEBE
:10050000020D076003025790034AD730019607E1B6
:10051000150627E10302931E2E007693F693B3820D
:10052000C241E1BF8280797106C022C226C44AC698
:100530004EC852CA56CC5ACE5ED062D22A84AE84FD
:100540003289B6893A8ABE8A428B931B2A00139C51
:100550002A0063040B08568EA68E4E8FA28F630A64
:100560000E06D7720A0D5730005ED282CA836381AD
:10057000020257F3020987E00F0207E103025790D6
:1005800020B2931E2300F69FF693B3826240C5B754
:10059000D7720A0D530000F0D7500042D7900006E2
:1005A00057151042A68EB382CA41139322009A9E19
:1005B00087A00E00537515007A932720A300B382FD
:1005C000CA418502B38242038A02B30F54007D1EE2
:1005D00079B75E99E2997D1BADBF82401244A24477
:1005E0003249C249524AE24A724B825B125C45610F
:1005F0008280397106C022C226C44AC64EC852CA79
:1006000056CC5ACE5ED062D266D46AD66ED82A84D0
:10061000AE843289B6893A8ABE8A428B37FC35F07D
:10062000130C0CF3814B9302000463D75B34939259
:100630002B00A29207A5020059315304A520814C3A
:100640009302000263DF5C1293020002B3825B023A
:10065000E6928A02A69207A502009531D314A5203E
:1006600093020002B3825B02E6928A02CA9207A951
:100670000200D3F98410537A8910538539218131CE
:10068000D30AA52053054A21E939530BA520530568
:100690004A21AD33D30BA52053706B11D3F07B11DE
:1006A0005370100053700058537B0B18D3FB0B187A
:1006B000D3F56A1153F67A1193020002B3825B02FA
:1006C000E6920943B38262028A02CE9287A60200B2
:1006D00007A74200B79205F007A0C2A7D3F005080C
:1006E0005301C620D3F1161053722710D3F14108DD
:1006F00053F22610D372171053725200D3F2941093
:1007000053732911D3F2620053F39110D373221162
:100710005373730053735318D3739210D3F721118B
:10072000D3F3F308D3F3531893922C0037F335F037
:100730001693272853BB37F335F01693272863C346
:1007400037F335F01693272873CB37F335F016932C
:10075000272863E237F335F01693272873EA37F337
:1007600035F01693B79305F007A5C3A72728A3D2A2
:1007700037F335F01693530500F02728A3DA850CDC
:10078000C1B5814C856263DF5C0CD30700F0014D7D
:100790009302000263515D0C93122D0037F335F084
:1007A0001693872903E337F335F01693072A03EBF3
:1007B00037F335F01693872A03D337F335F01693C2
:1007C000072B03DB53F05911D3706A1153701008D3
:1007D000379305F0872003A8C3F7007837F335F087
:1007E0001693072103BB37F335F01693872103C314
:1007F00037F335F01693072203CBD37131105372C0
:100800004110D3F23A1053734B10D3F2620853F3F2
:100810004A10D3733B105373730053AE5220D32E40
:100820006320537EDE01379305F0872EC3A8531350
:10083000DEA163060300D30200F0530300F037F398
:1008400035F01693272853D237F335F0169327281F
:1008500063DA050D35BF93922C00E29227A0F200D7
:10086000850C0DB7814C856263D05C0493922C009B
:10087000E29207A502005323A5A0631703005305C6
:1008800000F027A0A20039A85320A520379305F037
:10089000872083A8539300A063060300530500F04C
:1008A00027A0A200850CC1B793922B00D29287A4F7
:1008B0000200B73D36F0938D0DF3370304001303A8
:1008C00003FC5E930A035693EE83056E630B0E00E2
:1008D0000720030027A00300130303F091037D1EEC
:1008E000F5B7814C856263D75C0893020004B3823C
:1008F0005C02DE928A02D69207A50200D3F7A4100A
:10090000628E05637D13330393410A03B3836D0045
:10091000E68E850E130F0004D77F3F0D5730005E23
:1009200063810E0257FF3E0907640E0207E80302C7
:10093000571004B3931F2F007E9EFE93B38EEE419B
:10094000C5B7130F0004D77F3F0D530000F0575C6D
:100950000042571C0C06D7108043D3F717009302B0
:100960000004B3825C02DE928A02DA9227A0F200CF
:10097000850C8DBF850B45B982401244A244324993
:10098000C249524AE24A724B825B125CA25C325DFF
:10099000C25D21618280411106C022C226C44AC6BE
:1009A0002A84AE84B79205F007A902A9B79205F090
:1009B00087A942A9B79205F007AA82A99DCC086031
:1009C0005370A5105370A010537020115370050080
:1009D000D3753011D304A5205385B5206D3CB79253
:1009E00005F087A0C2A75375150053F5A4105375E1
:1009F000451108E01104FD14D1B73249A244124454
:100A00008240410182808562FD1213030004B3829B
:100A100062028A021695930200042A83AE83638FD2
:100A2000020057FE220D0762030227E20302931E13
:100A30002E007693F693B382C241D5B782803111EE
:100A400006C022C226C44AC64EC82A84AE840860A4
:100A5000854263DF92001393220022930720030054
:100A6000D31305A063840300530500208502D5B786
:100A70005304A520D30600F0014963519902931253
:100A80002900B309540007A50900537585080538E6
:100A900027A0A900D3F6A6000509C5B70149635DE3
:100AA000990093122900A29207A502005375D51848
:100AB00027A0A2000509E5B71244A2443249C24961
:060AC0008240510182801A
:02000004F00406
:10000000000000000000803F0000824200008042AB
:100010000000004300004043000041430000014352
:10002000000002430000424300004343000003433A
:100030000000864200008442000000400000404072
:10004000000080400000884200008A420000A0407A
:100050000000C0400000E04000008E4200008C42E2
:1000600000000643000007430000474300004643EA
:1000700000004543000005430000044300004443E2
:10008000000082430000A2430080A243008082431C
:1000900000008343008083430080A3430000A34308
:1000A0000000C3430080C3430080E3430000E343F8
:1000B0000080E2430080C2430000C2430000E243EC
:1000C0000080E1430000E1430000C1430080C143E0
:1000D0000080A14300808143000081430000A143D0
:1000E0000080A04300808043000080430000A043C4
:1000F0000000C0430080C0430080E0430000E043B4
:10010000000000440000104400401044004000443F
:100110000080004400C0004400C01044008010442F
:100120000080204400C0204400C03044008030449F
:10013000004030440040204400002044000030448F
:1001400000004044004040440040504400005044FF
:10015000000060440000704400407044004060446F
:10016000008060440080704400C0704400C060445F
:1001700000C05044008050440080404400C04044CF
:1001800000004144004041440040514400005144BB
:10019000000061440000714400407144004061442B
:1001A000008061440080714400C0714400C061441B
:1001B00000C05144008051440080414400C041448B
:1001C00000C0314400C021440080214400803144FB
:1001D00000403144000031440000214400402144EB
:1001E000004011440000114400000144004001445B
:1001F000008001440080114400C0114400C001444B
:100200000000024400001244004012440040024436
:100210000080024400C0024400C012440080124426
:100220000080224400C0224400C032440080324496
:100230000040324400402244000022440000324486
:1002400000004244004042440040524400005244F6
:100250000000624400007244004072440040624466
:10026000008062440080724400C0724400C0624456
:1002700000C05244008052440080424400C04244C6
:1002800000004344004043440040534400005344B2
:100290000000634400007344004073440040634422
:1002A000008063440080734400C0734400C0634412
:1002B00000C05344008053440080434400C0434482
:1002C00000C0334400C023440080234400803344F2
:1002D00000403344000033440000234400402344E2
:1002E0000040134400001344000003440040034452
:1002F000008003440080134400C0134400C0034442
:100300000080E7430000E7430000C7430080C74385
:100310000080A74300808743000087430000A74375
:100320000080A64300808643000086430000A64369
:100330000000C6430080C6430080E6430000E64359
:100340000080E5430080C5430000C5430000E5434D
:100350000080E4430000E4430000C4430080C44341
:100360000080A4430000A443000084430080844331
:10037000000085430000A5430080A543008085431D
:1003800000004B4300000B4300000A4300004A43B7
:1003900000004943000048430000084300000943AF
:1003A0000000924200009042000000410000104115
:1003B00000002041000094420000964200003041BD
:1003C000000040410000504100009A420000984265
:1003D00000000C4300004C4300004D4300000D435F
:1003E00000000E4300004E4300004F4300000F4347
:1003F00000009E4200009C420000604100007041ED
:10040000000080410000A0420000A242000088419C
:1004100000009041000098410000A6420000A44264
:1004200000001243000013430000534300005243F6
:1004300000005143000011430000104300005043EE
:1004400000008843008088430080A8430000A84340
:100450000000C8430000E8430080E8430080C84330
:100460000000C9430000E9430080E9430080C9431C
:100470000080A9430000A94300008943008089430C
:1004800000008A4300808A430080AA430000AA43F8
:100490000000CA430000EA430080EA430080CA43E8
:1004A0000000CB430000EB430080EB430080CB43D4
:1004B0000080AB430000AB4300008B4300808B43C4
:1004C0000000574300001743000016430000564346
:1004D000000055430000544300001443000015433E
:1004E0000000AA420000A8420000A0410000A8416C
:1004F0000000B0410000AC420000AE420000B84134
:100500000000C0410000C8410000B2420000B042FB
:1005100000001843000058430000594300001943ED
:1005200000001A4300005A4300005B4300001B43D5
:100530000000B6420000B4420000D0410000D841A3
:100540000000E0410000B8420000BA420000E8416B
:100550000000F0410000F8410000BE420000BC4233
:1005600000001E4300001F4300005F4300005E4385
:1005700000005D4300001D4300001C4300005C437D
:1005800000008E430000AE430080AE4300808E43E7
:1005900000008F4300808F430080AF430000AF43D3
:1005A0000000CF430080CF430080EF430000EF43C3
:1005B0000080EE430080CE430000CE430000EE43B7
:1005C0000080ED430000ED430000CD430080CD43AB
:1005D0000080AD4300808D4300008D430000AD439B
:1005E0000080AC4300808C4300008C430000AC438F
:1005F0000000CC430080CC430080EC430000EC437F
:100600000000064400400644004016440000164422
:100610000000264400003644004036440040264492
:10062000008026440080364400C0364400C0264482
:1006300000C01644008016440080064400C00644F2
:1006400000000744000017440040174400400744DE
:100650000080074400C0074400C0174400801744CE
:100660000080274400C0274400C03744008037443E
:10067000004037440040274400002744000037442E
:10068000000047440000574400405744004047449E
:100690000080474400C0474400C05744008057448E
:1006A0000080674400C0674400C0774400807744FE
:1006B00000407744004067440000674400007744EE
:1006C00000C07644008076440080664400C06644E2
:1006D00000C0564400C04644008046440080564452
:1006E0000040564400404644000046440000564442
:1006F00000006644004066440040764400007644B2
:1007000000C0754400C065440080654400807544A5
:100710000040754400007544000065440040654495
:100720000040554400005544000045440040454405
:10073000008045440080554400C0554400C04544F5
:1007400000C03544008035440080254400C0254465
:1007500000C0154400C005440080054400801544D5
:1007600000401544004005440000054400001544C5
:100770000000254400402544004035440000354435
:1007800000C03444008034440080244400C0244429
:1007900000C0144400C00444008004440080144499
:1007A0000040144400400444000004440000144489
:1007B00000002444004024440040344400003444F9
:1007C0000000444400005444004054440040444469
:1007D0000080444400C0444400C054440080544459
:1007E0000080644400C0644400C0744400807444C9
:1007F00000407444004064440000644400007444B9
:100800000000824400008A4400208A440020824480
:10081000004082440060824400608A4400408A4470
:10082000004092440060924400609A4400409A4420
:1008300000209A44002092440000924400009A4410
:100840000000A2440020A2440020AA440000AA44C0
:100850000000B2440000BA440020BA440020B24470
:100860000040B2440040BA440060BA440060B24460
:100870000060AA440040AA440040A2440060A24490
:100880000080A24400A0A24400A0AA440080AA4480
:100890000080B2440080BA4400A0BA4400A0B24430
:1008A00000C0B24400C0BA4400E0BA4400E0B24420
:1008B00000E0AA4400C0AA4400C0A24400E0A24450
:1008C00000E09A4400E0924400C0924400C09A4480
:1008D00000A09A4400809A440080924400A0924470
:1008E00000A08A4400808A440080824400A08244A0
:1008F00000C0824400C08A4400E08A4400E0824490
:10090000000083440020834400208B4400008B447B
:100910000000934400009B4400209B44002093442B
:100920000040934400409B4400609B44006093441B
:1009300000608B4400408B4400408344006083444B
:100940000080834400808B4400A08B4400A083443B
:1009500000C0834400E0834400E08B4400C08B442B
:1009600000C0934400E0934400E09B4400C09B44DB
:1009700000A09B4400A093440080934400809B44CB
:100980000080A3440080AB4400A0AB4400A0A3447B
:1009900000C0A34400E0A34400E0AB4400C0AB446B
:1009A00000C0B34400E0B34400E0BB4400C0BB441B
:1009B00000A0BB4400A0B3440080B3440080BB440B
:1009C0000060BB440040BB440040B3440060B344FB
:1009D0000060AB440060A3440040A3440040AB442B
:1009E0000020AB440020A3440000A3440000AB441B
:1009F0000000B3440020B3440020BB440000BB44CB
:100A00000000C3440020C3440020CB440000CB447A
:100A10000000D3440000DB440020DB440020D3442A
:100A20000040D3440040DB440060DB440060D3441A
:100A30000060CB440040CB440040C3440060C3444A
:100A40000080C3440080CB4400A0CB4400A0C3443A
:100A500000C0C34400E0C34400E0CB4400C0CB442A
:100A600000C0D34400E0D34400E0DB4400C0DB44DA
:100A700000A0DB4400A0D3440080D3440080DB44CA
:100A80000080E3440080EB4400A0EB4400A0E3447A
:100A900000C0E34400E0E34400E0EB4400C0EB446A
:100AA00000C0F34400E0F34400E0FB4400C0FB441A
:100AB00000A0FB4400A0F3440080F3440080FB440A
:100AC0000060FB440040FB440040F3440060F344FA
:100AD0000060EB440060E3440040E3440040EB442A
:100AE0000020EB440020E3440000E3440000EB441A
:100AF0000000F3440020F3440020FB440000FB44CA
:100B000000E0FA4400E0F24400C0F24400C0FA44BD
:100B100000A0FA440080FA440080F24400A0F244AD
:100B200000A0EA440080EA440080E24400A0E244DD
:100B300000C0E24400C0EA4400E0EA4400E0E244CD
:100B400000E0DA4400C0DA4400C0D24400E0D244FD
:100B500000E0CA4400E0C24400C0C24400C0CA442D
:100B600000A0CA4400A0C2440080C2440080CA441D
:100B70000080D24400A0D24400A0DA440080DA44CD
:100B80000060DA440040DA440040D2440060D244BD
:100B90000060CA440060C2440040C2440040CA44ED
:100BA0000020CA440020C2440000C2440000CA44DD
:100BB0000000D2440020D2440020DA440000DA448D
:100BC0000000E2440000EA440020EA440020E2443D
:100BD0000040E2440060E2440060EA440040EA442D
:100BE0000040F2440060F2440060FA440040FA44DD
:100BF0000020FA440020F2440000F2440000FA44CD
:100C000000E0F94400C0F94400C0F14400E0F144C0
:100C100000E0E94400E0E14400C0E14400C0E944F0
:100C200000A0E94400A0E1440080E1440080E944E0
:100C30000080F14400A0F14400A0F9440080F94490
:100C40000060F9440060F1440040F1440040F94480
:100C50000020F9440000F9440000F1440020F14470
:100C60000020E9440000E9440000E1440020E144A0
:100C70000040E1440040E9440060E9440060E14490
:100C80000060D9440060D1440040D1440040D944C0
:100C90000020D9440000D9440000D1440020D144B0
:100CA0000020C9440000C9440000C1440020C144E0
:100CB0000040C1440040C9440060C9440060C144D0
:100CC0000080C14400A0C14400A0C9440080C944C0
:100CD0000080D1440080D94400A0D94400A0D14470
:100CE00000C0D14400C0D94400E0D94400E0D14460
:100CF00000E0C94400C0C94400C0C14400E0C14490
:100D000000E0B94400E0B14400C0B14400C0B944BF
:100D100000A0B9440080B9440080B14400A0B144AF
:100D200000A0A9440080A9440080A14400A0A144DF
:100D300000C0A14400C0A94400E0A94400E0A144CF
:100D400000E0994400C0994400C0914400E09144FF
:100D500000E0894400E0814400C0814400C089442F
:100D600000A0894400A0814400808144008089441F
:100D70000080914400A0914400A0994400809944CF
:100D800000609944004099440040914400609144BF
:100D900000608944006081440040814400408944EF
:100DA00000208944002081440000814400008944DF
:100DB000000091440020914400209944000099448F
:100DC0000000A1440000A9440020A9440020A1443F
:100DD0000040A1440060A1440060A9440040A9442F
:100DE0000040B1440060B1440060B9440040B944DF
:100DF0000020B9440020B1440000B1440000B944CF
:100E000000E0B84400E0B04400C0B04400C0B844C2
:100E100000A0B8440080B8440080B04400A0B044B2
:100E200000A0A8440080A8440080A04400A0A044E2
:100E300000C0A04400C0A84400E0A84400E0A044D2
:100E400000E0984400C0984400C0904400E0904402
:100E500000E0884400E0804400C0804400C0884432
:100E600000A0884400A08044008080440080884422
:100E70000080904400A0904400A0984400809844D2
:100E800000609844004098440040904400609044C2
:100E900000608844006080440040804400408844F2
:100EA00000208844002080440000804400008844E2
:100EB0000000904400209044002098440000984492
:100EC0000000A0440000A8440020A8440020A04442
:100ED0000040A0440060A0440060A8440040A84432
:100EE0000040B0440060B0440060B8440040B844E2
:100EF0000020B8440020B0440000B0440000B844D2
:100F00000000C0440020C0440020C8440000C84481
:100F10000000D0440000D8440020D8440020D04431
:100F20000040D0440040D8440060D8440060D04421
:100F30000060C8440040C8440040C0440060C04451
:100F40000080C0440080C84400A0C84400A0C04441
:100F500000C0C04400E0C04400E0C84400C0C84431
:100F600000C0D04400E0D04400E0D84400C0D844E1
:100F700000A0D84400A0D0440080D0440080D844D1
:100F80000080E0440080E84400A0E84400A0E04481
:100F900000C0E04400E0E04400E0E84400C0E84471
:100FA00000C0F04400E0F04400E0F84400C0F84421
:100FB00000A0F84400A0F0440080F0440080F84411
:100FC0000060F8440040F8440040F0440060F04401
:100FD0000060E8440060E0440040E0440040E84431
:100FE0000020E8440020E0440000E0440000E84421
:100FF0000000F0440020F0440020F8440000F844D1
:1010000000000045000004450010044500100045A4
:101010000020004500300045003004450020044514
:10102000002008450030084500300C4500200C45E4
:1010300000100C45001008450000084500000C4554
:101040000000104500101045001014450000144524
:101050000000184500001C4500101C4500101845F4
:101060000020184500201C4500301C450030184564
:101070000030144500201445002010450030104574
:1010800000401045005010450050144500401445E4
:101090000040184500401C4500501C4500501845B4
:1010A0000060184500601C4500701C450070184524
:1010B0000070144500601445006010450070104534
:1010C00000700C45007008450060084500600C4544
:1010D00000500C4500400C450040084500500845B4
:1010E00000500445004004450040004500500045C4
:1010F0000060004500600445007004450070004534
:1011000000800045009000450090044500800445A3
:101110000080084500800C4500900C450090084573
:1011200000A0084500A00C4500B00C4500B00845E3
:1011300000B0044500A0044500A0004500B00045F3
:1011400000C0004500C0044500D0044500D0004563
:1011500000E0004500F0004500F0044500E00445D3
:1011600000E0084500F0084500F00C4500E00C45A3
:1011700000D00C4500D0084500C0084500C00C4513
:1011800000C0104500C0144500D0144500D01045E3
:1011900000E0104500F0104500F0144500E0144553
:1011A00000E0184500F0184500F01C4500E01C4523
:1011B00000D01C4500D0184500C0184500C01C4593
:1011C00000B01C4500A01C4500A0184500B0184503
:1011D00000B0144500B0104500A0104500A0144513
:1011E0000090144500901045008010450080144583
:1011F000008018450090184500901C4500801C4553
:101200000080204500902045009024450080244522
:101210000080284500802C4500902C4500902845F2
:1012200000A0284500A02C4500B02C4500B0284562
:1012300000B0244500A0244500A0204500B0204572
:1012400000C0204500C0244500D0244500D02045E2
:1012500000E0204500F0204500F0244500E0244552
:1012600000E0284500F0284500F02C4500E02C4522
:1012700000D02C4500D0284500C0284500C02C4592
:1012800000C0304500C0344500D0344500D0304562
:1012900000E0304500F0304500F0344500E03445D2
:1012A00000E0384500F0384500F03C4500E03C45A2
:1012B00000D03C4500D0384500C0384500C03C4512
:1012C00000B03C4500A03C4500A0384500B0384582
:1012D00000B0344500B0304500A0304500A0344592
:1012E0000090344500903045008030450080344502
:1012F000008038450090384500903C4500803C45D2
:1013000000703C45007038450060384500603C4541
:1013100000503C4500403C450040384500503845B1
:1013200000503445004034450040304500503045C1
:101330000060304500603445007034450070304531
:1013400000702C4500602C45006028450070284541
:101350000070244500702045006020450060244551
:1013600000502445005020450040204500402445C1
:10137000004028450050284500502C4500402C4591
:1013800000302C4500202C45002028450030284501
:101390000030244500302045002020450020244511
:1013A0000010244500102045000020450000244581
:1013B000000028450010284500102C4500002C4551
:1013C0000000304500003445001034450010304521
:1013D0000020304500303045003034450020344591
:1013E000002038450030384500303C4500203C4561
:1013F00000103C45001038450000384500003C45D1
:1014000000004045001040450010444500004445A0
:101410000000484500004C4500104C450010484570
:101420000020484500204C4500304C4500304845E0
:1014300000304445002044450020404500304045F0
:101440000040404500404445005044450050404560
:1014500000604045007040450070444500604445D0
:10146000006048450070484500704C4500604C45A0
:1014700000504C45005048450040484500404C4510
:1014800000405045004054450050544500505045E0
:101490000060504500705045007054450060544550
:1014A000006058450070584500705C4500605C4520
:1014B00000505C45005058450040584500405C4590
:1014C00000305C4500205C45002058450030584500
:1014D0000030544500305045002050450020544510
:1014E0000010544500105045000050450000544580
:1014F000000058450010584500105C4500005C4550
:10150000000060450000644500106445001060451F
:10151000002060450030604500306445002064458F
:10152000002068450030684500306C4500206C455F
:1015300000106C45001068450000684500006C45CF
:10154000000070450010704500107445000074459F
:101550000000784500007C4500107C45001078456F
:101560000020784500207C4500307C4500307845DF
:1015700000307445002074450020704500307045EF
:10158000004070450050704500507445004074455F
:101590000040784500407C4500507C45005078452F
:1015A0000060784500607C4500707C45007078459F
:1015B00000707445006074450060704500707045AF
:1015C00000706C45007068450060684500606C45BF
:1015D00000506C4500406C4500406845005068452F
:1015E000005064450040644500406045005060453F
:1015F00000606045006064450070644500706045AF
:10160000008060450080644500906445009060451E
:1016100000A0604500B0604500B0644500A064458E
:1016200000A0684500B0684500B06C4500A06C455E
:1016300000906C45009068450080684500806C45CE
:10164000008070450090704500907445008074459E
:101650000080784500807C4500907C45009078456E
:1016600000A0784500A07C4500B07C4500B07845DE
:1016700000B0744500A0744500A0704500B07045EE
:1016800000C0704500D0704500D0744500C074455E
:1016900000C0784500C07C4500D07C4500D078452E
:1016A00000E0784500E07C4500F07C4500F078459E
:1016B00000F0744500E0744500E0704500F07045AE
:1016C00000F06C4500F0684500E0684500E06C45BE
:1016D00000D06C4500C06C4500C0684500D068452E
:1016E00000D0644500C0644500C0604500D060453E
:1016F00000E0604500E0644500F0644500F06045AE
:1017000000F05C4500E05C4500E0584500F05845BD
:1017100000F0544500F0504500E0504500E05445CD
:1017200000D0544500D0504500C0504500C054453D
:1017300000C0584500D0584500D05C4500C05C450D
:1017400000B05C4500B0584500A0584500A05C457D
:1017500000905C4500805C450080584500905845ED
:1017600000905445008054450080504500905045FD
:1017700000A0504500A0544500B0544500B050456D
:1017800000B04C4500B0484500A0484500A04C457D
:1017900000904C4500804C450080484500904845ED
:1017A00000904445008044450080404500904045FD
:1017B00000A0404500A0444500B0444500B040456D
:1017C00000C0404500D0404500D0444500C04445DD
:1017D00000C0484500C04C4500D04C4500D04845AD
:1017E00000E0484500E04C4500F04C4500F048451D
:1017F00000F0444500E0444500E0404500F040452D
:101800000000414500104145001045450000454598
:101810000000494500004D4500104D450010494568
:101820000020494500204D4500304D4500304945D8
:1018300000304545002045450020414500304145E8
:101840000040414500404545005045450050414558
:1018500000604145007041450070454500604545C8
:10186000006049450070494500704D4500604D4598
:1018700000504D45005049450040494500404D4508
:1018800000405145004055450050554500505145D8
:101890000060514500705145007055450060554548
:1018A000006059450070594500705D4500605D4518
:1018B00000505D45005059450040594500405D4588
:1018C00000305D4500205D450020594500305945F8
:1018D0000030554500305145002051450020554508
:1018E0000010554500105145000051450000554578
:1018F000000059450010594500105D4500005D4548
:101900000000614500006545001065450010614517
:101910000020614500306145003065450020654587
:10192000002069450030694500306D4500206D4557
:1019300000106D45001069450000694500006D45C7
:101940000000714500107145001075450000754597
:101950000000794500007D4500107D450010794567
:101960000020794500207D4500307D4500307945D7
:1019700000307545002075450020714500307145E7
:101980000040714500507145005075450040754557
:101990000040794500407D4500507D450050794527
:1019A0000060794500607D4500707D450070794597
:1019B00000707545006075450060714500707145A7
:1019C00000706D45007069450060694500606D45B7
:1019D00000506D4500406D45004069450050694527
:1019E0000050654500406545004061450050614537
:1019F00000606145006065450070654500706145A7
:101A00000080614500806545009065450090614516
:101A100000A0614500B0614500B0654500A0654586
:101A200000A0694500B0694500B06D4500A06D4556
:101A300000906D45009069450080694500806D45C6
:101A40000080714500907145009075450080754596
:101A50000080794500807D4500907D450090794566
:101A600000A0794500A07D4500B07D4500B07945D6
:101A700000B0754500A0754500A0714500B07145E6
:101A800000C0714500D0714500D0754500C0754556
:101A900000C0794500C07D4500D07D4500D0794526
:101AA00000E0794500E07D4500F07D4500F0794596
:101AB00000F0754500E0754500E0714500F07145A6
:101AC00000F06D4500F0694500E0694500E06D45B6
:101AD00000D06D4500C06D4500C0694500D0694526
:101AE00000D0654500C0654500C0614500D0614536
:101AF00000E0614500E0654500F0654500F06145A6
:101B000000F05D4500E05D4500E0594500F05945B5
:101B100000F0554500F0514500E0514500E05545C5
:101B200000D0554500D0514500C0514500C0554535
:101B300000C0594500D0594500D05D4500C05D4505
:101B400000B05D4500B0594500A0594500A05D4575
:101B500000905D4500805D450080594500905945E5
:101B600000905545008055450080514500905145F5
:101B700000A0514500A0554500B0554500B0514565
:101B800000B04D4500B0494500A0494500A04D4575
:101B900000904D4500804D450080494500904945E5
:101BA00000904545008045450080414500904145F5
:101BB00000A0414500A0454500B0454500B0414565
:101BC00000C0414500D0414500D0454500C04545D5
:101BD00000C0494500C04D4500D04D4500D04945A5
:101BE00000E0494500E04D4500F04D4500F0494515
:101BF00000F0454500E0454500E0414500F0414525
:101C000000F03D4500F0394500E0394500E03D4534
:101C100000D03D4500C03D4500C0394500D03945A4
:101C200000D0354500C0354500C0314500D03145B4
:101C300000E0314500E0354500F0354500F0314524
:101C400000F02D4500E02D4500E0294500F0294534
:101C500000F0254500F0214500E0214500E0254544
:101C600000D0254500D0214500C0214500C02545B4
:101C700000C0294500D0294500D02D4500C02D4584
:101C800000B02D4500A02D4500A0294500B02945F4
:101C900000B0254500B0214500A0214500A0254504
:101CA0000090254500902145008021450080254574
:101CB000008029450090294500902D4500802D4544
:101CC0000080314500803545009035450090314514
:101CD00000A0314500B0314500B0354500A0354584
:101CE00000A0394500B0394500B03D4500A03D4554
:101CF00000903D45009039450080394500803D45C4
:101D000000703D4500603D45006039450070394533
:101D10000070354500703145006031450060354543
:101D200000503545005031450040314500403545B3
:101D3000004039450050394500503D4500403D4583
:101D400000303D45003039450020394500203D45F3
:101D500000103D4500003D45000039450010394563
:101D60000010354500003545000031450010314573
:101D700000203145002035450030354500303145E3
:101D800000302D45003029450020294500202D45F3
:101D900000102D4500002D45000029450010294563
:101DA0000010254500002545000021450010214573
:101DB00000202145002025450030254500302145E3
:101DC0000040214500502145005025450040254553
:101DD0000040294500402D4500502D450050294523
:101DE0000060294500602D4500702D450070294593
:101DF00000702545006025450060214500702145A3
:101E000000701D4500601D450060194500701945B2
:101E100000701545007011450060114500601545C2
:101E20000050154500501145004011450040154532
:101E3000004019450050194500501D4500401D4502
:101E400000301D45003019450020194500201D4572
:101E500000101D4500001D450000194500101945E2
:101E600000101545000015450000114500101145F2
:101E70000020114500201545003015450030114562
:101E800000300D45003009450020094500200D4572
:101E900000100D4500000D450000094500100945E2
:101EA00000100545000005450000014500100145F2
:101EB0000020014500200545003005450030014562
:101EC00000400145005001450050054500400545D2
:101ED0000040094500400D4500500D4500500945A2
:101EE0000060094500600D4500700D450070094512
:101EF0000070054500600545006001450070014522
:101F00000080014500800545009005450090014591
:101F100000A0014500B0014500B0054500A0054501
:101F200000A0094500B0094500B00D4500A00D45D1
:101F300000900D45009009450080094500800D4541
:101F40000080114500901145009015450080154511
:101F50000080194500801D4500901D4500901945E1
:101F600000A0194500A01D4500B01D4500B0194551
:101F700000B0154500A0154500A0114500B0114561
:101F800000C0114500D0114500D0154500C01545D1
:101F900000C0194500C01D4500D01D4500D01945A1
:101FA00000E0194500E01D4500F01D4500F0194511
:101FB00000F0154500E0154500E0114500F0114521
:101FC00000F00D4500F0094500E0094500E00D4531
:101FD00000D00D4500C00D4500C0094500D00945A1
:101FE00000D0054500C0054500C0014500D00145B1
:101FF00000E0014500E0054500F0054500F0014521
:10200000000002450000064500100645001002458C
:1020100000200245003002450030064500200645FC
:1020200000200A4500300A4500300E4500200E45CC
:1020300000100E4500100A4500000A4500000E453C
:10204000000012450010124500101645000016450C
:1020500000001A4500001E4500101E4500101A45DC
:1020600000201A4500201E4500301E4500301A454C
:10207000003016450020164500201245003012455C
:1020800000401245005012450050164500401645CC
:1020900000401A4500401E4500501E4500501A459C
:1020A00000601A4500601E4500701E4500701A450C
:1020B000007016450060164500601245007012451C
:1020C00000700E4500700A4500600A4500600E452C
:1020D00000500E4500400E4500400A4500500A459C
:1020E00000500645004006450040024500500245AC
:1020F000006002450060064500700645007002451C
:10210000008002450090024500900645008006458B
:1021100000800A4500800E4500900E4500900A455B
:1021200000A00A4500A00E4500B00E4500B00A45CB
:1021300000B0064500A0064500A0024500B00245DB
:1021400000C0024500C0064500D0064500D002454B
:1021500000E0024500F0024500F0064500E00645BB
:1021600000E00A4500F00A4500F00E4500E00E458B
:1021700000D00E4500D00A4500C00A4500C00E45FB
:1021800000C0124500C0164500D0164500D01245CB
:1021900000E0124500F0124500F0164500E016453B
:1021A00000E01A4500F01A4500F01E4500E01E450B
:1021B00000D01E4500D01A4500C01A4500C01E457B
:1021C00000B01E4500A01E4500A01A4500B01A45EB
:1021D00000B0164500B0124500A0124500A01645FB
:1021E000009016450090124500801245008016456B
:1021F00000801A4500901A4500901E4500801E453B
:10220000008022450090224500902645008026450A
:1022100000802A4500802E4500902E4500902A45DA
:1022200000A02A4500A02E4500B02E4500B02A454A
:1022300000B0264500A0264500A0224500B022455A
:1022400000C0224500C0264500D0264500D02245CA
:1022500000E0224500F0224500F0264500E026453A
:1022600000E02A4500F02A4500F02E4500E02E450A
:1022700000D02E4500D02A4500C02A4500C02E457A
:1022800000C0324500C0364500D0364500D032454A
:1022900000E0324500F0324500F0364500E03645BA
:1022A00000E03A4500F03A4500F03E4500E03E458A
:1022B00000D03E4500D03A4500C03A4500C03E45FA
:1022C00000B03E4500A03E4500A03A4500B03A456A
:1022D00000B0364500B0324500A0324500A036457A
:1022E00000903645009032450080324500803645EA
:1022F00000803A4500903A4500903E4500803E45BA
:1023000000703E4500703A4500603A4500603E4529
:1023100000503E4500403E4500403A4500503A4599
:1023200000503645004036450040324500503245A9
:102330000060324500603645007036450070324519
:1023400000702E4500602E4500602A4500702A4529
:102350000070264500702245006022450060264539
:1023600000502645005022450040224500402645A9
:1023700000402A4500502A4500502E4500402E4579
:1023800000302E4500202E4500202A4500302A45E9
:1023900000302645003022450020224500202645F9
:1023A0000010264500102245000022450000264569
:1023B00000002A4500102A4500102E4500002E4539
:1023C0000000324500003645001036450010324509
:1023D0000020324500303245003036450020364579
:1023E00000203A4500303A4500303E4500203E4549
:1023F00000103E4500103A4500003A4500003E45B9
:102400000000424500104245001046450000464588
:1024100000004A4500004E4500104E4500104A4558
:1024200000204A4500204E4500304E4500304A45C8
:1024300000304645002046450020424500304245D8
:102440000040424500404645005046450050424548
:1024500000604245007042450070464500604645B8
:1024600000604A4500704A4500704E4500604E4588
:1024700000504E4500504A4500404A4500404E45F8
:1024800000405245004056450050564500505245C8
:102490000060524500705245007056450060564538
:1024A00000605A4500705A4500705E4500605E4508
:1024B00000505E4500505A4500405A4500405E4578
:1024C00000305E4500205E4500205A4500305A45E8
:1024D00000305645003052450020524500205645F8
:1024E0000010564500105245000052450000564568
:1024F00000005A4500105A4500105E4500005E4538
:102500000000624500006645001066450010624507
:102510000020624500306245003066450020664577
:1025200000206A4500306A4500306E4500206E4547
:1025300000106E4500106A4500006A4500006E45B7
:102540000000724500107245001076450000764587
:1025500000007A4500007E4500107E4500107A4557
:1025600000207A4500207E4500307E4500307A45C7
:1025700000307645002076450020724500307245D7
:102580000040724500507245005076450040764547
:1025900000407A4500407E4500507E4500507A4517
:1025A00000607A4500607E4500707E4500707A4587
:1025B0000070764500607645006072450070724597
:1025C00000706E4500706A4500606A4500606E45A7
:1025D00000506E4500406E4500406A4500506A4517
:1025E0000050664500406645004062450050624527
:1025F0000060624500606645007066450070624597
:102600000080624500806645009066450090624506
:1026100000A0624500B0624500B0664500A0664576
:1026200000A06A4500B06A4500B06E4500A06E4546
:1026300000906E4500906A4500806A4500806E45B6
:102640000080724500907245009076450080764586
:1026500000807A4500807E4500907E4500907A4556
:1026600000A07A4500A07E4500B07E4500B07A45C6
:1026700000B0764500A0764500A0724500B07245D6
:1026800000C0724500D0724500D0764500C0764546
:1026900000C07A4500C07E4500D07E4500D07A4516
:1026A00000E07A4500E07E4500F07E4500F07A4586
:1026B00000F0764500E0764500E0724500F0724596
:1026C00000F06E4500F06A4500E06A4500E06E45A6
:1026D00000D06E4500C06E4500C06A4500D06A4516
:1026E00000D0664500C0664500C0624500D0624526
:1026F00000E0624500E0664500F0664500F0624596
:1027000000F05E4500E05E4500E05A4500F05A45A5
:1027100000F0564500F0524500E0524500E05645B5
:1027200000D0564500D0524500C0524500C0564525
:1027300000C05A4500D05A4500D05E4500C05E45F5
:1027400000B05E4500B05A4500A05A4500A05E4565
:1027500000905E4500805E4500805A4500905A45D5
:1027600000905645008056450080524500905245E5
:1027700000A0524500A0564500B0564500B0524555
:1027800000B04E4500B04A4500A04A4500A04E4565
:1027900000904E4500804E4500804A4500904A45D5
:1027A00000904645008046450080424500904245E5
:1027B00000A0424500A0464500B0464500B0424555
:1027C00000C0424500D0424500D0464500C04645C5
:1027D00000C04A4500C04E4500D04E4500D04A4595
:1027E00000E04A4500E04E4500F04E4500F04A4505
:1027F00000F0464500E0464500E0424500F0424515
:102800000000434500104345001047450000474580
:1028100000004B4500004F4500104F4500104B4550
:1028200000204B4500204F4500304F4500304B45C0
:1028300000304745002047450020434500304345D0
:102840000040434500404745005047450050434540
:1028500000604345007043450070474500604745B0
:1028600000604B4500704B4500704F4500604F4580
:1028700000504F4500504B4500404B4500404F45F0
:1028800000405345004057450050574500505345C0
:102890000060534500705345007057450060574530
:1028A00000605B4500705B4500705F4500605F4500
:1028B00000505F4500505B4500405B4500405F4570
:1028C00000305F4500205F4500205B4500305B45E0
:1028D00000305745003053450020534500205745F0
:1028E0000010574500105345000053450000574560
:1028F00000005B4500105B4500105F4500005F4530
:1029000000006345000067450010674500106345FF
:10291000002063450030634500306745002067456F
:1029200000206B4500306B4500306F4500206F453F
:1029300000106F4500106B4500006B4500006F45AF
:10294000000073450010734500107745000077457F
:1029500000007B4500007F4500107F4500107B454F
:1029600000207B4500207F4500307F4500307B45BF
:1029700000307745002077450020734500307345CF
:10298000004073450050734500507745004077453F
:1029900000407B4500407F4500507F4500507B450F
:1029A00000607B4500607F4500707F4500707B457F
:1029B000007077450060774500607345007073458F
:1029C00000706F4500706B4500606B4500606F459F
:1029D00000506F4500406F4500406B4500506B450F
:1029E000005067450040674500406345005063451F
:1029F000006063450060674500706745007063458F
:102A000000806345008067450090674500906345FE
:102A100000A0634500B0634500B0674500A067456E
:102A200000A06B4500B06B4500B06F4500A06F453E
:102A300000906F4500906B4500806B4500806F45AE
:102A4000008073450090734500907745008077457E
:102A500000807B4500807F4500907F4500907B454E
:102A600000A07B4500A07F4500B07F4500B07B45BE
:102A700000B0774500A0774500A0734500B07345CE
:102A800000C0734500D0734500D0774500C077453E
:102A900000C07B4500C07F4500D07F4500D07B450E
:102AA00000E07B4500E07F4500F07F4500F07B457E
:102AB00000F0774500E0774500E0734500F073458E
:102AC00000F06F4500F06B4500E06B4500E06F459E
:102AD00000D06F4500C06F4500C06B4500D06B450E
:102AE00000D0674500C0674500C0634500D063451E
:102AF00000E0634500E0674500F0674500F063458E
:102B000000F05F4500E05F4500E05B4500F05B459D
:102B100000F0574500F0534500E0534500E05745AD
:102B200000D0574500D0534500C0534500C057451D
:102B300000C05B4500D05B4500D05F4500C05F45ED
:102B400000B05F4500B05B4500A05B4500A05F455D
:102B500000905F4500805F4500805B4500905B45CD
:102B600000905745008057450080534500905345DD
:102B700000A0534500A0574500B0574500B053454D
:102B800000B04F4500B04B4500A04B4500A04F455D
:102B900000904F4500804F4500804B4500904B45CD
:102BA00000904745008047450080434500904345DD
:102BB00000A0434500A0474500B0474500B043454D
:102BC00000C0434500D0434500D0474500C04745BD
:102BD00000C04B4500C04F4500D04F4500D04B458D
:102BE00000E04B4500E04F4500F04F4500F04B45FD
:102BF00000F0474500E0474500E0434500F043450D
:102C000000F03F4500F03B4500E03B4500E03F451C
:102C100000D03F4500C03F4500C03B4500D03B458C
:102C200000D0374500C0374500C0334500D033459C
:102C300000E0334500E0374500F0374500F033450C
:102C400000F02F4500E02F4500E02B4500F02B451C
:102C500000F0274500F0234500E0234500E027452C
:102C600000D0274500D0234500C0234500C027459C
:102C700000C02B4500D02B4500D02F4500C02F456C
:102C800000B02F4500A02F4500A02B4500B02B45DC
:102C900000B0274500B0234500A0234500A02745EC
:102CA000009027450090234500802345008027455C
:102CB00000802B4500902B4500902F4500802F452C
:102CC00000803345008037450090374500903345FC
:102CD00000A0334500B0334500B0374500A037456C
:102CE00000A03B4500B03B4500B03F4500A03F453C
:102CF00000903F4500903B4500803B4500803F45AC
:102D000000703F4500603F4500603B4500703B451B
:102D1000007037450070334500603345006037452B
:102D2000005037450050334500403345004037459B
:102D300000403B4500503B4500503F4500403F456B
:102D400000303F4500303B4500203B4500203F45DB
:102D500000103F4500003F4500003B4500103B454B
:102D6000001037450000374500003345001033455B
:102D700000203345002037450030374500303345CB
:102D800000302F4500302B4500202B4500202F45DB
:102D900000102F4500002F4500002B4500102B454B
:102DA000001027450000274500002345001023455B
:102DB00000202345002027450030274500302345CB
:102DC000004023450050234500502745004027453B
:102DD00000402B4500402F4500502F4500502B450B
:102DE00000602B4500602F4500702F4500702B457B
:102DF000007027450060274500602345007023458B
:102E000000701F4500601F4500601B4500701B459A
:102E100000701745007013450060134500601745AA
:102E2000005017450050134500401345004017451A
:102E300000401B4500501B4500501F4500401F45EA
:102E400000301F4500301B4500201B4500201F455A
:102E500000101F4500001F4500001B4500101B45CA
:102E600000101745000017450000134500101345DA
:102E7000002013450020174500301745003013454A
:102E800000300F4500300B4500200B4500200F455A
:102E900000100F4500000F4500000B4500100B45CA
:102EA00000100745000007450000034500100345DA
:102EB000002003450020074500300745003003454A
:102EC00000400345005003450050074500400745BA
:102ED00000400B4500400F4500500F4500500B458A
:102EE00000600B4500600F4500700F4500700B45FA
:102EF000007007450060074500600345007003450A
:102F00000080034500800745009007450090034579
:102F100000A0034500B0034500B0074500A00745E9
:102F200000A00B4500B00B4500B00F4500A00F45B9
:102F300000900F4500900B4500800B4500800F4529
:102F400000801345009013450090174500801745F9
:102F500000801B4500801F4500901F4500901B45C9
:102F600000A01B4500A01F4500B01F4500B01B4539
:102F700000B0174500A0174500A0134500B0134549
:102F800000C0134500D0134500D0174500C01745B9
:102F900000C01B4500C01F4500D01F4500D01B4589
:102FA00000E01B4500E01F4500F01F4500F01B45F9
:102FB00000F0174500E0174500E0134500F0134509
:102FC00000F00F4500F00B4500E00B4500E00F4519
:102FD00000D00F4500C00F4500C00B4500D00B4589
:102FE00000D0074500C0074500C0034500D0034599
:102FF00000E0034500E0074500F0074500F0034509
:1030000000E0FF4400C0FF4400C0F74400E0F74484
:1030100000E0EF4400E0E74400C0E74400C0EF44B4
:1030200000A0EF4400A0E7440080E7440080EF44A4
:103030000080F74400A0F74400A0FF440080FF4454
:103040000060FF440060F7440040F7440040FF4444
:103050000020FF440000FF440000F7440020F74434
:103060000020EF440000EF440000E7440020E74464
:103070000040E7440040EF440060EF440060E74454
:103080000060DF440060D7440040D7440040DF4484
:103090000020DF440000DF440000D7440020D74474
:1030A0000020CF440000CF440000C7440020C744A4
:1030B0000040C7440040CF440060CF440060C74494
:1030C0000080C74400A0C74400A0CF440080CF4484
:1030D0000080D7440080DF4400A0DF4400A0D74434
:1030E00000C0D74400C0DF4400E0DF4400E0D74424
:1030F00000E0CF4400C0CF4400C0C74400E0C74454
:1031000000E0BF4400E0B74400C0B74400C0BF4483
:1031100000A0BF440080BF440080B74400A0B74473
:1031200000A0AF440080AF440080A74400A0A744A3
:1031300000C0A74400C0AF4400E0AF4400E0A74493
:1031400000E09F4400C09F4400C0974400E09744C3
:1031500000E08F4400E0874400C0874400C08F44F3
:1031600000A08F4400A087440080874400808F44E3
:103170000080974400A0974400A09F4400809F4493
:1031800000609F4400409F44004097440060974483
:1031900000608F44006087440040874400408F44B3
:1031A00000208F44002087440000874400008F44A3
:1031B000000097440020974400209F4400009F4453
:1031C0000000A7440000AF440020AF440020A74403
:1031D0000040A7440060A7440060AF440040AF44F3
:1031E0000040B7440060B7440060BF440040BF44A3
:1031F0000020BF440020B7440000B7440000BF4493
:1032000000E0BE4400E0B64400C0B64400C0BE4486
:1032100000A0BE440080BE440080B64400A0B64476
:1032200000A0AE440080AE440080A64400A0A644A6
:1032300000C0A64400C0AE4400E0AE4400E0A64496
:1032400000E09E4400C09E4400C0964400E09644C6
:1032500000E08E4400E0864400C0864400C08E44F6
:1032600000A08E4400A086440080864400808E44E6
:103270000080964400A0964400A09E4400809E4496
:1032800000609E4400409E44004096440060964486
:1032900000608E44006086440040864400408E44B6
:1032A00000208E44002086440000864400008E44A6
:1032B000000096440020964400209E4400009E4456
:1032C0000000A6440000AE440020AE440020A64406
:1032D0000040A6440060A6440060AE440040AE44F6
:1032E0000040B6440060B6440060BE440040BE44A6
:1032F0000020BE440020B6440000B6440000BE4496
:103300000000C6440020C6440020CE440000CE4445
:103310000000D6440000DE440020DE440020D644F5
:103320000040D6440040DE440060DE440060D644E5
:103330000060CE440040CE440040C6440060C64415
:103340000080C6440080CE4400A0CE4400A0C64405
:1033500000C0C64400E0C64400E0CE4400C0CE44F5
:1033600000C0D64400E0D64400E0DE4400C0DE44A5
:1033700000A0DE4400A0D6440080D6440080DE4495
:103380000080E6440080EE4400A0EE4400A0E64445
:1033900000C0E64400E0E64400E0EE4400C0EE4435
:1033A00000C0F64400E0F64400E0FE4400C0FE44E5
:1033B00000A0FE4400A0F6440080F6440080FE44D5
:1033C0000060FE440040FE440040F6440060F644C5
:1033D0000060EE440060E6440040E6440040EE44F5
:1033E0000020EE440020E6440000E6440000EE44E5
:1033F0000000F6440020F6440020FE440000FE4495
:1034000000E0FD4400E0F54400C0F54400C0FD4488
:1034100000A0FD440080FD440080F54400A0F54478
:1034200000A0ED440080ED440080E54400A0E544A8
:1034300000C0E54400C0ED4400E0ED4400E0E54498
:1034400000E0DD4400C0DD4400C0D54400E0D544C8
:1034500000E0CD4400E0C54400C0C54400C0CD44F8
:1034600000A0CD4400A0C5440080C5440080CD44E8
:103470000080D54400A0D54400A0DD440080DD4498
:103480000060DD440040DD440040D5440060D54488
:103490000060CD440060C5440040C5440040CD44B8
:1034A0000020CD440020C5440000C5440000CD44A8
:1034B0000000D5440020D5440020DD440000DD4458
:1034C0000000E5440000ED440020ED440020E54408
:1034D0000040E5440060E5440060ED440040ED44F8
:1034E0000040F5440060F5440060FD440040FD44A8
:1034F0000020FD440020F5440000F5440000FD4498
:1035000000E0FC4400C0FC4400C0F44400E0F4448B
:1035100000E0EC4400E0E44400C0E44400C0EC44BB
:1035200000A0EC4400A0E4440080E4440080EC44AB
:103530000080F44400A0F44400A0FC440080FC445B
:103540000060FC440060F4440040F4440040FC444B
:103550000020FC440000FC440000F4440020F4443B
:103560000020EC440000EC440000E4440020E4446B
:103570000040E4440040EC440060EC440060E4445B
:103580000060DC440060D4440040D4440040DC448B
:103590000020DC440000DC440000D4440020D4447B
:1035A0000020CC440000CC440000C4440020C444AB
:1035B0000040C4440040CC440060CC440060C4449B
:1035C0000080C44400A0C44400A0CC440080CC448B
:1035D0000080D4440080DC4400A0DC4400A0D4443B
:1035E00000C0D44400C0DC4400E0DC4400E0D4442B
:1035F00000E0CC4400C0CC4400C0C44400E0C4445B
:1036000000E0BC4400C0BC4400C0B44400E0B4448A
:1036100000E0AC4400E0A44400C0A44400C0AC44BA
:1036200000A0AC4400A0A4440080A4440080AC44AA
:103630000080B44400A0B44400A0BC440080BC445A
:103640000060BC440060B4440040B4440040BC444A
:103650000020BC440000BC440000B4440020B4443A
:103660000020AC440000AC440000A4440020A4446A
:103670000040A4440040AC440060AC440060A4445A
:1036800000609C44006094440040944400409C448A
:1036900000209C4400009C4400009444002094447A
:1036A00000208C4400008C440000844400208444AA
:1036B0000040844400408C4400608C44006084449A
:1036C0000080844400A0844400A08C4400808C448A
:1036D0000080944400809C4400A09C4400A094443A
:1036E00000C0944400C09C4400E09C4400E094442A
:1036F00000E08C4400C08C4400C0844400E084445A
:103700000000854400008D4400208D440020854445
:10371000004085440060854400608D4400408D4435
:10372000004095440060954400609D4400409D44E5
:1037300000209D44002095440000954400009D44D5
:103740000000A5440020A5440020AD440000AD4485
:103750000000B5440000BD440020BD440020B54435
:103760000040B5440040BD440060BD440060B54425
:103770000060AD440040AD440040A5440060A54455
:103780000080A54400A0A54400A0AD440080AD4445
:103790000080B5440080BD4400A0BD4400A0B544F5
:1037A00000C0B54400C0BD4400E0BD4400E0B544E5
:1037B00000E0AD4400C0AD4400C0A54400E0A54415
:1037C00000E09D4400E0954400C0954400C09D4445
:1037D00000A09D4400809D440080954400A0954435
:1037E00000A08D4400808D440080854400A0854465
:1037F00000C0854400C08D4400E08D4400E0854455
:1038000000C07B4400C06B4400806B4400807B445C
:1038100000407B4400007B4400006B4400406B444C
:1038200000405B4400005B4400004B4400404B44BC
:1038300000804B4400805B4400C05B4400C04B44AC
:1038400000C03B4400803B4400802B4400C02B441C
:1038500000C01B4400C00B4400800B4400801B448C
:1038600000401B4400400B4400000B4400001B447C
:1038700000002B4400402B4400403B4400003B44EC
:1038800000C03A4400803A4400802A4400C02A44E0
:1038900000C01A4400C00A4400800A4400801A4450
:1038A00000401A4400400A4400000A4400001A4440
:1038B00000002A4400402A4400403A4400003A44B0
:1038C00000004A4400005A4400405A4400404A4420
:1038D00000804A4400C04A4400C05A4400805A4410
:1038E00000806A4400C06A4400C07A4400807A4480
:1038F00000407A4400406A4400006A4400007A4470
:1039000000C07944008079440080694400C0694463
:1039100000C0594400C049440080494400805944D3
:1039200000405944004049440000494400005944C3
:103930000000694400406944004079440000794433
:1039400000C0784400C06844008068440080784427
:103950000040784400007844000068440040684417
:103960000040584400005844000048440040484487
:10397000008048440080584400C0584400C0484477
:1039800000C0384400C028440080284400803844E7
:1039900000403844000038440000284400402844D7
:1039A0000040184400001844000008440040084447
:1039B000008008440080184400C0184400C0084437
:1039C0000000094400400944004019440000194423
:1039D0000000294400003944004039440040294493
:1039E000008029440080394400C0394400C0294483
:1039F00000C01944008019440080094400C00944F3
:103A00000080F3430000F3430000D3430080D3431E
:103A10000080B34300809343000093430000B3430E
:103A20000080B24300809243000092430000B24302
:103A30000000D2430080D2430080F2430000F243F2
:103A40000080F1430080D1430000D1430000F143E6
:103A50000080F0430000F0430000D0430080D043DA
:103A60000080B0430000B0430000904300809043CA
:103A7000000091430000B1430080B14300809143B6
:103A80000000634300002343000022430000624320
:103A90000000614300006043000020430000214318
:103AA0000000C2420000C042000000420000044288
:103AB000000008420000C4420000C64200000C4260
:103AC00000001042000014420000CA420000C84238
:103AD00000002443000064430000654300002543C8
:103AE00000002643000066430000674300002743B0
:103AF0000000CE420000CC420000184200001C42F0
:103B0000000020420000D0420000D24200002442C7
:103B10000000284200002C420000D6420000D4429F
:103B200000002A4300002B4300006B4300006A435F
:103B30000000694300002943000028430000684357
:103B400000009443008094430080B4430000B443D9
:103B50000000D4430000F4430080F4430080D443C9
:103B60000000D5430000F5430080F5430080D543B5
:103B70000080B5430000B5430000954300809543A5
:103B800000009643008096430080B6430000B64391
:103B90000000D6430000F6430080F6430080D64381
:103BA0000000D7430000F7430080F7430080D7436D
:103BB0000080B7430000B74300009743008097435D
:103BC00000006F4300002F4300002E4300006E43AF
:103BD00000006D4300006C4300002C4300002D43A7
:103BE0000000DA420000D8420000304200003442B7
:103BF000000038420000DC420000DE4200003C428F
:103C000000004042000044420000E2420000E04266
:103C10000000304300007043000071430000314356
:103C2000000032430000724300007343000033433E
:103C30000000E6420000E4420000484200004C421E
:103C4000000050420000E8420000EA4200005442F6
:103C50000000584200005C420000EE420000EC42CE
:103C600000003643000037430000774300007643EE
:103C700000007543000035430000344300007443E6
:103C800000009A430000BA430080BA4300809A4380
:103C900000009B4300809B430080BB430000BB436C
:103CA0000000DB430080DB430080FB430000FB435C
:103CB0000080FA430080DA430000DA430000FA4350
:103CC0000080F9430000F9430000D9430080D94344
:103CD0000080B94300809943000099430000B94334
:103CE0000080B84300809843000098430000B84328
:103CF0000000D8430080D8430080F8430000F84318
:103D000000000C4400001C4400401C4400400C44D3
:103D100000800C4400C00C4400C01C4400801C44C3
:103D200000802C4400C02C4400C03C4400803C4433
:103D300000403C4400402C4400002C4400003C4423
:103D400000004C4400404C4400405C4400005C4493
:103D500000006C4400007C4400407C4400406C4403
:103D600000806C4400807C4400C07C4400C06C44F3
:103D700000C05C4400805C4400804C4400C04C4463
:103D800000004D4400404D4400405D4400005D444F
:103D900000006D4400007D4400407D4400406D44BF
:103DA00000806D4400807D4400C07D4400C06D44AF
:103DB00000C05D4400805D4400804D4400C04D441F
:103DC00000C03D4400C02D4400802D4400803D448F
:103DD00000403D4400003D4400002D4400402D447F
:103DE00000401D4400001D4400000D4400400D44EF
:103DF00000800D4400801D4400C01D4400C00D44DF
:103E000000000E4400001E4400401E4400400E44CA
:103E100000800E4400C00E4400C01E4400801E44BA
:103E200000802E4400C02E4400C03E4400803E442A
:103E300000403E4400402E4400002E4400003E441A
:103E400000004E4400404E4400405E4400005E448A
:103E500000006E4400007E4400407E4400406E44FA
:103E600000806E4400807E4400C07E4400C06E44EA
:103E700000C05E4400805E4400804E4400C04E445A
:103E800000004F4400404F4400405F4400005F4446
:103E900000006F4400007F4400407F4400406F44B6
:103EA00000806F4400807F4400C07F4400C06F44A6
:103EB00000C05F4400805F4400804F4400C04F4416
:103EC00000C03F4400C02F4400802F4400803F4486
:103ED00000403F4400003F4400002F4400402F4476
:103EE00000401F4400001F4400000F4400400F44E6
:103EF00000800F4400801F4400C01F4400C00F44D6
:103F00000080FF430000FF430000DF430080DF43E9
:103F10000080BF4300809F4300009F430000BF43D9
:103F20000080BE4300809E4300009E430000BE43CD
:103F30000000DE430080DE430080FE430000FE43BD
:103F40000080FD430080DD430000DD430000FD43B1
:103F50000080FC430000FC430000DC430080DC43A5
:103F60000080BC430000BC4300009C4300809C4395
:103F700000009D430000BD430080BD4300809D4381
:103F800000007B4300003B4300003A4300007A43BB
:103F900000007943000078430000384300003943B3
:103FA0000000F2420000F042000060420000644263
:103FB000000068420000F4420000F64200006C423B
:103FC00000007042000074420000FA420000F84213
:103FD00000003C4300007C4300007D4300003D4363
:103FE00000003E4300007E4300007F4300003F434B
:103FF0000000FE420000FC420000784200007C42CB
:10400000BBA3C53F4E41903FD71B513FB3DDA53FFA
:1040100034337C3FC8C457BFEC4180BFAA84A03E64
:104020004A10543FB7439F3F8E855F3EC7C41DBFB4
:104030008F63C7BE9F29D03FA9065B3FC9BF46BF5C
:104040000A88323EF64687391B510E3F803AF1BE50
:1040500046533C3F7395643F90BABABF9604963E70
:104060000F322CBFA650CDBF09653A3E9F97A3BF24
:104070007B77B73E0C589BBF8C92763FD781DA3F57
:104080004EA392BF50D6893C9B6B68BF7E9A503F2F
:10409000F9DE9EBF46765A3F0C118F3FABE3B1BFAE
:1040A000783698BF149056BF8B3A6BBFF1222A3FE7
:1040B0009EC94E3EF777243F4D424EBF33311440E8
:1040C000971354BE257FADBF42521C3F501438BFDA
:1040D000E7B87C3EE2B6CD3FD4E04A3E80448D3F17
:1040E00077BFEBBFAFB23E3F00920DC0E3A7CD3E1E
:1040F0003E9D3A3F84AA65BE41AED43F7A48813F97
:104100003D3BA6BE1F17EC3E71FD873DF856AFBE86
:104110001F6D723ED2005CBE878E1C3FDEDA6B3FA5
:1041200000752B3F5A7807BF073FCC3EB47B663EF5
:10413000478770BEE48709BF220655BFEC564D3D48
:104140009658073EB6E0A1BE2B51633FF67565BD9C
:10415000F0C16A3F5E87B3BE5FE9493F9F30AB3E27
:1041600066F61A3EA6F383BEF4A746BF88412ABF6F
:1041700081385A3FF91F62BEA91419BFF7193A3F97
:10418000540022BE97271B3FC1E1193E008D2BBF73
:10419000393AA93E980441BF73ED2CBFF46E88BE36
:1041A0003856E3BEE43761BF1074B13CA664B03E3C
:1041B0003CB43CBDBEF80EBF4856483E55B7B33E72
:1041C000F71D6C3FF498DA3EDBFE8C3DBCB5D63E65
:1041D0000A43C9BE2D493DBF370ECA3ECDB01B3F75
:1041E000ECCA633F7067CBBE4DA6EDBD3FB9673FDC
:1041F000705E8A3EF83C47BF480EB03EC45ADD3E72
:104200000A4777C0D58F93C00571B2C0559DCCC009
:1042100006F8BEC0B5564CC08B9FB6C0D922A1C00F
:10422000D33D93C077C584C0B9A0B0C0E45335C0B6
:10423000AA9C45C020DCC8C0E75462C09170CDC0C4
:10424000225040C0DCC5C3C0640B6FC0088363C08C
:1042500001C6A2C0AE32D1C07720AAC0EBCD2BC020
:1042600085871FC0A69DB6C0485C94C0BE7499C027
:1042700063AB2BC042A6B0C04BFF85C0E6761EC024
:104280003A9616C033D091C06FF965C0E0C724C01C
:104290008CEA67C08EEAA6C078F3D5C0AAC79DC0D5
:1042A000DD78D7C04509C5C0BC161BC032F3BEC0FF
:1042B0001789C3C0994DB9C0034852C0BE19AFC0D9
:1042C0007F8E6FC0D6B5A7C0EFA2D1C070E289C003
:1042D00071305CC0EE77AEC03B9D71C00378D8C032
:1042E000F1DAC2C0ECE238C0833EBDC07C2C86C08F
:1042F000E65364C0E2FA50C013C6A0C072CBD1C06E
:10430000433573BF6138ADBF2B7276BFCF8BA8BF6B
:10431000BC6BCEBF10FA53BFD5ED90BF4CFAFEBEBA
:10432000B7C213BFB7BB12BFD0A6FEBEE83D5FBF8A
:1043300096FF61BF6CBB45BFB4EB4DBF7EEDF1BED8
:104340001C1D80BF3C6B14BF02A946BFB1C7B7BEDE
:1043500094EB3CBF8D4806BF839735BF72A62FBF35
:10436000674B45BF3A5B14BFFEAE12BFA02A31BFF8
:1043700077483BBF322F31BF36EE32BF4A0A51BFBA
:10438000D32E21BFE2E816BF7C0598BFB0E5B9BFC8
:1043900041E9B8BF1491BABF9CD1E8BE2216B2BFA2
:1043A000E308A8BFF77AF0BE535653BF6C5537BF2A
:1043B000F6B96BBFD8AD7EBFA7D24BBFEE11D7BE4B
:1043C0006FEA4EBFE22A9EBF392DDEBDB63D83BFE8
:1043D000E1479BBF088274BF15AF65BF735CEBBE3E
:1043E0001BCE1DBFA6CE61BFB30307BFDF765EBF86
:1043F0004A4F4FBF46A254BF62A44EBFED4F4ABFC3
:10440000833F50BF4B6973BF1D3F5ABF74EA2BBF38
:10441000EAD0A1BFF5CF33BF22C55FBF4D1874BF2F
:104420007E481BBF087C8ABF761643BF54ACA0BF32
:1044300018667ABF2B3D0EBF6D0A80BF3B5B44BF41
:1044400010BF12BF4B070ABF1B7AF6BEDA4C6FBF14
:1044500054F013BF8A071CBF4797DBBE027381BFAE
:10446000C541E5BE64B031BF7A4C2CBFCCCD31BF65
:10447000A57352BF425445BFBAFF1EBFEB8384BF32
:104480009A9D1CBF5D577CBFEE1571BFBAF0A7BFE8
:104490003E08DEBE546B20BF5061ADBFAEBE93BFC1
:1044A0007F534DBF351354BF2109ECBE5A998CBFC1
:1044B000BB7E38BF13BC8EBF61BF6FBFB2EA38BFCF
:1044C00061776FBF3212B0BF019ADDBF059D25BF76
:1044D000602C71BFD41206BF3CE718BF763F87BF80
:1044E000D64147BF887F83BFBD4896BF66F4B1BF42
:1044F000CA09C7BFC657CFBF8DB0AABF67E395BF74
:10450000D7053EBFEB8374BF19A7DFBF133E83BF40
:1045100032B998BFCF8222BF15DB02C0503D30BFF9
:10452000F6BFCEBF02C090BF3DA16FBF11B945BF5E
:10453000B22D8BBFD9FC7ABF4D5A83BF1E4B48BFEB
:104540008EAA80BFA3842FBFD1ABB4BF8814D1BFC4
:10455000B25F36BFB2E9A5BF9E3582BF858784BFF3
:10456000247F9DBFCA5E2DBFC39214BF81C00EBF02
:104570005FDB11BF8E189ABF219339BF60EBB9BEC4
:10458000E0BD7BBFFC9091BFA90C58BF988FE2BEE5
:10459000740A81BFAA025FBF88FC66BF7BDBF2BEE4
:1045A000724B12BF603882BFF9645FBF06A52CBF93
:1045B000244C2DBFBD0C47BF839B07BF27D47EBFB4
:1045C00063EE27BF13B54BBF0A3835BF44D1E4BEF5
:1045D0007A2500BF2F2031BF324426BFBD7169BF8D
:1045E000055F1FBF84243FBF08A8D7BE36BD42BFAA
:1045F0002B5948BFB94431BFEF4F44BF80A46EBFB1
:104600005E3629BF7E9611BFC57F20BF4D792DBF75
:10461000A99B11BFB05C5FBFCC8E2BBF6E9653BF02
:1046200041FA45BFD1A886BF4CC349BF071F97BEFB
:10463000A15186BF280747BF49DF40BF87FD5EBF46
:10464000F77B8EBF6DA534BFF9D472BF8DAD00BFAF
:104650001EB68ABF23F561BFFB871FBFA90A22BF11
:104660009FA249BF52B628BF09832FBFCAAE16BF4B
:10467000522B43BFB9542EBF39B444BF5FD207BFDA
:1046800093C234BF6BD72EBFDCCF2EBFEFC72EBF78
:10469000403135BF45FE35BF562530BFC9F32FBF6A
:1046A000EEF734BF6E222FBF84E133BF74CF30BF2B
:1046B0007EDD31BFCC9B32BF292433BFC75331BF0E
:1046C000644330BF976130BFF3FC31BF034631BF55
:1046D000CCE531BF476231BF2A5031BFBA9530BFF8
:1046E0005BFF30BF38EF31BF876E31BF9E1B32BFDB
:1046F000898C32BF907A31BF812231BF61BD31BF19
:1047000035EF22BFCA8A8CBFCD6249BF38E583BF6F
:10471000F60133BF0BF291BFE52B9DBFF45368BF89
:1047200098953FBF317B14BFC863DABE62433FBF79
:1047300091D770BF417D03BF7B32EABE08C576BF0B
:10474000F4728ABF5AB03FBF07E64FBFC0D572BFF1
:10475000971062BF871E36BF5A3333BF3BEE84BF0C
:10476000E88E5EBF476D19BF356932BF92C739BF4A
:10477000139629BFD8C8EFBE14FD23BF5BC358BF33
:10478000158033BF0B3D60BF533694BFD8558FBFE4
:10479000F88F4DBFBA119DBF2D0491BF263959BF67
:1047A000604B2ABFF56258BFF2D741BFEDD576BF47
:1047B000BF027BBF347363BF93EA5ABFDBBF1BBF2B
:1047C00012924FBF589309BF25FF28BF992548BFB4
:1047D000FF6B5FBF6E0668BF997061BFEFD519BFF1
:1047E000A60765BF9CA32CBF36B145BFB7CF3ABF64
:1047F0002AB7FEBE0E1632BF260B50BFDCA127BF64
:10480000E36A35BF47074CBF3D0C31BF7D932ABFDC
:10481000C2802ABF179138BFAE0748BFA33622BF58
:1048200002C236BF5B9133BFB78256BFD9F328BFF0
:10483000A2591EBF68EE26BF11C01DBF5BE839BF7D
:104840007BF72CBFDEB540BFE5CF20BFA09F33BFB5
:104850006D863DBF2A872EBFA1E63CBF5B7146BF78
:10486000147430BF524749BFB0CB44BFCEB549BF27
:1048700052BE25BF0F7F29BFA1C02EBFA18351BF4C
:10488000E2A32EBF551659BF88E23EBF391047BF7D
:10489000706A6FBFACB62DBF45BB70BFCD462EBF93
:1048A000F0378DBFB6F11EBFC19D37BF4275F7BE51
:1048B000991A82BFDEA513BFA3636FBF935749BF89
:1048C000EF0B0CBF96D33BBF5DAE09BF2A8F21BF54
:1048D000F96078BFA9A903BF413F07BF55B93DBFE4
:1048E000E9EE2FBF327457BF56526CBF7A8C2FBF80
:1048F000658B4BBF1CDC52BFB5944BBFDA7E38BF13
:1049000028DA23BF26783BBF3ACEE9BE172D5BBF1E
:10491000CA7D1ABF9CB412BF5A7E25BF394A23BF35
:1049200012CC33BF98FF34BF3B934DBFCA076BBF58
:10493000E1A710BFE67B2CBF06E53DBF8E3524BF47
:10494000A5902EBF223948BF2A0F5DBF6ADD25BF63
:10495000E59C70BF9B3E17BF6B1C28BFD2C30DBF29
:1049600031B867BF638717BF12DD4EBF0BAE30BFD4
:1049700089F126BF3DE428BFCE1632BFC5982DBFB2
:104980002A21D9BE76B487BF696688BF4C4FA0BFC5
:1049900081429FBF2AC789BF2499D0BE5F15F9BE47
:1049A000D6F773BFDE85CDBEF4E815BFFE2080BF0D
:1049B000C24FCCBFEB51B4BF06544DBF22DB7BBF0F
:1049C00000B6A9BF45934DBF05E823BFC0306EBFF9
:1049D00093ACABBF7297FBBF7411D8BFA646A9BFFB
:1049E000B526A4BF71E4F7BF166CA8BFAC6EC9BFF3
:1049F000A86800C0D43384BF156C65BF668F9CBFA8
:104A00003C773DBF2EB331BFA9A327BF4F3B36BF75
:104A10006B353FBF43623BBF8AF4F2BE4D580FBFB8
:104A20004D6844BF30EB67BFA9B036BFFADE82BF26
:104A30000CA7F5BE9F6510BF0287CEBE92E12EBFC8
:104A4000261739BF23280DBF5F6E2BBF5E8F31BF86
:104A500038853ABFD32031BF206148BFFCCD48BF65
:104A60006F563DBF057246BFBDF333BF2A3A42BF02
:104A700069C71DBF63B84DBFC8F537BFEA6F25BF13
:104A8000DDD553BF8F68C8BE5308A4BF1D76D0BF05
:104A9000FAFC1FBFD73576BF6478F8BFE1A546BFE3
:104AA000DE284EBFCA0BC1BFF384C4BF03E3CBBF34
:104AB0002B6FD1BF064FEABF9374ACBFB13DC1BFEE
:104AC0004B438FBFC2DA81BF3495A0BF68F491BF5A
:104AD0005F622CBFCF540ABF42B28ABEA81690BFF5
:104AE00067D7D4BF8934DFBFC69B32BE9E3565BF52
:104AF000DD3E09BFC9BDD6BF882BD2BFD45582BF0A
:104B0000911021BF671222BF31641CBFE5E419BFB9
:104B10005BB558BFCAA336BF69244ABFBBF91DBFE6
:104B200097B776BFFE6F52BFDC414BBF856469BF4C
:104B3000C9ED4ABF5F2811BFCE0669BFC5FA30BFB5
:104B40001D0769BF551D1DBF617F44BFDD2256BFD4
:104B5000ACC120BF5C011ABF10FA53BF222D3CBF6D
:104B60001AB524BF1749F1BEC19B5DBFE55B3CBFD1
:104B700058E244BF890435BF5C601EBF7B2C4FBF29
:104B8000252734BFD60C34BF9ECD32BFA53C2BBFEA
:104B9000DA522DBF1BC22CBF93B62EBF38C938BF07
:104BA000E1B133BF1D2A33BFC33C3ABF72F233BFFA
:104BB000FAAC35BFCCBB37BF061539BFF66C2EBF7C
:104BC000958731BF9E6D37BF687235BF5AA634BF17
:104BD000212425BF85132ABFB2B52FBF4FB42FBFE5
:104BE00054BF3BBFCC8D3BBFA6E22DBF283135BFA4
:104BF000CA452DBF2B2830BF2C722BBFE9DC34BF38
:104C0000DAD632BF683D38BFD65134BF5D6734BF96
:104C10006FA545BFF07949BFAAF82EBF421F3ABF22
:104C200091544ABFCBD950BF3EF039BF52792BBF08
:104C3000F52A49BFDA643ABF014436BF28FA4ABFB1
:104C4000797D55BFE88633BF3E5927BF031343BF65
:104C5000E1DD6ABFF78823BFCDC01BBF9FF54BBF07
:104C60005C7546BFAE3A5DBFD1E225BF48691EBF45
:104C7000951629BF31322DBFFEF842BF2CD546BF55
:104C8000E8A61EBF66D225BF713B5FBF2AA147BF02
:104C90000AF70CBF4873F8BEED502DBFC10545BFE4
:104CA000812C45BF513A4FBFC05456BF525F51BFD0
:104CB00025A845BF943B47BF737C2CBF23484DBFFD
:104CC0008D7511BFC1983EBFC9163DBF5E3431BF5F
:104CD00022C85BBFA1D544BF7A4740BF5B6B4EBFC4
:104CE0000FF539BFAABF39BF4FE331BF031136BF3C
:104CF00092C555BF8535E3BE2FD248BF0D081EBFF4
:104D0000187231BF187231BF187231BF187231BFBB
:104D1000187231BF187231BF187231BF187231BFAB
:104D2000187231BF187231BF187231BF187231BF9B
:104D3000187231BF187231BF187231BF187231BF8B
:104D4000187231BF187231BF187231BF187231BF7B
:104D5000187231BF187231BF187231BF187231BF6B
:104D6000187231BF187231BF187231BF187231BF5B
:104D7000187231BF187231BF187231BF187231BF4B
:104D8000A19829BF2D416CBFFB5737BF131156BFE8
:104D900071CF63BFE9F469BF148D0ABFAD8D4CBFFD
:104DA000F1D889BFFEBD84BF155A30BFDE849BBFDA
:104DB00038CBC0BF906293BFC3BBABBF8BC5B1BF85
:104DC000D048A5BF117350BF6B9C95BFB3778EBF02
:104DD000E2028ABF64B5AEBE298387BF54D1B0BF9B
:104DE000833E8EBF794CA3BF466FADBF0ED3A4BF29
:104DF00088D1B1BF374096BF7FED67BD304195BFC9
:104E0000726630BF5624B5BF6FBAE2BF121FE2BF51
:104E1000C442CEBFA08E18BF95F492BF2A43F6BEFF
:104E2000CDF7C8BFC1255DBF8F2902BF7C1C94BFD1
:104E300015E98CBE6EAA24BF5A434DBF943646BFB7
:104E40006B018DBFD1E858BF95FF39BFE53001BF79
:104E5000EDA91FBFFACD4ABFF2DD2BBFDC0300BFB7
:104E6000512E4DBF3E6348BFED712BBFA26536BFCB
:104E7000FE8D35BF197E87BF00EC59BF646233BF1A
:104E8000AA5324BF2DAE24BF20E03BBFC06C32BF6D
:104E90000E9D5ABF95562FBFEFDD5DBF6EBF80BF21
:104EA00037CB23BF33C155BFE84C24BF26212BBFCE
:104EB000925F20BFD46340BFD3CB81BFBD6E48BFDC
:104EC000AA2464BFAB252FBF26CE3CBF7A4136BF94
:104ED000DCDD2CBF3FFA4FBFAAA331BF240023BFA4
:104EE000E1E77FBF71893CBF544332BF571A3CBFD3
:104EF0003E3F22BFBFAC4CBFD51938BFF8F730BF1B
:104F0000BC3028BFC6EF41BF24706CBF63EE7BBFCF
:104F1000A82A67BF0B8865BFC16633BFF18277BF20
:104F200019D32ABF89214EBFDD5489BF06BB2BBFD1
:104F300068623CBFF98F37BFACD245BF88E664BF1B
:104F4000A0CE0ABF68D35EBF7EF440BFC9B6EABE3A
:104F5000EC8F71BF19793FBFE3D96ABF960835BF9F
:104F6000853C42BF6CAC2CBFC23B40BFBBF511BF00
:104F7000917916BFE7091EBFE3C622BFF83721BFEC
:104F8000F10274BF1C7962BF9DE089BFE48292BFC9
:104F90002727B5BF34165EBFBD31CBBF5D18CDBF6F
:104FA00066A380BFA17DA0BF96FB8EBF365F77BF93
:104FB0005A7B05BEFD79E6BF007119C0EC22E8BF3F
:104FC0002A4384BFA8AA05C029C1C8BF6702A7BFDA
:104FD00018B8BCBF4E5FCABFF203CEBF1838EFBFD0
:104FE00096A3B9BF4853BCBF6B53A6BF319F563D74
:104FF0002700D7BEB3D67ABF463AA4BFBD0B48BF81
:1050000033AC35BFA87D35BF9E542FBF2BD931BFE0
:105010000AD92FBF964130BF85E230BFA19632BF7B
:10502000076030BF006231BF368831BF007531BFC5
:10503000CD5B31BFD9A331BF476831BF106F31BFDE
:105040009B6131BF732A31BFBD6731BF662531BF58
:10505000306A31BFCB4C31BFDF4B31BFC98031BF6C
:10506000767A31BF137A31BF1C8231BFFE6831BFFF
:10507000557031BF637231BF2F5C31BFA26E31BF3B
:105080009F1F1EBF45A430BF84EE27BF16D0B3BFFD
:105090008E43C1BF070467BFC685FDBE01C398BF6D
:1050A000B90EC0BFB03FAFBF83BDB8BF64FEB6BFCF
:1050B000434CA9BF639D81BFE68163BF2B4DA2BF57
:1050C00072FC48BF1BC2A4BF0BFB85BFBB80D0BE18
:1050D000C3F1A7BFADC23EBFA52CA1BFEFAF1ABFA2
:1050E0001D4E8FBFB4DA5DBF376116BFB6A46ABF6D
:1050F000C85F39BF38F665BF04B45BBF724595BF62
:10510000F02620BF4EE919BF46004ABF09A246BF9C
:105110008B803CBFDCA313BF831B43BF680326BF48
:10512000861C5CBFD98548BF17CE34BF92FD46BFF1
:105130003B825EBF430C1FBFA2F75BBF05D421BFFC
:1051400003F140BF99A628BF4AF84EBF07674ABF80
:10515000C14210BF88031EBFA22F41BF5F7360BF53
:1051600073313BBF4D8258BF3C243CBF9A1B44BFA8
:10517000340C51BF081A58BF7AE829BFD95A2ABF40
:1051800014EC53BF736D4FBF8B4D64BF197497BF41
:105190009CB571BF6D7590BF44A7C4BED50287BFD3
:1051A0009A22CFBED76FA6BEEF5FABBF7B99E8BF99
:1051B000201F09C0329CD3BF529D0AC0ADE41BBF63
:1051C000D2FCBBBFA06DADBFA2D4D3BFC144C7BF8B
:1051D000AF33B7BF08DA28BF1C67B6BFAD59ACBF45
:1051E000B62F94BFE8053BBEBD9766BF0DF1D6BE96
:1051F0009ECF84BF4F3374BF23A6E0BD06E0AFBF90
:10520000F46522BFF96F4ABF08CA3CBF023B68BFC2
:105210004AE0E0BE69821DBF669488BF3DED44BF91
:10522000F58033BFFC332ABF722C41BFDB3985BF09
:105230006D1D1FBFED1070BF7EEC2CBF366830BFF8
:105240008A0C09BF1D2746BF316D40BFCC8202BF0B
:105250007ED82EBF009142BF2B6533BF5D0F1DBFAF
:10526000ABAF39BF21C558BF806815BF551132BFDC
:105270009E5A2DBF013436BFD9A93BBFBAC732BF32
:105280006E9D35BFA790E6BFC0C09CBF64F614BF3B
:1052900053DF6CBF62C907BFD93534BF200049BF97
:1052A0002B6714BF2CB218BFC4732ABFA9D63FBF47
:1052B000C4A618BF4F4D16BF98FA4BBFE1DB32BFF3
:1052C0008CCC46BF169C2CBF53C362BF7C4429BF05
:1052D000ADD14FBFCB0DBDBE003C02BF50A63DBF00
:1052E00037ACA7BFEE4FC8BFA2E8F0BF4986A8BF42
:1052F0001D6452BF4FE270BFF20E3FBF356CE6BE79
:10530000A03126BF275162BF368E4DBF50C500BFAA
:10531000CB6403BF5B772BBF8D2F6BBFB8CD76BF40
:10532000511266BFF1303ABFD6CF56BFC64536BF21
:10533000EFFF04BF088BE2BE300B49BF78794BBF4B
:1053400077C346BFFEED32BF614F11BFCD9345BF5E
:105350002C9902BF109B73BF7D0533BFEC6D2ABF34
:1053600062612BBF107438BF6DB01CBFEA2842BF0A
:10537000B08118BFF82651BFB98B07BF6C2C4CBF4A
:105380001CB420BF3DE620BFCFC41FBFFC6342BF9B
:1053900085F142BFAC7620BFD3F025BF703146BF48
:1053A000388142BF772642BF0BBE1DBF957B1EBF13
:1053B000132743BF255F2EBF434B41BFAC6521BFC1
:1053C0001AF846BF73571BBFAB0741BF95D048BF04
:1053D000474324BF3E2E3EBF15CE23BFE18846BFC4
:1053E000F71D1EBF6AE244BF9E483ABF8BF049BF1B
:1053F000AB7E25BFD02245BFFC352ABFE7E51EBFE7
:105400000D192BBF0576F8BED70F4FBF0FDA5FBF60
:105410006FE81FBF533574BFEB0670BFE1C11DBFFE
:1054200033C241BFBACE2FBFAF2E2DBF553C27BFD1
:10543000BD841EBF80474BBF383249BFF82F31BFF4
:1054400006F81BBF127C3ABFF4FD34BF65201ABFBB
:10545000421B2ABFBEAD51BF1B6D4BBF0A705DBF63
:10546000F6481BBF2AC83ABF442934BFFBF80DBF1A
:10547000222043BFFB7733BF667239BF4E753BBFF7
:10548000D6233EBF69FD2DBF70351DBFC96546BF20
:105490008F730ABF051B81BF481009BF4996F6BE2E
:1054A000985E6CBFB0C509BF686C56BF176E3CBF35
:1054B0000D7468BFDDA341BFC74504BFEFEA14BF49
:1054C000C91930BFBD0947BF8CF064BFC5C72BBF2A
:1054D000EB962CBF03C763BF00D03CBF6A6241BFDD
:1054E000878E1EBFD80320BF334544BFF81924BFA1
:1054F0009CB126BF804035BF24912ABFEF6B29BFE6
:1055000093CD5FBFEFC050BFD5D386BFDD1EEDBFCB
:1055100019D6ABBF29D088BFD7E604BFBCA5253EAE
:10552000E71D9DBF2256863EFD1F80BFCDD49CBF88
:10553000966391BF03BD66BFFD74B4BF2F2C85BFBA
:10554000EEB48CBFEF1E89BF1E9893BFDA1229BF3D
:10555000ABC65EBF452706BF1A7CACBE7AA733BF79
:1055600082C958BF7C3350BF301457BF6FF645BF58
:1055700044D439BFDD3C2BBF10F74DBF186A5FBF65
:10558000ED1030BF816B4FBFDEA835BF4C075EBF4B
:10559000109D98BF2C8CC5BE239D9CBF0DEDDBBF1D
:1055A0000F818ABF60517BBF6BDC88BF5C638DBF9E
:1055B000902EB0BF8C87E4BEAADCC5BFF5249DBF8A
:1055C00001478DBF9F977FBFF3E8B3BFCD5D66BF37
:1055D000405DEEBE036DA4BF23EAA8BF90C9A5BF7E
:1055E00086156FBFDEE69BBFCF638ABFA769B5BDD7
:1055F000CC7FB5BEAC60CBBE0AB921BF8B530BBF0D
:1056000012D41EBF817D49BFC36F3BBF515A36BF05
:1056100079FA7FBF004391BFC06175BF6FD57BBF73
:10562000E9F5C1BE0A2898BFF0DA86BF85C90EBF6A
:1056300008C88CBF59BA1ABFE92944BFBB2B68BF41
:10564000695B9ABF851843BF04138BBF6E06D5BE36
:105650004F9532BF65BD62BF207260BF3DE747BF57
:1056600004F3B4BFBBCB87BF9C4A8CBFA6E75CBF2B
:105670001AF82FBFC4B15EBFB60C59BFB9397CBF91
:105680003C803DBFA87A43BF9DF7A2BFC5AF7EBF98
:10569000F3A944BFF1308FBF9D7660BFDC17C4BF54
:1056A00040678CBF115885BFF9BA87BFEF4FC3BFA2
:1056B000479492BF19255EBF41A661BF59E930BF2B
:1056C0004D1E91BF1F0901BF6F0D38BF7B8AB7BF49
:1056D0003A1A75BFFCC767BF264CEFBEE2FF83BF17
:1056E0006D729CBF1C923CBFAF846CBF1C0962BF33
:1056F000A8FC0CBFA32213BFD42B6CBF95F739BFF6
:105700009EC729BF796D0FBFDF461DBFA065B4BE20
:105710008B3C98BF48D976BF393B7BBF5FAEE8BEB4
:10572000D39605BFD0C931BFBDB527BFF5C036BFC1
:1057300055BF9EBF108D98BFFFB1C2BFAECA82BF1A
:10574000C62F88BFDF860BBFF86B91BF09FC4BBF2C
:10575000E8A8F9BE773DC6BF1B0A8DBFEAF25ABF63
:1057600008927FBF91D976BF8AF44EBF607F91BF08
:10577000FC0D20BF80F481BF1A8A89BFE17D84BF00
:1057800091CE2ABFF36338BF75E52BBF961039BFA2
:10579000D86038BF5C0227BF07792ABFD91D3CBF3C
:1057A000276925BF0A4238BF055D25BFBDFA2ABF5C
:1057B00023D427BFE48B26BF11F930BF7D7537BFD7
:1057C00027C233BF82C73ABF76082ABF6C0D3FBFDE
:1057D000D9AE62BF586244BF49C644BF87FD1BBFF4
:1057E000354035BF0B1633BF0C082EBFC7C62EBFC2
:1057F00046A12EBF85163DBFD51338BF344A34BFEE
:1058000024193DBF482893BFD9285ABFE9477ABF1A
:10581000A97141BF0D2630BF080926BF7A9E8FBFF0
:105820009FC081BF59FE35BE676A53BF4F0550BF49
:105830007FCD75BF0C5C4CBF93AD8ABFD14643BFD3
:10584000C57588BF95B933BF80ACCCBEAFE5C2BECD
:1058500059F72CBF843248BF233F5FBF6BF28EBF26
:105860005CB06DBF6D9D4ABFC56C82BFA1AB04BF6C
:10587000C98836BF3AC26BBF69105FBF83DA36BFD3
:10588000440621BFC49A28BFF71D63BFCE2455BF6D
:10589000B9F52FBF04BB02BF39F0D5BE260130BF1A
:1058A0005FF048BF3AC01ABFFFEC01BFF6843BBFB0
:1058B00027B03FBF9FC662BFD8BF53BFF98713BF92
:1058C000D6CA4BBFFE4F46BFBCBF37BFDF5E27BF48
:1058D00008370DBF1C1E3FBF29A652BF7C6C35BFC9
:1058E00030142CBF8591F9BE926023BF4B1438BF92
:1058F00004AA2EBF9B5A54BF1CCD23BFEE9A1DBFD6
:1059000028452EBF6C7A2FBF8B1E3DBFBC7628BFAB
:105910001B7DFFBEAE4CCFBF974083BFA769AABF18
:1059200036B590BFF51132BF436EBDBFB6D5D3BFFC
:105930007C89BABE168593BF9FDCFABE706704BF30
:10594000969188BF5B2039BFEFF698BF530FF9BE21
:1059500070122ABF57AEFCBE9FBA44BF452832BF63
:10596000014167BF447731BF89C089BF8BCA8BBFF4
:105970007CBD92BF584409BF3AC63CBF47250CBF07
:10598000AF112FBFD05F31BF01524CBF27D31DBF16
:10599000B23A67BF1E807ABF8E987DBF18E0C1BF44
:1059A0004E923EBFE96E99BFC3E68ABFB4C988BFB5
:1059B000D6053CBF97E21EBF542A0FBFBCC687BFA7
:1059C00022FAB5BFEEB442BF54760ABF679B04BF4C
:1059D000A5D547BF062D46BFD1E169BF8A112BBFB0
:1059E000277357BF379654BFD55465BF204C1DBF92
:1059F000C75573BFA8E758BFA51F54BFD4B85EBF33
:105A000093EA55BFED1A9ABF87C4B3BFAEFD39BF45
:105A1000E2C138BF444151BFCE5A1FBF54B53FBF4A
:105A2000215754BF5A4411BFE3A64ABF075F5FBF67
:105A3000DF8001BF84AEFCBE5B4A27BFB104D3BE8A
:105A4000741C5ABF2D5A1CBF80D229BF30B13EBF33
:105A500013A345BF5DA21ABFA48334BFB20E1ABF01
:105A600033660FBFEC9B42BFD5481EBF15BA31BF8E
:105A70005699F2BE452364BF135E28BF209748BFE6
:105A80009A5473BEC985A0BF4F0DDDBF715D4ABF7B
:105A9000893D24C0E08E34C04E2AB0BF973708C07D
:105AA000CF2D33C0098FD7BF5961CFBFB2C797BFC2
:105AB000F2EE01C0003C1AC05198D2BE3E6EB9BF92
:105AC000383070BF65F4B5BF6EEDBCBFBFC9A4BFB1
:105AD000A00E08C007C2BBBF5365F3BF63E773BF27
:105AE00097DA3DBF717EC6BF6895A2BFB154D4BFDF
:105AF0007AB4C3BF1A3151BEC6AC8BBF4EB5D4BF4A
:105B0000A92D1FBF30D541BFDB5326BF314342BF54
:105B1000DDD119BF08174BBFA7272EBFBDBC3BBFA8
:105B2000538F26BF4EB638BF8F9631BF9C2C58BFBF
:105B3000C97849BF32B426BF868D28BF51FF37BF11
:105B400028943BBF80460DBF56851FBF6A5736BF9E
:105B5000C6DD26BFA2B351BFE00630BF27F723BF83
:105B6000A43418BF994C4DBFD31A18BFE05046BF9C
:105B700036583CBF08F121BF53E849BF165E33BF1A
:105B800070F14BBF16B253BF29183DBF28E4A9BF1F
:105B9000E03F88BF1AF34ABFBF6484BF25DBB3BFB1
:105BA00094AF72BFA6EE72BFA9D14FBFEBDD08BFA5
:105BB0008EBB35BF50591CBF3D4C89BFF11F78BF0C
:105BC000454051BF6D2D42BF18425DBF35DC33BF2C
:105BD000085023BFF45B19BFBA3053BF5D9A44BF6E
:105BE0009B075DBFAEF015BFAA5153BFF4E443BF9E
:105BF0003D2A12BF688E80BF2CCA3ABF97F866BF95
:105C000071AA31BFA5068DBFDDF78FBF1DBC87BF51
:105C1000D9E32DBFB4911BBFA3F643BF027B54BF92
:105C20007E5997BF01702DBF03D0F4BF19199ABFD9
:105C30002DE740BFD5C18ABFBBDF48BF2D213DBE88
:105C4000EEA0FABC4C188CBFB6028EBF294416BF1A
:105C5000E0D72DBF2BDE6FBFEE5003BF2BFC76BF0E
:105C600093E048BF8A1D23BF3A7123BFDA715CBF3E
:105C7000BD915BBF0040A2BF77670FBF5BBD50BF48
:105C800048213BBF82923ABF5D0F45BFED8B87BF76
:105C90003A41DDBFE3B22BBF970034BF355D69BF2A
:105CA000747D6ABF93B135BFCAF507BF328113BF98
:105CB000C0315CBF48F922BF4AF800BF0B6F36BF46
:105CC000EB7A1DBF3C0A32BF28A51FBFC09121BF80
:105CD0007BAD3DBF1FDC37BF47FD42BF15FA47BF55
:105CE000E6AE42BF947D58BFC40545BFEFF00CBF80
:105CF0008EB764BF32327CBF935435BF9CC527BF7B
:105D0000B00D36BF264740BFB4681FBF50833DBFAC
:105D10006F262BBF60CE77BF0E2201BF94244DBFEC
:105D20008865DFBEB4452ABF764642BF57B924BF57
:105D3000ED034CBFB62F4BBF0B1E06BFC78D41BF37
:105D40003BFA3CBF140536BF410448BF32D060BFA8
:105D500009D328BFBC981CBFE29D42BF79B242BFA5
:105D6000833F5FBF37C11CBFC06725BF69D528BF50
:105D70005D2029BF6CD32CBFBC4C39BF0FEB39BFA2
:105D800052C6F9BEE73E52BFB6870CBF464F37BF7B
:105D9000D5DF69BF4CAC57BFA291F9BE271D52BFDA
:105DA000562305BF0BF7ADBDA405E6BF31685DBF47
:105DB000699797BF6606CEBFF54787BF72683EBF3B
:105DC00019A547BF4E0092BF5EFBBBBFC6CEC3BF87
:105DD0004E8BB3BF0E5887BF4CA595BF2CBFA0BF3D
:105DE000849DCFBE5A348BBF875760BF9F6F99BECB
:105DF0006B4EB0BF712E9FBF8B348BBFFE6A84BFCA
:105E00002BB72ABFDB4B37BF3B7D2FBFB05E34BF04
:105E1000AD7530BF4F8239BF871F4BBF98A080BF81
:105E2000B83C46BF0C1B4CBF1E6A5DBF93DB2BBF4B
:105E30005B1317BF10B735BF285B2BBF705E41BF28
:105E40003C9048BF6B1C48BFF4F12ABFF45D3CBFD7
:105E50007ED54BBF246D31BF7A1C21BF976F32BFF7
:105E6000BF2844BF596E2EBF395B38BF58FB32BFC5
:105E70000E753CBFCA7247BFBA3855BFF8E730BF8E
:105E80007D7836BF7C9243BF296B20BF24873CBFFF
:105E9000BBFA9ABF6660B9BFD57D41BF5EAB44BF58
:105EA000CD780CBFA6A22FBF6EE55FBF510974BFAE
:105EB00021B5A3BFEF3755BF9C9C09BF8C8909BF93
:105EC000EF971CBF3A7D90BF6C0E5FBFF0E991BFAA
:105ED00064969DBFC5B94FBFAC3EC8BE19EF57BF52
:105EE000E38576BF87AE56BFED0D29BF104664BF70
:105EF000BF6243BF637635BFD23D78BF03067DBF27
:105F0000F6F834BFB5D549BF68A532BFAF621EBF32
:105F100088B71EBF2C4EC2BF067E60BFAC47D4BF41
:105F20005669E6BF46F385BF97DF78BFF825ABBF5C
:105F30005440F6BE80E14CBE3EF948BE7AB79FBFE2
:105F4000F33B8CBF4FE49BBF4206C4BF4FDCA1BEF6
:105F5000CA999CBF181C21BF1099BFBE396F15BFCD
:105F600051C251BFF54BB4BF3461C1BFA49E7CBFC9
:105F7000F94DADBFE5F333BF68F791BF109279BF1C
:105F8000605E20BF2BFB30BF9D9822BFCDD709BFDD
:105F900048AB52BF22304DBF800B81BF3DD76CBF95
:105FA0004B6F68BF26E62CBF67293DBFEDB35BBFD3
:105FB0009FA62FBF5E4355BF55B1FCBE5E907DBF0F
:105FC000C9B349BF6C1270BF7B0577BF5F706ABFF2
:105FD00094DA34BF8FBE55BF6BD458BF2B611CBF42
:105FE000F2E566BFB62D65BF09FAFDBE69AA46BFD8
:105FF0007EF255BFD29720BF323F0EBF23EA3CBF8F
:1060000098CA70BF5E744ABF507BA8BFC470EBBF14
:10601000FDEC7CBFA587AABFA7EDB5BF4942B0BFC5
:1060200070AFB2BF6D9BA5BF42CAB1BF99AFADBF44
:10603000F9A3FABFBE73D0BF9FEF93BFC3A7BBBF87
:106040002B16B7BFF76900BFEAD895BF742B35BFD1
:10605000278809BF882E6ABFAB5287BF0833CFBFDE
:10606000027A85BF096EC5BF18C1AFBF5D1A73BF85
:10607000515074BFD5AA35BF66E580BE52D597BFD3
:10608000EE1F35BF68C331BF819431BFD46431BFC7
:10609000C26431BF2A6A31BFB66E31BF967131BF5B
:1060A0003E7831BFC87531BF7E6931BF977631BF49
:1060B0004F7231BF157631BFD77331BFFE7431BF18
:1060C000AE7031BF307031BFE67131BF287031BF63
:1060D000767131BFFB7131BF527131BF287131BF51
:1060E000A97131BFD07131BFBF7131BFF37131BF01
:1060F0000B7231BF1C7231BF877131BF3E7231BF2D
:106100007ED437BF06054ABFA6AF3DBF796824BF1E
:1061100078FA16BFAFE48FBF802381BF7ACC1CBF53
:10612000BEEC64BFD5291BBF363F34BF23B774BF55
:10613000F21BBCBEAD4BD8BE732B38BFCF37CEBE23
:10614000989365BF14EBC0BE15371EBF746280BF45
:1061500043D02BBF90745EBFA9A428BF934B58BFF8
:10616000A39824BF089F45BF45F44FBF5A5F1BBF8C
:10617000D6EC16BF67B82DBFA44F41BFBEB926BF2E
:10618000144C2EBFD6304DBF2AAF2EBF958032BFE4
:10619000EA473FBF224133BFA27614BFCFC937BF02
:1061A0003C1943BFE9E140BF736037BFE5941FBFAF
:1061B0009D9251BF67283BBFAD0F30BFEE202BBF74
:1061C000D57159BFC7FC18BF298203BFDDE82BBFBB
:1061D000D2B418BF94A11CBFEC6A58BF46A045BFFB
:1061E0001FBA2ABFFCD21ABFF99D4DBF58B426BFB3
:1061F0001D2915BF71C836BF1A082DBFE5DC44BF85
:10620000517A53BF670959BF9AD086BF720D85BFB7
:10621000730477BF05B1C4BFB2BAC9BF4CD38ABF3C
:10622000A0D5CBBFBF57E1BFC995CFBFAF5E8FBF72
:10623000592123BF63E784BFD73196BF31ECA9BF93
:10624000FDEA5DBF867C42BF53BB17BF2BC4A0BF16
:1062500048C39BBFFA47AABF93C082BF51F8B2BFE1
:10626000596C79BF131852BFC7BB08BF60ED13BF8D
:10627000F1F08EBF86DA7EBF5C6D93BF7E9413BF54
:1062800070FD27BF46957FBF67BF49BF07A453BFB7
:10629000BB0BE5BEF12F5FBF404194BFE92986BF2C
:1062A0006C779ABF93AB08BED438ECBFD78663BF78
:1062B000C57488BF55A082BF7DF548BFE66C9CBF02
:1062C000A90C8CBEB67F6DBFE74392BF8BE97EBF42
:1062D0001AA278BFBB198BBFA0525BBFCD77A7BFF7
:1062E000C7448DBFABBE90BF39E5E2BEF66686BF40
:1062F000E7D8B7BF7CF257BFE68A8BBF8738A3BF0A
:106300000E890DBEF7E94C405993CE40048A1341E3
:1063100087644D4128087E4190F096418A3CAA410D
:106320006EACC94160B0E2417646F84131010A42A3
:106330008CEB1642CE6A2442C3913042733E3D42FA
:10634000A7E548422F34554299316142CE9A6D42B9
:10635000D1617B429A56844203418A420C77904233
:1063600030669642A3D29C429F1AA342BA6CA942BD
:1063700030E4AF423BBFB5426137BC42C16EC2425E
:10638000D40248BC7DF150400570C5400C43144117
:10639000805A4A41565B7B41D9979141E367AC41B2
:1063A00069F0C7416956DF41CFB1FF41B29409425C
:1063B000535D154221E1224239422F42B0E73A4271
:1063C00030C649425185564216866342C6FD6D422B
:1063D000B42C7A425BF68342433A8A42697D90420A
:1063E000B67F9642B0F19C422D6EA3427771A942CE
:1063F00027F0AF4264D7B542796ABC4285D2C24227
:10640000B801F43D0FDF5A406207C7404493194179
:1064100051094841953C7741D4D2944161B6B0418D
:10642000D53CC9417F63E1417ABBFE415DB50A427B
:10643000721816428DEA214298742F421C943B42F6
:1064400062E94842D9E655423BF56042521F70422C
:1064500075297A42BD4C834243A28A42215A904216
:106460005E01974210899D426498A342CF27A942BA
:10647000A2F5AF423F3BB642CA30BD42BCB1C242B8
:106480008343A83D657935404A5ACA4056A913410D
:106490005DD948418361774102219541ADD0B0413A
:1064A0009E72C541763EE641FF81F9415D120A4286
:1064B000C62117420F7B2442AC413142CF293D42D5
:1064C000FA714A4201A45442308360428B157042F3
:1064D000CEB07A423EF28342400C8A425F0C914237
:1064E00086A8974263DB9D42990AA4422C35AA42B2
:1064F000ABC1B042F982B5427E52BD42EF7DC2428D
:10650000B44759BD84926040E7BECF4061D6104188
:1065100064194C41E07D7441393D98410505AD4118
:106520000A36C8415CDCE4416773FA41D7EE0942A0
:106530001CD418425DBC224216733142EB303D42FE
:1065400062C34A42F376554201DD6142D4EF6E42A6
:10655000C18B7742750A83422E4C89427D2A914233
:10656000EE8697424B8B9C428D94A342F660AA42E2
:106570009465B042EBEAB642A056BC42666CC34298
:10658000688A493ECCF34940DD4FC040190D0E41A9
:106590007634424149E379418CBA97417A15B0414A
:1065A000980EC841C991E2418752FD41402A0A42F2
:1065B000F663174206AF2242321B304217C43C42F8
:1065C0006CCA494281A45642A103624239EC6E4230
:1065D000E3717B42B1188442DF798A428D08904290
:1065E0000CD4964273419D429D99A3420695A942BF
:1065F000263DB0426086B642C35DBC42DDF4C24275
:10660000695ECA3CC9C44540EA96CB40B3561341C3
:106610004C414B41A25C7B415C1196413510B3412A
:1066200044CEC6412083E441E504FE41B3500A4212
:1066300081891542D8512442EEC92F42AAA93B4272
:10664000004C4842F72A56420FDF624287127042DE
:1066500081767B4213548442D15D8A4279719042A3
:106660001EA5964263DA9C42D857A3421093A942D2
:106670000CDEAF424250B642B1C5BC4236B2C24255
:10668000C51E59BCFDEB49400B70C9403B971641F4
:10669000F20C494158497B41CCEC964158EFAF414F
:1066A0000731C9412D18E241F151FB41613A0A42DB
:1066B000B4C316429162234274EF2F42E8823C42F7
:1066C000720A4942E2A85542AD36624201C46E42A6
:1066D0002F507B4235F58342F8368A4294869042A9
:1066E00089C8964232149D42645DA342B8A4A9426F
:1066F00030EEAF42F936B642F17EBC42EDC6C24240
:1067000047893EBD07354340914DCE40A298174181
:106710000382474106E37941C1469541465BB14159
:1067200071B0C841C73CE0415D0AF8418C5E0A4245
:106730008D6A1742F42423423EA6304269A73D42A7
:10674000F43E484255E85442AD5262426F8E6E426A
:10675000E08D7B426827844231FD894283829042EA
:1067600015089742F3409D42BA15A3422291A942CF
:10677000DAE1AF429785B6422291BC424FA2C242B3
:106780005218A33CAEA73E407925CA4052E31841B7
:10679000ECC8474143D07D41E3E996415870B04190
:1067A0009D89C741C6C4E341E64EFB41AFB90A42E9
:1067B000908F16428C172342A7FF2F428A913C42AA
:1067C0006CB0494213B45542AB9A6142FCCF6E4261
:1067D0003D9D7B42454E834244368A42F57A904243
:1067E000CEE09642EE6F9D42FE73A342D76CA94263
:1067F000EECDAF422204B642DC59BC420C0CC3427F
:1068000020425FBC63E349407911C8401E1917411B
:1068100054BD4941BA027D41434A9741C229B04122
:106820000125C841E058E24143B5F941C3CD0942D1
:106830003E0617420D6723429AC72F42E67B3C4231
:10684000862449425D875542C3E46142DFA36E421C
:1068500078B87A42CFDD8342C1428A42589690424C
:10686000FC96964284259D42D37FA34277CEA942CF
:106870006626B0425029B642BA96BC426A9CC242D1
:10688000008ED6BB027A44401BFEC5403A8D1441AF
:106890002CB4454110917D41089B9841F9D0AE41FF
:1068A00029A0C94149B9E1414B4CFC4143C00A42CE
:1068B0008F241842079C234257BB2E4211453C426D
:1068C0003A144942E1F255426E13624283916E429C
:1068D0008D9E7B42592A8442B5BC8A428DBB904230
:1068E000DB029742D1D09C42322AA342E9C4A9429A
:1068F0008535B042C532B6428D65BC42B286C242D1
:10690000ED89543D83904D404E76C940FB4F174171
:1069100029E04841E5D37C41281196415CC5B0414E
:10692000D928C7411A16E141E1ECF9419C9009428E
:10693000A3E11642B30F2342C7AA2F42F51B3C42E4
:1069400001AC484266BF5542ED256242B1F56E4248
:10695000DAEE7B427DD983425A4E8A42DE71904202
:106960001F339742EA0D9D429857A34299B3A9421B
:1069700094D7AF42E056B6421344BC4225C3C2424C
:10698000AE628CBEECDA30403102D240882E1A4121
:1069900062314641BB977E418A96984152BCB141D3
:1069A000BF46C6412B82DF410B3BFB418FF10A42C0
:1069B000B21F164272602342808A304256F53E4230
:1069C000633947425D6C554274536142732471428E
:1069D0000D6F7E4212E483429BB1894257A58F42DC
:1069E00085A99642A6149D42E69BA2427E2CAA420D
:1069F0002F60AF42BCC5B542C079BC42C034C24270
:106A000064BB5CBDDED6474057E0C740D2B21941F7
:106A1000D0AD47414EA07941537C97413443AF41BB
:106A2000BF9EC9416DC7E3415F9EFA41E23E0A4203
:106A300088641742CDF82242200C304295FD3B423B
:106A4000A3C04942EF1C5642987C624213F46E4246
:106A5000CBCE7B4248418442FF4F8A4284B590426C
:106A60003CDD96422E1D9D42BC25A342FDACA942B1
:106A700039D0AF42484EB6420D5ABC429AE5C242A6
:106A8000953E09BE51C63E40AFFCCC40A40B15411B
:106A900076024841EBBC774133A69741042AB141C5
:106AA0002111C94129BEE141C50AF84172D20B4208
:106AB000436A164222E020421652304288323D425A
:106AC0000CD84B42904D5742655C624234D76F42BE
:106AD00093AA7A429D79844282C48942A65F9142F8
:106AE000147F9642E7239C4224D9A3426E2CAA42EB
:106AF0004B18AF42F927B64200DEBB42639CC3424B
:106B000026566CBD0C884940D689CA4001F317410E
:106B10000D2B474190847A414E349641DCA8AF4119
:106B2000D212C941019DE3415AF0FC41FE120A42D2
:106B3000EBEA16428D122342AFA43042320C3C42A3
:106B400035A948425B4655425136624283836F42C3
:106B5000B8B27B42589A8342EC108A4266929042C5
:106B6000B02D97423FFE9C42E52EA3429FC5A9420D
:106B7000DD0CB042A604B6423F61BC4299C8C24295
:106B8000F2B839BC69204A4074F5C840333E16411A
:106B90008A764841B9357B41C2FD96419E30B0416D
:106BA000A9F1C841798AE2414A6AFB41FB510A4294
:106BB00014BD16426E4C2342A5F82F425E6E3C4235
:106BC000ED1F49427E9D5542DB35624262CF6E42E7
:106BD00056567B423CEF8342703E8A42B3949042C9
:106BE00000C8964276159D42A45FA3426FA6A942B3
:106BF00038ECAF42B027B6421A7BBC42BADEC24282
:106C00008BEFA9BB3EC7494097ACCA40C7B11641FC
:106C1000338F4941C5C87B41BA7F9441A7FFAF413B
:106C2000E362C941857FE141964AFB417FBA0A424E
:106C3000D8E216422290234276D92F4243D13C42D9
:106C40008728494233B25542E67962420BA46E422C
:106C500062237B42FAEF8342C02E8A4278AE904292
:106C600054C59642ED1C9D42772EA3425B9DA942DE
:106C700069FBAF42C50AB6421279BC42ABADC24213
:106C800011CB81BD6766504062BEC64016F411410B
:106C9000260A4E41CFBB7341016B97412099B04109
:106CA000B9FAC841491BE2414A24FB41F4F10A42C6
:106CB0006B3C1642ECCA23427B14304266703C4265
:106CC000F79448424CCB5542CF8E62429DBD6E42F6
:106CD00088067B42AAC48342E1648A42769D904240
:106CE0008B5E964268FC9C42D743A342EF8CA9423C
:106CF000FD26B042A18DB642EE81BC421BE6C242E7
:106D000000000000DB0F4940DB0FC940E4CB164117
:106D1000DB0F4941D2537B41E4CB9641E0EDAF41DB
:106D2000DB0FC941D631E241D253FB41E73A0A4277
:106D3000E4CB1642E25C2342E0ED2F42DD7E3C4292
:106D4000DB0F4942D9A05542D6316242D4C26E42CD
:106D5000D2537B4268F28342E73A8A42658390428B
:106D6000E4CB964263149D42E25CA34261A5A94232
:106D7000E0EDAF425E36B642DD7EBC425CC7C24249
:106D800055469E3C5046454014B9C7406859154188
:106D9000483F4A4112D67B41EB0D9741093AB24137
:106DA000119AC94178D5E2419F98FB412D4F0B4282
:106DB0001BF415422CFB214266A22F42545A3D423D
:106DC0006C144742DCE556423E8B6242D9196D4253
:106DD000BF1C7A4266888442C8DC89425F48904280
:106DE00014929642E55A9D4280D2A3429005AA424F
:106DF0002AA3B042E59DB5428F70BD42B837C34269
:106E0000BC86083EB8ED6340E432D2401EC4124155
:106E100051FA3C41D0777D4199279A41F010AE411B
:106E2000543ACA416447E1413D34FA41A3420A421F
:106E3000814216428DDF2342A24E304214E33A4291
:106E4000F20648429A7D5542BAF4624294966E42E6
:106E50000BF47B424A16844206578A42AA68914242
:106E60004378974201749D429670A342AA9DA9421D
:106E7000EFC4AF42DFDDB6423249BC426AD1C24202
:106E8000A7B11BBD87D14B4040DBC740DEA61641F2
:106E900018984841A9E57A41B5B9964123ECB0412B
:106EA0003EDEC841B950E4419A5AFB41EFBB0A4269
:106EB0000AEF1642D4B32342E2D02E421F0B3C42CB
:106EC00089264942D84B554299AF624246D36E4219
:106ED0004D1A7C42FAEA834297008A4274C4904277
:106EE00008C7964227FE9C427877A34202A2A94295
:106EF000B0F9AF429547B642B9BCBC42B7D3C24223
:106F00007408D8BCACCA45408E8EC64055CF1641D9
:106F100097A5484139187741DD859741304FB041F9
:106F20005416CB41D4CAE04171BAFA4170EA094221
:106F3000A438164237E92242A0B43042743F3D42A1
:106F4000D672484222F8554276C962425D346F4299
:106F500025667B42B1F28342B2488A42AA509042EF
:106F60006FB49642A3F59C42401FA342BC7EA94247
:106F70005AA7AF42FCDDB54277BCBC4219CDC24234
:106F8000C5631A3E7DC535401734D240CB2E1B4118
:106F90002D724941D0AA80417C119841AC1CAF416F
:106FA000E102C6412B47DF41168BFA4111410A42EB
:106FB00017CE13423BB02542BFED30429D0E3C42FE
:106FC000BF8C4C428D1957427A5D634297376D42B0
:106FD0008C487B420ABF834247EB8942C26F914291
:106FE000AE539642E2D79C423009A3420E3BAA42DE
:106FF00089D1B0424782B54222DFBB429D83C24263
:10700000C904873C77F74940C4D1C840DDDE16414A
:1070100080FC484166597B410ED4964192F0AF41C5
:10702000B50EC941A22EE2416454FB41453E0A42DD
:107030000DCA1642705B23421AED2F42EE813C428C
:10704000850F494250A155421D32624218C36E421B
:1070500090547B42B7F283429D3A8A42E183904248
:10706000BCCB9642FE149D423B5DA34282A5A94241
:1070700048EEAF424436B642A97EBC4234C7C24253
:1070800051EFA23DBB405D4082E6BA400FD21241B3
:1070900001B94641EA1B7B4163259641E7C4AF41F4
:1070A0006BA3C641D289E241DF6BFD41C6000B42B2
:1070B000C1DB1642BFA624420F4D2F42FDED3C42DC
:1070C00021F04A42EB98554227136342B1D16D42F9
:1070D000EA747C42BB70834291768942F75B9042AE
:1070E0007E3B9742519A9C42A4F8A24254F2A84295
:1070F00025CEAF42671EB6425584BC42C4C2C242CE
:10710000B822B4BDA03D4040F491C440928A1841D9
:10711000435E4A41D0A07E41BA259841963AB1419A
:1071200063D3C8412877E3414734FC41E6930942E1
:10713000085F174214DE22426EFA2E4271643D420D
:1071400004754942D97F5542CA5062425C9D6E42E5
:107150002F2A7B42E1A98342FB1A8A42A4789042FB
:1071600066CA9642D0C69C427211A342447AA94292
:10717000D8B7AF42F82BB642447ABC4226ABC242E3
:107180004E3F24BEEB904E403F5CCA40AF6116417B
:10719000E81649414BF47B4152BE95415640B041FF
:1071A00063B0CB415EE6DD41F19300424D4F0942B1
:1071B00002641742538F21422AF42E42F1223942AF
:1071C0004A2F484230365742277F6142F4536F427C
:1071D0002BBE7B42AB7F8242D25B89429A009142B6
:1071E0007427974254AD9D420BDEA3427514AA4208
:1071F0005463B042336EB64291E0BC42198BC24236
:1072000039A2FE36A5434C407798D340CA44164174
:1072100083274641E5A87F41AC2F9641B503B14194
:10722000A727C841551FDF411CD0FA41EC700A4224
:10723000A2901642391F24429CB62F421FC23C42E4
:10724000E487494275F2554269606242A8406E4245
:10725000DCB77A425B8E8442191C8A42755E90428A
:1072600050E19642F9339D421FFBA2427463A9424A
:10727000BF27B0421D61B6425138BC42BD94C242E4
:10728000793DF43C9763484081C8C7406F0D134176
:10729000FC6B4A418A84754166FC98419A10B04162
:1072A0005DD0C84182D0E141686DFC412293094222
:1072B000CE0D16421C7B2242CF28304235793C420B
:1072C000D156484208735542287462427120704278
:1072D00069207B429C86834244A18942D5889142A1
:1072E00005CA96422C379E428DE0A242F6D1A942B1
:1072F000075CB042A3A4B5420C68BC42644EC342D2
:107300000FA1EC3CDB745040F45AC4404C3716419A
:10731000D70E4941E4E77E417AFE9741CAAAB241BD
:107320000A32CB41166BE14190DCFB416AB5094260
:1073300026FA16425380224295FA2F4220153D42EA
:107340006F9448420974554287C961427CF26E428B
:10735000C2F87B42FA78844216468A421001914272
:1073600037D19642570A9D42669DA342B651A94223
:107370003CA2AF4256CAB542E7DBBC426AB5C24244
:10738000CF6B883DB8414D406EEFCA4006DD1741D6
:1073900089E04741AB447A41424A96418464B04116
:1073A000FCA0C841A8BDE241E9C8FA4186F40942FF
:1073B000800A174241A423428D21304228C63C4214
:1073C00095734942DEE255424E716242E7806E4259
:1073D000DF937B42ACCF8342F2198A42C2A890422B
:1073E00025F79642FAFA9C421C80A342F580A942F6
:1073F00094E2AF427D1AB642D08CBC427CB1C2420C
:10740000364A84BC40B33C40466BBB40435A1441AF
:107410004DCD4E419CDC7841F3A19541E161B241F3
:107420004794C841D790E141038AFB41C2D0094249
:10743000EE3E174237322342CBF93042F7E63C4268
:1074400081F2494221EB5542E01A6242F3CF6E428B
:10745000C58C7A42740B8442B8998A42157F904257
:107460001AC9964252DB9C427CAEA3422494A942A4
:10747000ADC9AF420E0CB6421635BC4212D7C2425D
:107480001A7E8EBDF4964440ED32CC40DDDF1541CE
:1074900040AA4A412D8C7A4174EA9641DE93B0416C
:1074A0005AD3C841C5C6E3419B3AFA411FFB094282
:1074B000B6121642C7962342C93630425AE63C42BB
:1074C00073064A4208C75542C651624244C76E42DB
:1074D0009E297B42C6E5834273178A4290349042CC
:1074E0003FA69642D4039D420682A34282F9A94256
:1074F00072F4AF422633B64244A2BC425F23C34279
:10750000F008E23ED9A627400971BE407DC31B4169
:107510004EFC4241CBFB7741A5C69241462BB2417E
:10752000E8EAC64102D1DB418004FB413F9E0A42AA
:107530007044154298D5244281272D4245AD3A42E8
:10754000D309474223A15542EE956042191A6E4273
:107550001ECA7B42ED8B8342E6B189423E50904287
:107560001B8A96420A0F9D4295B8A342DCF3A942BA
:107570004F74AF4212E6B542D570BC425ACBC242FC
:107580008F0AC93B427A30407941CF40CA4D1B41F6
:10759000553B49415ACE804128A49941A719B3418E
:1075A000B6D5C741A333DE416D18F8416F100B42C9
:1075B000F91C1642E22D254263852F4230BA3B4228
:1075C00065344A42935C5342F8A36142B406704268
:1075D00001C87B42A28C83424562894234C19042F9
:1075E000057E974293C19D42342EA3422294A94224
:1075F000A95FB042A057B6429BD7BB42DC7BC242D8
:107600002B0B823D5F1A6040E945C840D8D112413A
:10761000739F494129B17A413CD19541FAC3AE41AA
:10762000481DCA4141A5E141D449FF4165310A42A3
:10763000F4501542E2622242F9182F42803D3D4249
:1076400028BB484298375442DF226242D5BE6E4280
:10765000A4997A4218B18342DCC98A42B16490424B
:10766000B0D296424AC69D426E58A3421535AA42F0
:107670003D79B0426DD0B5429759BD428DCEC242E0
:10768000CF6FD2BC98D22B401E31C440DF3216419E
:10769000C2CA4C41A6C37D4168C992416B91AF41BA
:1076A0003117C6413F4EDF419070FE41CBF50A4293
:1076B0006C5917422CCB2342EE2730429BFA3C42B6
:1076C000FA19494221AB5642182261422C2E6F42D0
:1076D000CFA47C42657183424A848A424D0890421D
:1076E0009A80964244209D42D5A1A342D829AA421D
:1076F000786AB0424234B642B206BC42F630C24268
:10770000B904A43CA7A73A4044E4C7407B13144102
:10771000BB8D4A41965A7841B3EC95415D5BB041CF
:1077200040D9CA41C2B4DF415FC2FB415A2C0A4270
:10773000A830154252C02142A1542F4230633C422E
:107740003AC847426CC95342BD8C63426BA26C423B
:10775000E31E79423B0D84426DEC8A42DEE39042A7
:1077600098289742E6069D42D50FA442EF1AAA42F6
:1077700073CEAF42A502B642A25CBD425765C3427A
:1077800036E5FC3CEF2947409E0CC84021101741CC
:1077900036DF484197837A411AB696416A07B0416D
:1077A00090B4C841F45AE241E37CFB41FF490A42EC
:1077B000C5E3164212722342A6ED2F42D8A03C42E6
:1077C00034024942E19E55424A336242B4146F4248
:1077D000266E7B428BDE834220228A42D6959042DF
:1077E00073CF964262029D42D356A342B29BA942F6
:1077F00096E0AF425E20B642CE73BC420BC2C2429C
:107800001A15613DD87B50409BE0C940CEE6174138
:10781000489250418D7C7841DAB197411FC0AF4109
:107820008A9ACA4162BEE04144E3FB41646B0B4269
:107830004AD614427DB42342872F304291073C42FE
:10784000FE1248427B8056424F8D6142DC866E427A
:10785000FEC77A4226BB8342659F8A42BCB88F42EC
:10786000767296423ED99C42B7AAA342D1A7A942BA
:107870004564B0424C3AB642E73CBC42A0BAC24270
:107880003E9F163DED624740CC3ACA401336144144
:1078900042FF4641DE707C416E829541C297B04105
:1078A000AC24C941C6A3E2412B1DFA4170EE094246
:1078B000FA0117425F5A2342C6A82F427C183C4265
:1078C000B0F14842D7B25542B05B62425A266F428D
:1078D000C9247B424B30844264E689423A59904243
:1078E0002217974210609D423E1FA34245B5A94210
:1078F0007404B0424622B642D583BC4293B5C2421C
:107900000A5709BC37F14D400A04C540FE1C11411D
:1079100084774B4111197F411A649941CD66B0417A
:1079200037A7C6410CB6E341E641FA4148750B4220
:1079300050E51642FCB024422B492E4230743E42A0
:107940003B804842B51F5342F88D6242FA6D6D424A
:10795000FAF87B4297568442397789425DFB904220
:10796000BE1A9642D0FB9C42F971A2427491A94280
:10797000B95AB042FF00B742D148BD42C163C242CA
:10798000131810BBF5494D40FD2DC9404F711441EE
:10799000621F434175D671419543964149E6B34113
:1079A0009B33C741E50CDE4107C7FE418ABF0A424F
:1079B000EE2A174282352442C39B2F42E1B23A425B
:1079C0001F5949420F5C55427F096242926C6F42D7
:1079D00093537A425A9383422B0C8A42580D914218
:1079E000E656964219EE9C427E16A3425CA9A94235
:1079F000FB1BB042E395B6426504BD423CADC242BA
:107A0000E09A47BEC5375640DC3BD640DCF80A4119
:107A1000641D484122C7744123889441567DB14179
:107A200081C3C841B0F2E34166A0F94189200A420E
:107A3000902517426BEB234200D92F427AD03B426C
:107A40008CEF48421A355542DAF2624265366E4290
:107A5000336F7B42EECC834278418A42A95B9042ED
:107A6000D8E9964267FB9C42B4EDA2422658AA424E
:107A7000C3C5AF429596B642D976BC42998DC242F3
:107A8000BEBE0F3E2FA05240B91AC840BD5D204176
:107A900095C04A41BC997941394A97416BCCAD4177
:107AA0006B67CC4193FDE641B9C5F641D5C70542A8
:107AB000A7C715422B7B224279D433421DAA3A42F2
:107AC00005834742648F5842376B62425DEA6D42DC
:107AD00012887B42892C84420FC6894267C88F4234
:107AE000FC3E9742C7149D42B049A3422F6FA94262
:107AF000D3E3B04283CBB5429E90BC42379DC14296
:107B0000C506423D91224640709DC5405D511641DB
:107B10008F014A419A1C7B412B3197410557AF4158
:107B200083B7C841368CE241F4E3FB41F9440A4291
:107B300079D216421788234277CB30429CE73C42E9
:107B400063054942084855429F68624294D66E4296
:107B5000719D7B42E2A4834264828A42D06190425A
:107B60001BB99642DA429D42AAB0A342E2BFA942A3
:107B700037EBAF42313BB64251AFBC42F9BDC242D6
:107B80009F0B263DDD493F4045F7C340C654134196
:107B9000C2594C4148F67C41C70196412FF1B04192
:107BA0000587CC4143B9E441A158FA41FF300A426C
:107BB0003398174208012442014A304284803C42F3
:107BC000E63F494232295542639F614281E76E4256
:107BD00041837A4270348442C7AE8A42C46790427D
:107BE0002DDF96422D0A9D427938A3421055A942B5
:107BF000122DB042C913B64265AFBC425836C342DB
:107C000003668FBE08D05C4059CBC040FCAA12412D
:107C1000999F4F413ADB7841DC8D9541FA92B04112
:107C20004C19C941351CE5418E66F64156260A427B
:107C300088E317423A8A234277502F42CF1A3C42B8
:107C4000C1EA4842EB045742E0AA62429EA36E4258
:107C5000E83D7C42151C8442DF3C8A420DC88F42BD
:107C600050049742322F9D421FD8A2425633A94258
:107C70001F72AF42BBD8B542E9E4BC424709C342D8
:107C8000FFC3F4BC6A184A4097A6BF40F879124176
:107C900066DE484175277B41BDA99341629FAE4195
:107CA000DFAEC841A867E141D790FD4112700A429A
:107CB0006B35174261872342DB2C2F420A903B42EF
:107CC00015F54842920F5642B1F7614202B06E423A
:107CD0005C817B42B6248442CF348A4242AA9042DD
:107CE0009F1297422BD59C427E55A342666FA942B4
:107CF000E224B042080BB642109CBC42AD7EC242A8
:107D000033DED4BC058E474055E2C940E1621641DE
:107D1000E9374A41581E7C4174369741D707AF4135
:107D20003224C941E797E3417B2FFB414E960A423B
:107D3000636D1742A71123424AC33042AC3B3B421A
:107D4000669A4942B6185542A046624287CF6E42B3
:107D5000C5357B42480E8442BB118A42A09C9042AA
:107D6000FFC2964221439D42303FA3426F86A94203
:107D7000BC1DB0420B19B6420B98BC42CFF9C242AF
:107D8000C7C80A3C00D52D40B4F9CF40AC7E1441A1
:107D9000E5D04541720F7E4166689941D6E0B24117
:107DA0001C61CA41A6EBE141ED44FC418CBD0A4295
:107DB000AB6C1842F3602142C19832428F183A42AC
:107DC000895F4642E2B557429E21634263FF6E429D
:107DD000CEF17B42CEED8342D02E8A425B8F904221
:107DE0002C8A9642FF589D42DA6AA3427392A942B6
:107DF0002B4BAF4219E5B542C6BEBB42E45BC34262
:107E00005B7C823C3A224B40BCC8CA4084B01641DD
:107E1000AC1B4A41050F7C419154974188F9AE4112
:107E20007D90C841D1A6E04145BBFB41B1B70A42B4
:107E30009B0D16422F8423422D962F42E9153C427A
:107E4000E2ED484245FC554217916242BCBB6E428E
:107E50004E287B42DABF8342D7558A429D6F9042BB
:107E600020F79642DF209D42E86EA3421B88A9427C
:107E700061A6AF428F5AB64238C4BC4233F6C24202
:107E8000FE1B853C4958474003C9C940E2011341E4
:107E9000CE295141CA7C784187F19541A77BB041F9
:107EA0004FEFC94142EFE141685CFD4174910942E5
:107EB000BABD164259CF2242CD332F4243FC3A423B
:107EC000ACBF474204CD5542A185624297E96F425B
:107ED000E9647B423D4B844262858942CCD5904225
:107EE000C20B9742E9B29D42C6DCA242FF7CA94286
:107EF000C499AF421709B6421876BC4277FCC24219
:107F00004471E1BCB92950407B09D34044C01141C0
:107F10006A4C4841880F7641CBA4974155D4AC4177
:107F20007CECC84188C4E3413963FB4180570A4275
:107F30006C8114424A95254228FD2E420EE53D42B1
:107F40006FCE49423BD65642AB6D6342A5FC6F42B1
:107F5000AE9F7C4285DE8342D0958A4274AB9042CC
:107F600070149542AA409D42F1E6A242815DA8426A
:107F7000CE7AB0423F31B742C41CBD4206E2C14294
:107F8000E150903D98B24C40FA9DCC40728F174121
:107F9000C94E49415EF67941BDC79641C17DB141A7
:107FA000764DC8415750E3413CC1F941926B0842BC
:107FB0000CA31742A7242342E4B22F425CC53C42E3
:107FC0006F294942549555429FD86142FDC06E4287
:107FD000FC787B42017B834262548A420DA6904228
:107FE000DAF79642C0C49C425542A34296CBA942BE
:107FF0002D08B0422310B642BCFDBB42E1D8C242BC
:10800000EA8E773E1A865640D9D2B84001BA1A4154
:10801000F8C14A41852A7941A34B93417679B3410E
:10802000705ACA41C4DEDC41A8C6F841135E0A4258
:108030002AF51742CF452442D1C9314220453B425F
:108040007FAF494285F9534258F16142F79C6F4234
:10805000C3857A422ABB84427CC48942C93A904291
:1080600034349642038B9D42E95DA342476EA94298
:10807000C76EB0420C91B6426821BC424A64C2420B
:10808000CD962DBCCF224940530AC940E2CA1641C1
:10809000960C494164537B4171CB9641B4EDAF419D
:1080A0002B10C9410932E2417C53FB41F93A0A42A3
:1080B000E3CB1642EA5C2342EBED2F42DD7E3C42ED
:1080C000C70F4942DEA05542D6316242D1C26E424C
:1080D000D5537B4268F28342E43A8A4265839042F8
:1080E000E3CB964264149D42E25CA34261A5A9429F
:1080F000E0EDAF425E36B642DE7EBC425DC7C242B4
:10810000A49918BDBA5749405061C84053831541DE
:108110005D0B4941848B7941E164994146F1AF415E
:108120006EC7C741240CE241AF85F941F40A094208
:10813000C4281742987423427D29304271E33B42A0
:10814000877A49429FA555425259614237716F4221
:10815000C7C57A42F6EF83427ED28942D2EC904282
:108160009BD59642F12A9D424FFCA2421BA3A942F5
:10817000AB49B04293BAB542EA2DBC4205D5C242E2
:10818000A71B643B424C48407B03C8406B661641CA
:1081900075B74841D7847C413AE69641224DAF41BC
:1081A000832CC941125EE1419382FB414B710A422B
:1081B00019111742082F23423F1D304295083C42B7
:1081C000F5FA4942F68455428B5A6242C8A26E4281
:1081D00034C37A4290D68342FC548A421192904230
:1081E00047E69642D3C99C42AB33A34208E7A94273
:1081F00018D1AF421C43B64265B0BC42C1DFC24297
:108200000BCA113E5EE340400336B94022FE1541E1
:1082100053604741E22F7C4136D69641995CAC4190
:108220007FACC741300DE041CF34FE41F84F0C42E6
:10823000B32B19427F4523420AD53042B2163D4244
:10824000183F474239F95542954B6142C1446E424D
:10825000044D7C4252938442C9448A423780904202
:108260000CA1954247FD9C42E4ABA34207DFA84224
:10827000163AB0420398B6425896BC42B15CC2422C
:1082800076265C3BAA1E4A40C643CB4069F418419F
:108290005A784941765B7A415A9C94415A0CB041D4
:1082A000CC04C6410C9BE041F768FC416F390A429F
:1082B0005A3B1642DA3A23420FDC2F42FD7D3B4205
:1082C00043D548428973554217AB6142CAF56E42A5
:1082D000FA6A7A4209D68442F7408B42683E90425D
:1082E000BAC89642EF499D42EF8BA4424202A9428E
:1082F0003F05B042F2B9B64233FCBB426444C342CC
:108300005A8A063F534CB03E3729D3BF5D6429BF1C
:10831000147B20BF169DC93F57C0DA3E17B6F63C06
:10832000C0E5EFBF80229E3FD147A03FC7130F3F5C
:108330006FEAE3BF47755D3FCC5A2DBF8540A63E2F
:10834000E50033BE72ACF6BE4D62D83E5D15BBBED5
:10835000D6FBA73F0EC1AC3EB338B2BE5B371FBFE2
:1083600095D3223F42217CBC745707BFECD726BF70
:10837000DA62D93EDFFB713DF36656BF235585BEF9
:1083800060B0F43E22FE3CBF1E3063BD967D263FAA
:1083900008D7153F20A63E3FB338553FF463F1BEE2
:1083A000C2FD433E769C0DBFD65466BF98048C3FF9
:1083B000479793BB2839C53F2809513FA9ADA13D37
:1083C000FCA805BFDEA9A6BED84EA63EE524A33E66
:1083D0009320C53ECC3A913F486998BDB48FA4BC68
:1083E0005C6C9A3F165C863F6D40993E435F94BE3D
:1083F000AEE1823EA60CB73E79F1B93E110A91BEBC
:10840000BD2DF1BC2135BA3E717802BF00A07E3F80
:10841000AA70443F3460E1BF6A9457BF10A501BF02
:1084200056B1A23F6BCD33BE40E6E23FEF44833FFF
:10843000375EB33F479AB53E81CBCF3F4D255E3F78
:10844000A95C003FB64780BFE302463F864A3A3DFB
:1084500000186B3FBB1555BF8FF4973F9335D33E44
:1084600099C8953FFAE44B3F4F46A03E2EE01BBF14
:10847000F4EDA3BF12E490BF72E6963F3B65A23EC7
:108480009AF5903E14C76B3E4953A83F1D7016BF26
:10849000700BE03E516E113EBC01FB3F4136C8BE41
:1084A000793378BF296916BF615DBBBEECF61DBD8F
:1084B000659E9E3FD75454BFF0C4173F05C0B8BE59
:1084C000B8D0EE3EA8E487BC8E6A2CBF89C74ABFED
:1084D00037A93B3F12AB853E61E41C3F72B9103FA8
:1084E00009E813BF8014E33D91A94DBE386A3E3EB2
:1084F000D5745F3F32CB52BF70A3383C249C1C3CE8
:108500002EBB783E365709BF99EE31BFC5B1A4BF27
:108510008B0F9CBE783E033EDEA6953F76A4E2BE5E
:10852000AFD2E4BF2E111FBF57EF5A3E837559BE1D
:10853000CCB30A3F30E22B3F7EEC603FE459993EDA
:10854000F83DADBD49700BBFB21DCE3E178F2DBF9C
:1085500039D2EC3D0E7E293FB10223BF454F2E3F5D
:108560003C0918BEC34B733E7E3DBBBFDF96153F33
:10857000845D2A3FAE17FEBE004EA83EAFE37DBF2E
:1085800094915BBE05BF32BF51F46EBFDEE4AD3ED9
:1085900091B7BE3EEBA378BE49781E3FB6A5863E96
:1085A000787B1DBFE14A153FA4B3C23E5F74C03E55
:1085B000EC31CA3F0DF990BEC487663FD85DC1BE9D
:1085C000E902DD3E5B1D6C3E3739DB3EB96C0BBE0C
:1085D000C8C49A3EB6C2AF3EBAED243EEE57E93D5E
:1085E0002C759DBE813450BF91BB7BBF4CBD933F6A
:1085F000BDED9ABEA9053BBF438736BF12361DC0ED
:10860000F6060D3DC4B55D3F029B43BFD0948BBDC4
:108610001422A13FB8FB903F7EA63E3CDD7662BFB0
:108620004C4DDC3C49B6AABEEB13023DBA67DD3EB9
:1086300052FB99BF0BDA453EFAF065BF3B7092BF23
:10864000217F39BF1270773FE4D5EEBE30D9F93EB5
:108650004A309B3D7103543F041F443FD68E343F44
:10866000282EE2BD28BC173F45C5B93F64AF87BE81
:10867000F6650DC0FC14033F1829923EF9745FBFE4
:10868000514E29BF1256BE3ECE9D823FFE4D0C403C
:10869000EC241BC07F16EBBE7F29AFBF1AA68B3D13
:1086A000EAD581BF263FB53E8A6412BE28F1EA3E74
:1086B00075CA3BBEF4A323BF7468B2BF55FDBFBDEE
:1086C000F0DE90BE4F394CBFA23A22BF6765CE3F65
:1086D000AB426E3FA7A108BF544878BFFABECC3D5D
:1086E0000D11DC3E9C00C7BF62E8DDBFAD979EBEAA
:1086F00047D76BBFD54A6ABD91CE753F21898C3F64
:1087000012960D3FC010DF3EC52594BE8162793FB1
:108710009370B13F66010ABFA2A0983F1653C6BF2F
:10872000FECD7F3F36614DBE066420BFC3C615BF78
:108730004DD029BF915E203F07A1613D33E909BFBC
:10874000FD0AD5BF20BE8CBFC23808BFDCFE5FBFAC
:108750008E9610BF6470AC3FAB619CBFFDCB8BBFEE
:10876000B90603BEA2E27CBF20E508BF7B6B703F69
:10877000BF1EA93ECBF9B5BD33BD953FC716EB3E35
:108780006488BFBFC416ED3FA21E04BF923F813F65
:10879000F86D9FBFE162C53EE373EBBE739CE9BF1A
:1087A00053E8843E2722CB3F11BA833FC3DE8E3F7E
:1087B0008CECA03F7D41F23E0455C83E4DC3D63EF1
:1087C000BF1A3DBE25894F3F24BF013FE15B9DBDE0
:1087D0002632683EA49F9D3E3871EFBE03A79C3FA2
:1087E0009666DABE36C0843EE8806CBFD0721F3F0A
:1087F0007C4CBF3F2DDEF73EBE20843EFC33A5BE41
:1088000063E864BF931F853FB844463F7454C23F3A
:10881000C716C23E50DB46BEFDA0AF3FD93E93BF58
:10882000BED1C4BD8A5FA7BF1DCF17BF5CF926BEEE
:108830004110E93DF8A73EBF8CDE1F3F5E3D27BFDC
:10884000C365C13E19A708BFC4BFA23F64E557BFB7
:108850008FE5A4BF796A38BD4B0785BDED2324BEE3
:10886000442043BC6622613E2666213E74E196BFE9
:108870002BDB023FAA3DD4BEE9A46F3F3BB57DBED2
:10888000850A72BF565E263F3582A63F56A8E6BED1
:10889000C4D5853E9A79E43EE5A6363FBFA733BFEF
:1088A00012FD0A3FAC67CABE2E3995BCFAD0B9BBDF
:1088B000A4B53B3F56BF8D3F8B19BABD790B26BF80
:1088C0003FC6603EFF7B92BFC6B107BF8FA0F1BD20
:1088D000E82A8A3D25629C3F6BCD80BE166A3FBE6A
:1088E0004597B4BEADFD5D3F8E2980BE4C7A9A3E61
:1088F00000769B3EF4AA113E69903ABFD46D85BEC6
:10890000FD02A83EA59E4F3F06A90ABE15E6BDBFC3
:1089100090BA2ABF7BD679BFFC266B3F6217AD3F6A
:1089200053FD6C3EB5CF083EA75813BE54F3873EA7
:10893000291A1ABFFBC8533E109A833ECA661BBF52
:10894000F4A6423E12F0963E2FE6533EA77EDEBED0
:108950009F5335BF3802073D34DA973EEAE9F23ECD
:10896000BCEBDBBE55427CBE19CCCA3E3023143F63
:108970002D0B37BE68DE153F0DDE53BE88DCBB3FD6
:1089800020D6D13F322BA43FDBDDA73EF0E42ABF47
:108990007AF359BEB3AD2C3D50071E3F8700CDBEC4
:1089A00032EE183E4B5F323FEA40B93F87677E3F69
:1089B000443F113F8683DD3E18ECA9BE384D113E81
:1089C000774B5FBFE891533E0E06343F9D4FA4BDE9
:1089D0004024043F2AFE8D3FEF303D3EB67B3ABF38
:1089E000AF486DBED6CEE33DD7EAE73EBF4CF6BEFC
:1089F00040569F3ECD294A3D8CB716BF4E6DFFBDF8
:108A00003B786C3FD7284C3F1234DABD18A68B3F19
:108A1000C854F43D7FDFAD3FC6386E3FC8FFA7BEE8
:108A200022431FBF96C654BD7EB958BF8D97883E5E
:108A300079381B3F9387503E9910943EBF5FA53E07
:108A4000BCC8A6BF0B52323F6E77AB3E61A527BFB5
:108A5000EEFBD7BE90E3053FF76053BD178E53BEC4
:108A60002C37B33FC8C0653E5D731ABFF777503EE1
:108A70008D8D94BF35AD6B3EA297DF3EBD5D5C3FF3
:108A80005A127F3F6DCB01BED565243F4E31893FE1
:108A9000A31B133E82A3893FC3EB333F254BDA3E32
:108AA00054A58DBF1D1AE23E1BD11CBF13985FBE9B
:108AB0003CBB533F08DED4BE6EF8153F73098A3FB6
:108AC0000A309A3FC1FC5FBF537EF7BEB48E68BDCB
:108AD000A70E723D9155813D84C0AABF2F33003E41
:108AE000BC7DFABFD3342ABEDA889EBBF23F883EF3
:108AF000911F1EBF440355BFD84F663E23280CBFAD
:108B0000DCFC4CBFF75D9E3E9CC5783F4C82F53B3C
:108B1000BFED48BEB471A23F11B0BABF13B3BFBC22
:108B2000871E0A3F31AA85BF9BEFF93EE78476BFD7
:108B300067BCB0BE73174EBFB2AC203F3FC1D0BEC2
:108B40008F72F43E0571B3BE414319BE392B62BE2C
:108B50003B5558BF3C422DBC8F08A2BEAFFFF03D35
:108B600056D634BFE0BC3EBF11A90EBEA736B0BF7B
:108B700058BC9E3FD607463F78F4323F25D654BEB8
:108B80008F6834BE2442B83FBF7E283F6E0727BFA0
:108B90008A185CBFCD1729BF743590BC305969BFA6
:108BA00044267DBFD9D1B2BE78AE95BEA7C215BF4F
:108BB0007AE8263F2D78EFBE503CAF3E62FBB53FD2
:108BC000C46826403A91783D56CF773E6F6B29BFF7
:108BD000A96A01BF8652733FEECEB33F04291F3FFF
:108BE0004195233E5C03BA3EDC711FBFB21E63BFDA
:108BF0003F561F3F1666ECBE47B4863ED31D1BBED4
:108C0000556599BEE95D073FC4D2723E30323A3FA6
:108C1000E0B4C03F8EB7E23D7969963FE57F53BF30
:108C2000C6A181BF47A59A3E1520BFBF7A218FBF3D
:108C30009924A8BFF376D7BEC97BB63DB725BE3C05
:108C40003899F8BCD0E3353E8A380DBFFD3B123E63
:108C5000478A8B3D371E023EC80AB13F27753DBF8C
:108C60006CB4DF3E4D8D813FF8624CBF798CAF3DD7
:108C7000EEC39BBFBC389CBE339633BE44C53BBEDF
:108C8000D971973FBCDB66BF9CA901BFC0CC883FB0
:108C900078BF2B3E37F7DA3E125F523ED2FC21BE40
:108CA0002A05873FE506273EA2B12DBF14BF10BAA3
:108CB0002178EC3D5D8E1ABFF6AE3CBF36B1763EF4
:108CC000BDD7FDBE319118BF476304BEAD86A5BEBA
:108CD000CFDB28BF85627B3FB5F69DBF18BFD03D77
:108CE000AC8812BE6B9186BEF1B4393E1EBCB7BFD4
:108CF000CAE78A3E7381D43E5C88253F217AB3BEA1
:108D00007F3ECDBF10329FBF76EFC23DDD6775BE9F
:108D10003203E9BFDA20BF3D6A8818BF3AB8D23CB7
:108D200058EB33BF3C8FD7BE12CC7A3F74AC083FB0
:108D300080ACB6BF2B9C593FA40A13BF83E60BBF80
:108D40003412DD3E7BDD493E3FFDF63EAF54B43E7E
:108D500005C986BFC9FB413EB2558BBF109E143F6B
:108D600005426E3F524813BFFFA9C4BEF9D502BEEB
:108D7000F87C493EEF31803F79E6B53E91CA693DC6
:108D800000C3343C81498BBE6E16AABD1A52E43E24
:108D9000159606BCE0280C3F84D1DFBB0AD05EBD2F
:108DA0003BC47BBF2464183E6088183D2D80A83EDC
:108DB000441A87BE93B2A63E26988E3EAE843D3DB1
:108DC0007A173E3F8A73423F075589BF6D4FC13FB7
:108DD000B78F253FA3867ABF0959A3BF94ED223CE4
:108DE000AEA41D3F5B07C7BEC385863E10D58C3E33
:108DF0003E9EB2BE253C563F2982DF3CA119A23FD0
:108E0000B4757A3FF303EC3C246AC4BEACA1643F62
:108E10001185B63E41357A3EB93C413E93E83ABFB2
:108E2000B068353F10C510BFEC4D873FF52439BF02
:108E3000D63A233FEB62963FA9C1E8BFDFEEA4BE5E
:108E4000ECC5CFBFDC68F03DFDF1093FA8757EBEE3
:108E50007BF0FBBEE0B1203F21D76F3F19D2A8BE07
:108E6000A3564DBFB36EEA3E59BFB2BE4CE242BEFE
:108E70008318603FCE8AD5BFCB1615BF643F0ABFAB
:108E800014BD243F58EE4F3F8C38123EC5A3D3BDCE
:108E9000A1F86EBF21345B3F4073DCBD6064953F39
:108EA000F2EC263F424396BF3967F33E21A4583F78
:108EB000FE8A9CBE2182EBBDF8FEE83E8B2B5ABE9B
:108EC0000096D83E48D4ABBF7442683F407D7BBF1C
:108ED0008508C53F08F38C3EC18E5F3E0E3EC93FFC
:108EE0007BEBE33E25ACB7BE40A6D13D54186F3FA7
:108EF00078CE9F3F283E58BE9A98E13E5BDCD8BEB4
:108F00007EBEE8BBB0FE90BE9D96B6BFA317613E85
:108F10006D26E9BE0F8409407EE419BF033997BF6F
:108F20008CA2553FF8C6FDBD45764E3FE300C73FD6
:108F3000FF5A5B3EC13D003E949C773F84F2ADBC3E
:108F4000C7FA6E3F9890FF3DD71AC9BEB618F6BD56
:108F50006EB2F7BEAEC908BE791730BF721FFBBE36
:108F6000254182BEE7684B3FFFB95D3F0991C93D8E
:108F70003ABD8E3E9EB3713E395A653F3C829CBEDF
:108F8000510A73BFFC3D593FF9AF18BF5864AF3E5B
:108F90003D84343FD63BD3BE639AD2BED655963F6E
:108FA000637598BFCF59C1BEBD7D55BF010FE23D6E
:108FB0005761E73E3BCC803FC6C5D23EBAFA8EBE73
:108FC0007CD31DBF551DFE3AB58E0040D9B51C3D62
:108FD000C69F4FBFF261403FF0F087BDCC0FBD3E52
:108FE0001C90EEBDCD146E3D4FFE27BE0887D6BE49
:108FF000644AF6BE671A79BEF1E1F13E60714F3FF7
:109000008F8BB13E418923BFEEFCB2BE3CEDFD3EED
:109010008BF305C077A0BABFC075423F3FFA813FCE
:10902000B8D283BF8629AC3E366F1BBF54F2E23FF5
:10903000FAF45A3F7F9816BE05D15C3E873A753FD9
:1090400065DA823F87B8E73F186598BF0AE994BEA2
:109050003AC3653FDBF8053FBDC3703B8B00953FCE
:109060005782C9BF72C563BE9645BFBFDFFF643F6D
:109070008B9C9C3FB1823ABFF483CE3F31084C3F7A
:109080001CA6D03F2EEC7D3FC7801A3FCF6998BE0B
:1090900012D98D3E5F944E3EE01B883EFB72523FDC
:1090A00062ADA0BF43BAE53E2098833F01AD953F36
:1090B000C9053DC061D19F3F8860433F9655DEBEE4
:1090C000A2E3A6BDEABD053FA60CB9BFDAA24C409B
:1090D000A068A3BE0FB0B4BFBB33D5BFAF42DF3F64
:1090E00044BDFD3E196B03C02534983FAFD7B4BED5
:1090F0006F0C83BD6E0CECBE11C2093F07A56CBCA2
:1091000064515CBF02C883BE08B2433F578C55BF51
:10911000FE83943C22D4743CE821523F03D70BBF1A
:10912000C0DFB53FDF773CBF665882BE56B3A2BFF3
:10913000DBA62ABE3C3FF2BEAA66BB3D5D42973F1E
:109140002133F43DAD14AA3E9B46233E9A4BD4BE38
:109150002A9C38BE55147BBF4366C7BD0BD21B3F4C
:10916000B25B8DBDEA975EBDCB6BC9BB30542BBFE4
:109170008CD315BE68A9B8BEDD7E1B3F1D780DBF20
:109180004682873FB699B43E915544BFCAB7873FE0
:1091900075B3B4BEBED6BB3EA2A883BC75F0F4BD09
:1091A0002E01823E0F854EBE52AA71BF6631B53E7A
:1091B000BABDC2BEC42806BE59C41F3F50C932BF83
:1091C000E452D33ECD3D3BBB4117423FF205A93EA1
:1091D0008053EF3EEF57773F028C9ABE976301C0F2
:1091E000A61631BF3AF5663F42F22ABF1B5807BFA9
:1091F0008B5FEABE4A8D8F3F00E330BF5E6C6FBF6E
:10920000E4231F3FF12E6C3F9FD5EABC4FEB4ABFD2
:10921000204706BE3BB3D3BE88AC9ABF29ED0CBF36
:10922000C9E1F63EF7449FBF07B4CFBECA0BA5BE47
:10923000ACD2EA3F4C18023F5D63143F9495C4BF23
:10924000A6FC1CBF61F24DBFC0110BC0C045ACBE37
:10925000276260BFDCE1E2BFA2A8F63F090998BF20
:109260005E6826BFC55AB4BFA665EDBF4FCCA73F09
:10927000CC7BEEBD811CD53F8854C33FE1F840BF95
:10928000B6814BBE3B99E1BF90D5D3BFDD3B64BDFA
:109290000996C4BF2C96A13FD377B13E772218C060
:1092A0009459C03EDA65C0BEABF386BF073FD53EDA
:1092B0004D97D3BE648A7ABE35E6A0BEE04F363FF6
:1092C0002E4019404CBB90B9400EF0BF470C743C87
:1092D000FE5ABDBE9CA1CC3FE895423F9373CD3F63
:1092E0009A3AC23ED1F9CF3E82AF8C3F653A433FB6
:1092F000DAE708C0D054D2BF72C2E13ED8724CBF88
:10930000C3892CBF6FC33C3F6CC72B3FD511053FB2
:10931000500D403FAA86AD3F83BE0E3FBCDBB33F3E
:109320005ED816BF437312BFBC7B60BFF4B6023E6B
:10933000BB74CD3C98B793BE6C43483EF420C9BD86
:10934000D7452F3EE020243FEECC30BF89BB3ABF4B
:10935000855280BD1FB01E3F6FFE813F2CB63FBDC2
:10936000782080BF44FA213D9684F93E821F41BE99
:1093700024348F3EB691933FB8D037BF4D492D3E30
:109380002921C3BF198117BF97D759BEDD9937BFB0
:10939000B735EBBE53C20D3F8562443F5057663F21
:1093A0001803513E8906783D9ACC553EF37D8ABF1D
:1093B00093F779BF4CBD4FBD6F65A6BE75BAA83E89
:1093C0002D33653FAE14E7BE72D60B3F489BC73EB8
:1093D000283B3ABF4AECFD3D2BCBC9BE99418BBF20
:1093E000441A1F3E586FA4BFAE30273F59A286BF14
:1093F000344753BF285DA9BE7F29F23E5A1D36BFB0
:10940000F1F70D3F26E8BE3E47AD58BE618700BE6E
:10941000CC2296BFB031B8BED2A009BE4A498ABE9E
:1094200062C1A33FDE48243D8E0C443F522B1E3FB9
:10943000D8508BBF8C9489BF63CF0EC0A63AC23F71
:10944000E7A51DBEA965063E2B6D5DBF0DA7603E5D
:10945000227D833E1AAB553F916B38BFF35D323EA0
:10946000921C80BFBD44EF3E73D4E23D8F924EBF4D
:10947000395D03BEF8E2AA3FF248A23D5D0BB73E5C
:10948000007414BE94A70C3EBD2C8ABF104E553FED
:109490000D08D0BE1BAD80BDEE9446BE1DC60B3F71
:1094A000A9E403BF0D3B4CBEAC64DD3EE5F6C33E14
:1094B000FEC0E4BF25045A3FA45B5F3D2C364D3F00
:1094C0003949A4BD475F7C3F976019BE28FABDBFEC
:1094D0001D2F15BF4BD2B5BDCB8C94BE8230DABDEB
:1094E000B26F85BFAF21A3BF0E0F553FA4210FBFA1
:1094F0009B3651BE23D6E9BEBA38A3BFA0D077BEF3
:109500000E6784BF54258FBF6E94E33E200125BFB4
:10951000AE00D63F548696BE429A21BE2B766CBED4
:109520002A04FEBDB23879BFC9FD24BFDAA0F0BE5F
:109530009FFD8EBFDBDB3FBD868B29BF87993D3FFB
:10954000CAB811BF6AB530BF9F8C3FBF1FCF183E4E
:10955000F34D24BD1C401FBDD324E8BECE46863E3D
:10956000ECA9263F9B4FB4BEB5EE64BF4E9ECDBE68
:10957000D4A9D83F057B873EBEC6C63E37F05E3FC6
:10958000D4BE9A3F9F2A223F65A1D3BED876CDBED6
:1095900066D8733D1B68303FD48C50BFF8DAF13E7B
:1095A000F4C788BFC866A63FA0ADE0BEB6C81FBF5F
:1095B0002FC30C3D8D8EA03EC338BBBDFA2D083F96
:1095C000FBA6A5BFB2195B3F4A8EFCBE42838A3E12
:1095D0003663413CD15C493F97A645BD235AF43ED2
:1095E000B342423FAE95D2BF0753943D9405703FBE
:1095F000E62621BE3DB0B73DAD7117BFC746673EF9
:1096000047C603BFDB65FB3E31D5793FD87B273F9B
:10961000E253CCBEC00707BEBB06EA3EFDB1483EE2
:1096200048282C3E22CF56BEABE4B3BD2AB01BBFA8
:10963000FB3D4DBB941D91BBFC586FBE6ABE4CBE3A
:109640001F43D3BED7BE193F4A408EBD123E9F3F37
:10965000A042303F4EBC593FC6F1FF3EE1D4003F2F
:10966000206D433F4AB6C33F40510240A008B43F7B
:109670009AB0B6BF002D8FBE36F0BABE55C3433F79
:10968000304E453F616610BF05D49A3E5F981F3F3C
:10969000A707DABB7ACD79BF99C24CBFCF73CCBFD5
:1096A0007DA4B8BDCB213CBFE5B3BABE956B45BF29
:1096B00094F3AF3E241AC8BE20C569BF97989B3E5D
:1096C000FD6C01BFCE18DE3DF88F6FBBAA30E6BF40
:1096D000FF10053F0B2EACBE7FD0B73E577B753ECB
:1096E0001DFFB13F5CC74EBEDF8193BCC1915F3FA0
:1096F0009D07A1BFA74C28BF6136D53F6CC7A7BE49
:1097000030C00A3F5D916A3FC19BC1BE2A2943BE5A
:109710009EA3C9BE4B225DBD7DF3143E390E12BF20
:10972000B2F8D2BDB7C98BBDF3E99BBFABCCA33EAA
:10973000169599BFB84AE53E5AE82CBE437B0BBF4D
:10974000A36DBE3C922EA4BF6BFF86BDB2089EBF28
:1097500032EEF93F84D151BFA9E897BFF80A87BE1E
:109760002A937F3FB2F6B0BCA523FEBDED301D3F6E
:109770000D9CBC3DEF0E60BEAC6FACBF2BE0AE3EAF
:10978000FFE5DEBE95B282BE3FD68DBEBC750EBF74
:109790008AEBC7BE0F33A0BD34FE0C3FC428FD3E8C
:1097A0000437773F7BD96ABE5C0400BEBAFEAC3D8D
:1097B0003DC6DA3E230ADDBE73EA6DBFC07661BEE8
:1097C000F737353FEA560ABEBD8330BF9B52A2BE73
:1097D000867148BEA8F245BF0FC9FF3EF72AC53FB4
:1097E0003C0EA2BCFB0499BF875FCBBF58178B3FD1
:1097F000C6E5E83D7722E13E86280B3F83E051BF76
:1098000067FD8FBE8EBF05BF5B2407BFC3B59EBF7C
:1098100009240F3DE3235B3F88C572BF0AADB1BF8A
:10982000FE03153FBFAAA3BE61B3BBBFFABC9EBF78
:10983000622F1D3F7C1E913D93A682BF3CF732BF35
:10984000991ED5BF1E20883EE3A5963E3CFAAD3E4C
:1098500042213ABF553E283FEE2B49BE7E4C95BF74
:109860004CBFA23F1F870FBF5815F8BDFFAA9DBF71
:109870002A89163FF2B7CFBEA736BDBF25F03C3EC2
:109880001269F0BF3345DBBEE51BF4BE8F7F13BF0B
:1098900077BFEA3FBA0A2C3E6C2CDD3E9F8FF0BDAD
:1098A000BD43D7BE4F8E31BD0975703ECBA64FBFAD
:1098B0009802583FBBC128BF0CF755BFB5444EBDF9
:1098C000F878B9BE8481053FA50611BFC8C1EFBDB8
:1098D0003D0BDABE48D7BC3F5670063F72993E3EFC
:1098E000512A99BE75EC71BF5797A63FBAEBA2BE3D
:1098F0007CF5203F692E92BEE31D8C3FF6D2A5BEBB
:1099000017D2ACBD8A71D13E04F06F3B7830053F71
:10991000F4679ABE57B509C0FB6F0EC0EA8465BEF6
:10992000C36322C00E04E83F343D47BFFCF22D3F25
:109930009A52F83F1ABE27BF8AF05B3E194558BEBF
:10994000333F46BFA31271BECA6B2F3E5913963EDA
:10995000B57FDCBED496B93E6FF713BF8A5B6C3F10
:109960005E2A0CBFEF059EBE04DD943E31C0FABDF9
:109970009CD375BF139688BB0ABC34BFEA3F27BE91
:10998000E53379BFC7BF35BF6D0106BF5C98E53EC3
:10999000F28518BFB47C383F517F24C0B9B0B33FC3
:1099A000196D9BBF1F41593F8C0C8EBF808C833F2C
:1099B00093E4ED3DD90B9E3EE2DFD8BF869D51BFBB
:1099C000E6BE46BEAFDA5C3FF4EE323FC689C93E22
:1099D000B7BCE53C1D00BA3D6E66AB3E515E403EF5
:1099E000CF9D5DBFEE22063F74B08EBFE1384C3F85
:1099F000D611533C5E92E73F28041ABF9A5665BDC4
:109A000016687EBF70FBC53D512F2F3FD752B43E25
:109A1000E4F808BF7BAE78BFD4003D3F88D76BBF6A
:109A2000C0302FBE523E67BFB2B198BE3FCD7CBFA3
:109A3000F8C92FBF13E45F3F1793233FCBF487BFD1
:109A4000A529D6BDF5C496BE84AFA2BFF4A39D3EA2
:109A50005201D1BD1F5C823F4533633EC9A4853DA1
:109A60009FB02BBE28A21ABE682B46BEE7794D3F99
:109A700058D3E73DDA77E83FAC86293FB8601EBF90
:109A8000C80A223FB8B026BE3C5D2ABD10DB5A3F53
:109A90005E443BBF25AC9BBE3CDC793F07A2473F01
:109AA0000A08B63F7F929F3DC37D17BF570D2DBF5C
:109AB00076F1863D829D113F0A69233FF9BA1ABEAD
:109AC000C1AD863F7A2B6B3E6D76523EE5E55B3F3E
:109AD0008105AE3E0B498EBEA9DB463E4ADA98BFF1
:109AE000EE36FB3E48E5E43EDC3851BF5E6DF83EA5
:109AF0007CA4593F8FB53E3F5FE251BC4AFE4B3ECE
:109B0000BB52213F160ECDBD17C6ECBEE1245EBF91
:109B10000E83A4BD39A2EEBFDE0A133F854DDD3EA4
:109B2000CE510640EB29C7BDBB03883F4AB1A3BD58
:109B3000E748FF3E3A2FB8BFDA60FE3EA4CBA4BF91
:109B40007478CF3EF02580BE7D6B04C00F23713E3C
:109B50009119EEBF260A6EBD854FBBBF4910593F14
:109B600057D11BBD828A713E61D9773F8176C83E4D
:109B700003843E3F3F3DCA3C30F08F3EAE3B153F35
:109B8000CDEEA43E6DB147BFCF7B9C3EA658D1BF62
:109B900008E9A4BF276A74BE731B08BFD428A03E7F
:109BA0007E089CBFE6E980BF5C36AABECF77563FF1
:109BB0008D4A273FFC79F7BCF39FF83D625E983EE3
:109BC000B5FB5BBC6BE4BF3F002AF53E59EB3C3F65
:109BD0002026CD3E2A40933ED48F5CBEA5E425BF0F
:109BE000BC0D8EBE522A983E55D2493F8CE30540AB
:109BF000CFFF063FFBCE6FBE620A08BFEB2A003FD5
:109C0000A9A912BFF809C93EC469FC3E65D4093F41
:109C1000EB39093F911D493FD70BC63EBF4CA9BF49
:109C2000CA94A8BF2F7819C08521823F00E7923ED1
:109C30001F461B404397F0BF8DF4C7BFA00C99BFD0
:109C40000ADDB6BE8012EA3F6C15C7BF6A7E6FBFE1
:109C5000AD8BB43F9440893E62F4883E1063003E71
:109C6000B4DD093FF21E9D3FE57BA6BF7AD257BE09
:109C7000B0D5C8BF399F4C3DF1C6C0BF466E2C3F22
:109C8000D9EE7D3F344C503E92296F3FA2E63A40D8
:109C9000D517DA3F5BF4D0BE8FB16D3F3466933F8A
:109CA0005705543E307D47BF3FB100C079F46FBFC8
:109CB000A3A1A0BFA80547BF94DCF63E78345C3F63
:109CC000016C97BF0877913E4601BD3FD02DEA3F1A
:109CD0000D6CC63F51DF2EBEC80217BFE5D3243E30
:109CE000E1C61ABF218D5F3F59B2593E61F256BF9E
:109CF00057793DBEB07C0FBF890C90BFAAD0A1BCE4
:109D00000226D0BEE336C23E0950DF3F909F6F3E31
:109D10002908D5BEA4B4DE3D321EB13D0FF2EEBD22
:109D200025295CBFF9EE4B3EE5C75DBF8B08ACBC97
:109D3000776E37BFBD531FBFFA38BE3F26C988BEF6
:109D4000A054F8BF7720053E34089CBD43DA933E0B
:109D50006CB13B3EA648A8BDAC6E023E33FC7DBF55
:109D60002CE518BDD0AA493F668CEB3E972F683F83
:109D7000DD98BABD5605FB3EA9302A3F9D7ADCBF6F
:109D8000542FA2BE6808673E552AD3BF258D55BB08
:109D9000147AB5BE2B0674BED6F6D0BFCC6ED83EB4
:109DA000303F19BFC0E630BFDD3CB7BFEE92D7BE33
:109DB000AD9093BF16526A3FF497C43E38B1B1BF1D
:109DC000E0E77D3F3A13823EDD72343F02498BBFAC
:109DD000D793783FB3FC3DBF5EA05FBE92AAD8BECA
:109DE000343000BFA70372BF19080E3E8B4A223FD2
:109DF0008B579CBFAC0A073F3D05033F0808723FE5
:109E0000082056BF04616ABF603F6D3F6B854C3FC1
:109E1000EDFE953F843899BE907000BF226C7DBFE7
:109E20000BFEC33FE8DFC73E3CCA973F015E383EAA
:109E30007D5A2A3E794CA3BF72EDEEBED1DCFD3EC9
:109E4000EDD027BF3B56FEBE4EEB60BFBE1055BEE9
:109E50005836ED3D5D526EBF4A18043F099A3ABF2D
:109E600028940ABEFAD6833FC3F74B3F1608EC3E50
:109E7000BEBD1FBE21285CBF634B02C0CF8AB1BFED
:109E8000B2D295BFD59529BE5A81563FE5DD2D3F0B
:109E900065275A3F0575993E3B503A3F6A13BEBE4F
:109EA000462C1EBE4EB0D33E13EE173FC9BF003F37
:109EB0009B781ABFFC7C593FFD73B4BC7835173FC3
:109EC0009DFAB0BD8F6E073F62DC4F3FA8110B3E7D
:109ED00031B283BDD86538BFE4ADC23E35E126BDA1
:109EE0004864B33E92203BBF50C8853FA21DD83D79
:109EF000770F983FCCD0223EABD7B1BF4E0A6F3F11
:109F0000A84F323F7CF79DBF815B1EBF21BA88BC42
:109F1000EEC8C33EBB15833F4AE5F03E2FFFA7BE08
:109F20006518C2BE3628CEBF280E87BF869155BFA2
:109F3000FCD5193FC6549A3E42A60ABEF6A3A5BE5A
:109F400010F0463F01A050BE9439E3BE44B56EBC4C
:109F50000807D33E63C0AABE682E293FAB3E813EB0
:109F6000CEADDBBDDB3F7BBF09882DBFC2B82B3F29
:109F70000D9C173FD7C4783F6B6D04BE1C314F3F1B
:109F800055BA4F3F39CDBABE88B3233FFBB65F3FCA
:109F90001D9A843F784DE7BFC67EF93FB4189B3FBA
:109FA00073EE35BE0FA5703F6846603FA74FC93EB0
:109FB000FFF2D0BD95E22EBF42C1553F7F224F3FF9
:109FC000C71479BF704EA7BD27C2133FDF1AD43D17
:109FD00087056B3E9A54583ED79A9DBE9F7832BFF4
:109FE000CB11B73FB047613F59A67F3FC10DBBBF03
:109FF000861F573E5CDC823DECABD2BEE940C33FDE
:10A00000142B0ABF4EEA68BFD49AA23FF4EB41BEBC
:10A010005AFA9BBE94A64C3FCCA33D3F1FDB1C3D90
:10A02000FF05263F7BAF6B3E8A4DB23FB419FE3E23
:10A030004F2049BF7CF783BECA944B3EB02A18BF5D
:10A04000A9F4183F8148FD3E1E3F96BFBAC7B2BF74
:10A050009EDDB4BF562901BFEA52D7BFBD1C38BF31
:10A060009AAFFC3F7EAFA13F1A707ABDC18704C092
:10A07000ABFED5BF43033A3FE84F66BF680A503F87
:10A080005A7D01BE32D5C5BF2881873F0D89773DF6
:10A090007B14A83F4157E5BE125BD1BFB6AD84BE6D
:10A0A000A69F8FBEBD35DF3F78AF11BE39A4193FE3
:10A0B0000DE0433F8FBFA1BFECC5A03F14E4473F75
:10A0C000E611E83EBD78ECBE5D65BC3E33DBD43EB8
:10A0D0001B93763FE793073D0077F2BD7630BC3F98
:10A0E000571E29BE2868723F78D19C3EE2F965BFB1
:10A0F000E32224BEFCEAEB3EA67957BF1F11813F45
:10A10000AFA7863F8D661EB87186193F01BE3ABF64
:10A11000E34B483F1C90103F27B8D9BF784A82BF15
:10A12000710DBFBF29E0BE3C20CCC9BEB3CC5B3EA5
:10A13000AB816A3D2002D13FB68B02BF7608B13FAA
:10A14000BB834FBF982734BFB7F38E3ED5599CBE13
:10A150002F00843F3A33C4BED28F143F5D484F3F37
:10A16000A42244BED8A69CBFAFFA4CBF1BDA09C0DC
:10A17000C611623EEF30873F0561473FF25CDD3E2E
:10A18000AD34373E8DFEB2BEA9E88C3DA72D153EFD
:10A19000AC4626BF13CC963F1643A4BEE187AFBEA4
:10A1A000DB7E483F48AA993DDFF02ABF035CF13EC1
:10A1B0003FD49ABF9749F8BEF5BC423F9F50AF3E8F
:10A1C0000F4784BF0E3791BF99CDABBDE914563F01
:10A1D00082049FBFF93EB8BD8CD5093F4B096EBFC5
:10A1E00026F59DBE07927A3F5175953EF04FE0BE31
:10A1F00098FC9F3FFD48383E7FBA04BE30E510BF53
:10A20000A14A993E9154ACBECF70ABBF9769CD3F88
:10A2100062A419BEF8217E3F7FEB3A3EF67B833F76
:10A220001CADD93DDF6E603E72C4583F844A383F52
:10A230002124623F34E974BF8B6BF43DADE7823F6C
:10A24000724E41BF74DD57BF3ABF933F1E1DBE3EE5
:10A25000D35BA5BFB9F585BF5C1255BF06E4CB3E05
:10A2600029BF463F6C997DBF19E9DC3F5808F1BB17
:10A27000723191BF7CAB57BFFCD7223C545B72BE9E
:10A280008DF68C3FCABB553EA0620CBF45A338BEBD
:10A2900057EB883FDDECB73D6137C5BD2D68D8BEB3
:10A2A000AD74C0BFCD4A88BEE12E98BD598F6F3FB7
:10A2B00042B619BF9A3471BED68E4BBFA6727CBE11
:10A2C00062AA9D3F54BD1CBF73C501C037B163BEB8
:10A2D00069CAA53F5A930840AB61023F1F0C58BFA3
:10A2E0002CA8D23E5B235F3E08BBFF3E033C0F3FE2
:10A2F0004A21BDBEDB899ABE44B71ABF7F120DBF8B
:10A3000054E01DBFCF461CBF7049EF3C8CF74D3F5A
:10A310006CF4323F127D2EBD4BF8733E67A21BBE1C
:10A32000B5FD633E71286E3E6C6F9CBEF96C15BE28
:10A330006649DF3E52ACE83F7D739B3E03F8B93E71
:10A34000A7F330BE2E64A33EA922E7BEFA44BF3F66
:10A350007B21463F3897EEBDA38CD2BFE506B2BF46
:10A360004D80BC3C174B83BE8CC6F33EDA209D3F2C
:10A3700057F0473F584861BFD6AFC83F0E7FF73E02
:10A38000AD896FBF4C831BBE21D99B3F98A7BDBE33
:10A390001900BB3EEF3A833F271EC43EB921DB3E86
:10A3A000ABA0493E3CC684BE92F4C0BF1BFE6E3ECD
:10A3B0003B7507BF83D2F53EBE6BAFBD05BF72BD17
:10A3C000C75F8B3E361D433FB3F015C0C72D92BF0C
:10A3D000FBB1FB3E9B63243F2FF5B53FF74373BEB4
:10A3E000F91F2DBE80B3823FE87655BD1302123FA0
:10A3F00092DBA9BF0C9A9B3E548F393EF45B86BF1B
:10A40000328B5F3F8E04513F32C375BE28303FBF51
:10A4100092AD68BEF68338BDFA1C563EA69959BE69
:10A4200032AE81BD56DB943E60DE06BF8AED263F2C
:10A430002BB9D4BFC423D33F07C2DF3E0EA04BBF0E
:10A44000628AA13FA92B3A3F5F9AFF3EB7421ABEEC
:10A450006248C3BEF3DB143FB518D5BD50F8723E59
:10A46000EAE13D3F0F477ABE3B999C3DB07611BF74
:10A470000FF5CB3D916D2F3C1F158ABE67033ABE89
:10A48000B1A2A13F1CEB6CBE92D476BFC4B68FBF05
:10A490006C9EF93E6540B4BF0CDA6F3FFAE2883F2C
:10A4A000075B02BEAB79FDBDC411153F41B4593FF6
:10A4B0007BFFD4BE39D84A3FEFC0243E87C0B7BE29
:10A4C0009AFD6CBF7EE0D8BB2D32883DAAC34D3EBD
:10A4D000CC020C3F52AD69BE1C7F343EFC0E793F6E
:10A4E000C8712DBD16EE5F3DC814053F1563083FCA
:10A4F000543634BE377775BFD468B1BFB24A253FF2
:10A50000A3B71BBFA167EC3EAAE1003F788C02BD58
:10A510003DD16B3FBE829A3F807C8FBD27DD033FDC
:10A52000900121BE5AFA9A3E1BA1D33EC19FDCBEC8
:10A53000204915BFF397D13EB46C06BF3736003FB4
:10A54000133F423F1D2FDFBE9E806F3FBD79C93F45
:10A55000963CC83FC6D0BE3EFAB17EBFCF289FBF53
:10A56000CFA9F43EA8C0053F0CF6EBBBD1D9633FA1
:10A570007EFA16BEDD20FABEAFB30DBFEF2065BF79
:10A5800012E3FD3E63091C3E121DBC3E3184D63EE3
:10A590008FA61A3F892AC33E77AB46BF74AEA0BED2
:10A5A0002D1F36BEA52722BFD8BD7E3E4F08843F53
:10A5B0002176B33FC38B1BBE044AA23EE765EBBFC7
:10A5C000145C313F1F4E503F4A4419BFC5FDF7BED2
:10A5D0000B48353F2300D9BC81576F3D71F7443E8E
:10A5E000D653DA3E0596CCBE0AA381BEBFA7013D75
:10A5F000DDE078BEFDA66E3F277A073E99BE0ABF12
:10A60000647ED23E0547623F883632BF20F90BBFD9
:10A61000E20708BD3CAA683ED971743E6C374FBF53
:10A62000F687DC3D5A3B4EBF9A91F43D366E04C02E
:10A6300048541D3F0B1BCEBE423D813FA4FCAABE29
:10A64000AB80393D07E5EC3FCDFDF1BC418C383E98
:10A650006F8FDD3EA6D5333F988E9EBF9575B03F78
:10A66000AEBB4D3FB6D4593F56691A3FA420393E80
:10A670002031293E90DD003F25846BBEB65A13BFC2
:10A680002598053FEEA6583F81770D3F877439BF67
:10A69000361BE0BED85D993FE1CA073F924A6FBFC3
:10A6A000263B36BFB925BFBEE15AC1BF4F317EBF81
:10A6B000480311BF3E4AD3BEB31E713F49DB843EFF
:10A6C00007360BBEAC34D83E7477CB3E447B6ABEB3
:10A6D000A3D110BD290C63BE5B5D55BF27E57D3F4F
:10A6E000FCED5BBFE27B883E71471C3DB3C35A3E25
:10A6F000CE04ABBD864C723D812C0ABF6A3263BD6D
:10A70000B96CD3BDBE63DCBE1561E9BFA3E5953F5F
:10A71000CD420CC0A859C73D345BF4BF06D9803F79
:10A720007B0F0EBF5D1FAC3FC6A3843D1233AE3F0F
:10A73000846F943E37729F3F786F9CBE4B5A023FA6
:10A74000377D23BF5EF6973F97A17FBE60B0C43FC1
:10A75000F8B010BE908AE43DF2170D3E0CD51740BC
:10A760005792103FC33AF23EBFE1A6BFF73D00400B
:10A770006DBC7F3F502A27408313C23F880C5B3F4C
:10A78000C50A1E3F0ABC663F5E171D3F6707D13FE3
:10A79000CAD9943F1A88A23FE231D03FEF11EA3F75
:10A7A00036914CBF88DC34BE1FA335BF03DEECBD41
:10A7B0006A41C6BE0DA2883F07F5903D11C2013F18
:10A7C0003938653F5044963FE1B2853F142C1B3E1B
:10A7D000E58A1A3F39D9F6BECE243D3E184EC63D15
:10A7E000C43E6BBD24D1F63FE980C0BEFF648A3F02
:10A7F0001252123F5266D93D041CE9BDCD120F3FE3
:10A80000F46287BF8443AE3E1771AFBEA432603C92
:10A810009C0970BE6E89CE3EA8C0F9BE9B62833F84
:10A82000E9B7873EE633FDBE065BC0BEA81486BE10
:10A8300073449D3FFBA995BFE644953FB48184BE18
:10A8400074C66FBF45DECE3EEB24E1BF5E5550BF00
:10A85000FE22B23FA9CC98BE5F84093F0233923FEB
:10A86000E09C8CBF37BF563EA87324BFBB85A03E7B
:10A870008A4D1E3FAC180F3F5800463FEF4C96BE26
:10A88000C0DBC53A8AB8CA3DA3AEC83FA09CF83E1B
:10A890005DFC253F48150EBF4571353E2EEFBCBE11
:10A8A000C53084BFD0EDAA3EE0F331BEEC1F4D3F72
:10A8B0004BC777BFEDD8453EBA8912BF06648F3FBC
:10A8C0002B2BE2BE36BA413FD6CA88BF3E6DA33EAF
:10A8D00067CDFA3E8309CFBF1F1C4CBF89C3763FAB
:10A8E000656C20BF782F88BFE2E334BE96F302BFC9
:10A8F0004040EABE4A7153BE49B202BFD76325BE8B
:10A900000AFE603F032A413F812583BF8BA283BF9C
:10A910004D39FC3ADE9F043EC506003FABC4EF3E16
:10A92000CBED9BBF238E25BE0C428E3F477F0DBFD4
:10A93000A6D8C0BF6DC805C05AAC93BFB749AEBE5C
:10A94000CB90683EAA8126BF88F989BEB05332BF3A
:10A950006E911F3FC878EFBE2036C33E51C4773E8C
:10A960004D74E73E826D773FED84533FFFCBF63E5B
:10A97000682F2EBDB4E762BF734C973F80ADB2BE67
:10A9800088EDC43ED86678BEA769913D618525BE35
:10A99000395FA1BFBD5EA8BE6CBB103FCC23A6BE75
:10A9A000B5236BBE5EDCD6BDCE2514C06FDF083F7D
:10A9B00030CB1B3FF1B106BE09D9A0BFD1880D3FF6
:10A9C0000F406B3F84645FBE0519C0BFDAF6D7BD88
:10A9D000D98421BF4EE501BFA9AE6D3B5246873FEA
:10A9E000A3E4D73D384B06BF6A18D5BDF24CD9BD9C
:10A9F000B817303D2BF40F3F55BBDEBD37EB573F4B
:10AA0000029D6E3FF3D5F63D502F963F9EB04EBE51
:10AA1000276E4BBFEF03333EC6192D3FF14F8DBF5D
:10AA20000A1D823F8D2A7DBF745AC7BD3DA3DB3FFF
:10AA3000A75A843F1C2E233FA47783BF92159EBE46
:10AA400059AC9DBF3180043D9DE4ADBE1EE98C3FF5
:10AA50006DF1573F68FAA53F64A4054035DD95BF09
:10AA6000AB07F6BEBCBA90BF9380033F704E46BFA3
:10AA7000CE7E0CBFE2C89ABED7D50B3FE3D955BFF7
:10AA80003D16293FC967A3BFEF750E3F58351BBE62
:10AA90009B3498BEDD23B83E507C09BFBC5EA33F0B
:10AAA000BBECD6BDA73C0BC0A59F5D3F7D5ECDBD79
:10AAB00090EE133E9F5EADBEC782453FF6FF783FE6
:10AAC000032789BF6E7735BF621320BF44AC97BFA1
:10AAD00080878BBFCCCF2EBF8B596E3F4DCDE23ED2
:10AAE0005D100F3E23967ABECBBBBB3FA1F1D0BE1B
:10AAF000F1100D3F8F72683F3569D1BD5E2322BFD3
:10AB0000006B95BF5685CABED222EC3EA8C30B3F50
:10AB1000BD7B073F7FDD773E761C813CD0A64CBED7
:10AB2000B368393F8407BFBEA39C483F8804EFBE8B
:10AB300055052B3F7E34D8BF10F00BBD7333093F52
:10AB4000502497BF518CE43E7F9AD8BD44F57F3E98
:10AB50003587FBBD2BF232BE0743483F96799CBD3B
:10AB6000E61AEBBE6C0DF1BFFE813CBF006E19BF53
:10AB7000329BD2BF612ACC3E8AD4033F2CDE083FF1
:10AB8000709A5E3F3089903F4E4B333EEDC6073E94
:10AB90007D6F6A3EA12AD33F13CDB8BF737E6FBECF
:10ABA00079AD0FBFB08CFE3E526D053FEA75DDBE3C
:10ABB000F18A18BF19B91FBFDD1446BF4148A53E31
:10ABC00071722ABF1A8D3DBF9CB1753F274E593F08
:10ABD000D7E814BF3B731EBF4CE611BF95B0003CD5
:10ABE00082793ABD8071263F164862BE908023BFAD
:10ABF000114D8FBF40BDD43F822DADBE3FACB6BE20
:10AC0000F12B81BE2723C5BF1C4342BE964456BFCD
:10AC1000DCCC133FD1A8A2BE61A72CBE271DA8BDC6
:10AC200087E4B7BD67B3713E4F6C8F3E77BCA9BF59
:10AC300018A71D3FF08B773F9C1D34BFCD36DBBD81
:10AC40005504FE3E3C74D5BF045D2A3D395EB73FD6
:10AC5000003F4D3E380B103F5750193C62A587BC52
:10AC6000A854753EC5ED983DF1E98D3F01C43F3EC6
:10AC7000E72452BE28C51E3F76941D3F46C5F33ECD
:10AC80004F8F2DBEA748A4BF221DCABDF2F2C7BF79
:10AC90008E7C4FBF9E3D45BF58688DBE34A3F13FAB
:10ACA000CEF1F7BEB3D33F3F9ABC23BF85FED4BBE2
:10ACB0002D343B3F13D60040802EF73E68709D3FF9
:10ACC0001B8103BFF9FC123F126D293E149D94BFF6
:10ACD000C3EC043F6A89D13F980F12BFC07C4E3F3E
:10ACE000EBF7133F8C6598BF93C7103F5FBE073FDC
:10ACF000EDD89CBED2907C3F190CED3E1FAB67BFD8
:10AD00000DB9B23EDBFCE7BE7D64E33F5B71173FEC
:10AD1000D9B51DBD5EC2CE3EB7C454BF1F6D523DF6
:10AD200075C1083F9C9DA9BD310EC13E087C11BF75
:10AD3000374097BE3A3C383EF76B7E3FB6AAE03EBE
:10AD40001B98A73FBC46D13EC60D283C29C7F1BE83
:10AD5000BB590C3FCDB210BFD2328ABE32664F3ED5
:10AD6000EE7A993EC158333CD67053BFD420F2BB23
:10AD7000B33F223FBBF3033FD9E282BF437E883F0C
:10AD800043FB45BFCA3E9E3E531DE23E7F351CBF7E
:10AD90004FFD51BD905B763FB8EA453E76DF8EBFF2
:10ADA000E25422BE37A37A3F66E02F3FE36B9C3E1E
:10ADB0006BC320BECF9C3C3F9D17303F3D8F0CBFE7
:10ADC000DFCAA63E0412443F2DB011BF929CA43DA1
:10ADD0000418B5BF9A773DBD2271F4BEDC7517BF6C
:10ADE000833971BFC1B10A3FF844CFBFD288503E0A
:10ADF000A04BD93ECC7C8C3F0E9673BEE622203E03
:10AE0000C69524BE4E0CB1BEC783C3BE585E9ABF62
:10AE10004349ABBF525CD9BE82D78BBF33C7C0BDDD
:10AE2000BE78AF3EE838113D097299BFDA77AEBD02
:10AE300095B764BFA799BEBF1DDD1DBF635D5BBE37
:10AE4000A235CF3E0EBCA9BE4B1248BFEE4B95BFFC
:10AE5000C2C12A3E0E7151BF65D5B7BE5E45643F83
:10AE6000299250BE73C2B0BF9C1C923D22F687BF90
:10AE7000AB7F86BFED13883EFE8E1ABF637E2CBE6D
:10AE800097A91A3FC294543EEB7265BF91532DBEF1
:10AE90005637823EEDFD54BFE466833E42B93BBD6A
:10AEA000A8A7DE3F4E9FEE3D1B0FF93E733FE0BE6D
:10AEB0005AFDA8BE1F88DBBE55DE423F6E57DD3D02
:10AEC000DA0929BF78E00CBFA179A53F62629BBF78
:10AED000CA9DC03E4840EEBB4D5AE3BE2ACC1F3F40
:10AEE000E52F3D3FC7D553BE26B84B3E32E3BCBE2F
:10AEF000030AE1BE2BD751BEA53FB2BFFF4E50BFE4
:10AF00000941F93EF4BD2ABFE6DDCD3E9F10933CDA
:10AF1000DDBC22BC228FE63D3975BF3E57763C3FF3
:10AF200043DB2DBE4F4313BF05B095BFF5DBE3BE3A
:10AF30004EE9A7BF8D31433E45ED363F914A003F74
:10AF40003F42BF3E6A91883FF337BB3E02AEC93EE7
:10AF50005C59FBBF1F04293FBF719E3F9E9D12BFDE
:10AF60000E5AA6BF23F85FBFEB30CEBEC7B88B3FEB
:10AF7000DAE9803F7048E43C010284BFF34802BE36
:10AF8000D39C053FE9828D3F8E0F8DBF436B80BF01
:10AF900062B112C099EFC83ED15050BDA46F9D3F21
:10AFA000C2921A3FC7EC84BF6DD83FBE4B63A63E2A
:10AFB00068981440DF31B7BEC779C8BE62C783BF87
:10AFC000EB5B5A3F2674253FBA1CC6BE4F5FBA3FA3
:10AFD0000BF51FBFB0B2323D29FE7BBF2616A43E43
:10AFE0004618E6BFFEEB073F1666B8BF5A0AA13EF9
:10AFF00034D6CE3EF02343BF4B7C3ABF03E3ADBF14
:10B00000707F97BF63BF193F3260093E9D59BA3EBA
:10B01000C0A058BFFECE2A3F42E99FBF8C52093FD5
:10B02000286C97BE902A09BF6CE4C53E7271E53E5C
:10B0300074A3A2BE61CDE5BE16F04ABF010326BFD0
:10B0400030B8813F6E81B13ED7BEE53FF7A48EBEDA
:10B050004F77473FDCF5BABE76E185BE16FBF33F7E
:10B06000402CD1BF480E73BEA432BABFAB5096BFBE
:10B07000D59AA3BFC761B8BCABD9603DCB198D3F92
:10B0800097358F3FC04F353F9B95FD3E818D0DBE5F
:10B090005362E03DAD3D9C3E7D31963F95262C3F71
:10B0A000197D94BD10B9E43E9D97A33F2FB302BF15
:10B0B00062A48DBF52F1FF3B140320BF4F76F63DD3
:10B0C0006134C53EA1D88BBD3C7D5C3DC521423F6E
:10B0D000FD9B37BF0921923E939A213FB0361BBF9B
:10B0E000AAC9493F9A44203E3622413F0A2CCBBF91
:10B0F000BD0B8DBE32FF08BFC19D2C3F27ED03BFA6
:10B100007820843DA56D223FC982BABE1B2C0EC09B
:10B1100083038F3F3D930C3E6644F33EBA7D58BF98
:10B12000849F283F03A96B3FEDA915BF8B57EFBC48
:10B13000C097A8BFD0C9213E7D2A06BFCEBB943D93
:10B140008507803FF9195C3EC6655B3B05DEDE3E48
:10B15000ADF9643FC69A3B3F73A7303E510354BFDD
:10B16000E6A1BBBD20683A3FD054A43FE4C1ECBE89
:10B1700056FFFD3E20AD823D2408623DD72DC2BF63
:10B1800059C4583CE00D923F7C8B703F74C6313FF0
:10B190001E96A23DD4166D3FB6DBA0BE9837463F43
:10B1A000021962BF618C4F3E4F7EC83CB2489EBEC2
:10B1B0002AC1F3BE07E9F13E413075BF6DBAB5BE95
:10B1C0005193423FA08E3B3F99A68A3E0E39BA3D2D
:10B1D000C91D53BFE7585EBF81F9863F97D082BE35
:10B1E000479C5FBF8132013D486D3CBF5DFA09BE9F
:10B1F0007A73B43FAB7C0ABF56C83BBFAA8A1E3FD6
:10B200001CB5B8BE8C5D60BF9A3C3FBF0C3084BF9C
:10B21000462BEFBD24D52540E33D12BF349A973F1E
:10B220008A9E0DC008027C3D9237FCBF70AAC03FC9
:10B23000802A10BDDDB8923F9D45FFBE1309DC3F5B
:10B2400096B417C0579CF73EC54C853F4551403ECC
:10B2500053E3E8BEECF10740C6CB214034441A3F2B
:10B2600033CDD4BF1CBEBB3FF6A8EF3F3B783D3E7D
:10B27000CA0C463E411F6A3FD18BC3BE0BF314BDBF
:10B28000826C1A3F55BEC93E8969813FAADD04BF61
:10B2900090A101C0E1C2AEBDA24B0B3F8324BA3ED8
:10B2A0007720A4BF20D15BBEACE3CD3E0ECE943E52
:10B2B0008568553EC08A33BF00F0523FFF4EC63E00
:10B2C000CF97593E9FB80FBF54E9A5BE9306233EC2
:10B2D000E4B2163FB939A23FFCDDB1BEA5AA29BF31
:10B2E0004762913FD7994D3E791C503E00EF133E87
:10B2F000C029823F475E433D4B98883E30B861BFCE
:10B30000C2B2EB3D9EF4D43EEBE5F2BD0593953E13
:10B310009682AFBF1F91EFBDAEF6873DA9DB973E8A
:10B32000BFCEC5BE6805F7BEACFC003FC07E9F3FE8
:10B33000664241BFB78419BE7C3A603FCFB33A3F03
:10B340007F00E5BE6386EC3E5997D7BE11E9F0BE9B
:10B35000DE495CBFE504B4BFD4B9783EEA0314BF4C
:10B360005397333EAFB4113E0E90B0BF524D85BEE1
:10B37000E0BAB6BF1D6E79BD3EE5C73FDD7450BE75
:10B38000433F553F147BDFBE3E4313BF2E81993FA1
:10B39000B4F98FBE93FDEFBE863FB53F2C0BE3BEE5
:10B3A000FAA396BE65C704BD3963AC3FA735AA3F73
:10B3B0000658FCBEBE1803BDD0EE5FBF04AD8F3F84
:10B3C0005442BABE108E3C3FD23773BFCE563FBCFC
:10B3D000A0C416BE3F3D1BBFEEE56A3F1A0291BEF8
:10B3E000C92EF53EFF16DEBEE4D0ABBE712F95BF71
:10B3F000B36F063FCF0195BE4ECB003EEF6722BE36
:10B40000B8098FBFC3DD373ED9013E3F8AB7BCBD07
:10B410008AB7573F3305EC3E1EAA0BBE3B8A973FC7
:10B420006D75C5BD8693073F7A005ABF67A1B0BE50
:10B4300077FAC7BED407BE3EF9D7CABE7BDF6FBF5F
:10B44000DCA6693FAC5F4DBF6F20A83F1D5C1DBEF1
:10B450005AE895BFB7A730BF8A663C3E8F752A3F32
:10B46000A97458BE0547893E420498BF2942473F08
:10B47000A15E533F40C34EBF3B6051BF03AAD63FBE
:10B4800030F8963F92EDE33E502230BF1B4038BF6C
:10B490005477B5BFE39B32BF9E558EBE9919653F69
:10B4A0003E17F73D555FBABFE8C8603D861B423F77
:10B4B00055CFE8BD0FBC7CBE4B8F8CBF15C3AABD5A
:10B4C000638CA63F7FE60D3F80BF2E3F17950E3F52
:10B4D0003E35673E991E0DBFD3B0053FA71C863F82
:10B4E000105EB4BCC142163F046939BE358D4E3F73
:10B4F000B78F673F647F9FBD2B8842BFF73F1A3FDE
:10B50000DFD725BEC6F57F3F0A0118BF5E18573F3B
:10B510002A9363BDDC4AAA3E437E233FF4FDF0BE7E
:10B52000F9C54B3E1DA091BF7CD0D4BFC2F34ABF2A
:10B53000D02AE53E02324D3E29D506C04473243D53
:10B54000FF1B193F0E2E803E0C6F0ABF88DE02BD26
:10B55000C1D4E8BF1F8C2F3F79F2C83F774F5CBF43
:10B56000189CB4BEAD83533FF731C33EC16AC63F9A
:10B57000F2C62B3F03F7AB3FA0FC8D3FEA0190BD25
:10B58000DF20813E2ABF06BF4C4EFE3D7F8906C0AC
:10B59000DDFAC4BFC43BC3BE6A25EB3C0C53E5BE19
:10B5A000F12FB8BE6BE294BF8A58F23E3340C3BE5F
:10B5B000D6DE9BBF1360733F49F3D93EDE27A13F20
:10B5C00052012FBF3FFEED3E3F68A13F4CEF0ABF47
:10B5D000EC6F1D3E2491A6BE3E4E653F009A423F51
:10B5E000C5CCDD3F80705F3C47B4A6BF82C4B93D87
:10B5F00062D893BFFAF0683EAA81E9BE2DB1B73F89
:10B60000915A7C3FE39A1F3E2D1844BF7361843EDC
:10B61000B893E03FB6C7963F8FCE89BF659B993EF2
:10B62000268510C059398D3FD969E0BD82CFE83BEE
:10B630008F674EBE3B52403FB0D5393F3ECD833E33
:10B64000687BE23E4551C2BE3833183FE2885E3F18
:10B65000899763BF8745163FCF7F093F9F4421BF2E
:10B66000F48F0CBF61CD19BF09D4AD3F46EE35BE96
:10B670006D570BBE22E8223F6D4DD3BE12D08C3CDD
:10B68000474A18BFB801643F6D95243F4D2FA63E31
:10B69000F915EE3D1D1A063F8B2E1BBF9A898B3E76
:10B6A0001D88D13E987A413DF3C2BABE01408B3E1F
:10B6B000BF660F3DC38CA13EB399BBBF1CDC5BBF13
:10B6C000A37C94BE1D10613F2CB5283F5B4DC13E4D
:10B6D000AD3444BF4BC1C7BE65C644BFBA5D0D3F64
:10B6E0000B1BB53F60AABE3F00BABC3E7B1983BEB0
:10B6F000FAB2BABE93C90FBE1893EA3D102D89BFA6
:10B70000536313BFC6E983BF197336BE68507BBE4F
:10B71000A42098BF2431493F37220E3E5F31CB3FF2
:10B720002DB5A7BC0CAD1DBF65A7423EF616BDBE2C
:10B730004DE3A9BE01000B3F78DB1ABC8502073E32
:10B740000C1C19BD08FB213E88529B3EF63B143C65
:10B75000DC7ED6BE97A001BFAE64F83EBAA16FBE34
:10B76000A91C5C3EC80784BE951CAD3EB2AE743FBA
:10B7700044B6A4BF960F69BEBCE08BBFEF9C153EDC
:10B7800020B508BE787AB1BD9EEB4ABEAE44963F66
:10B790005DD337BE5B9F08BFBBC0D83F2C32AA3EEB
:10B7A000B4AA03BF8D63943EDE685BBF141E08BF5E
:10B7B000454606BFC6FF5ABF835E153F8BC6A1BD77
:10B7C000D0F343BE1772453FA4D349BD8476C23F30
:10B7D0005D9C62BE8785D9BF300A57BE28168A3F56
:10B7E00074CE27BE0C160F3FD0FFDE3F73FA47BF63
:10B7F000DC6C4C3FC5CEC8BE50DA8DBFB37BA5BD57
:10B80000B83652BD62EB4ABFE681173D3FAA55BE2E
:10B8100067737E3F42965ABF48EDE53FB1F9933ECC
:10B82000F7AF723EE3A5DABF3636BEBFD72EA43ED1
:10B830003CC11E3E34ECD1BE7ED262BF5138D9BD70
:10B84000FAF6B93D515B183E9CBB8DBFFD94003F9D
:10B85000F34D333D140DA4BF1C1A64BF9C4FDABED8
:10B86000E4F51EBFD43E35BF8DED85BFEE1D94BE01
:10B8700035DD873F220CF73E7CEA0CBFA99879BFE3
:10B88000E5D12DBE1F55223FF6F33ABF7887C13D63
:10B890005A00BF3FB63584BF06622EBF825AFBBD39
:10B8A000320A123FB71B03BF38D6833F1442B3BFDF
:10B8B0000B5DCB3F997F134092E2E1BC49718ABF97
:10B8C0001238DC3E2ADC73BEDB043A3F7B96513EE5
:10B8D0006D9221BF5DF16DBF4E2AACBEEC5993BE97
:10B8E00004A0423F783994BE89AD823FADA04A3F63
:10B8F00012D9B93F4063553FD3C9A33D8A6F903FEA
:10B900006F37D6BEE3A64CBFAE6F1CC0514C27BEEE
:10B910004EF40BBFB6CDCEBEC06FA63EA81B59BF1E
:10B92000CAD3F6BFFD128EBF802DF3BEFD09063EC1
:10B930009A0CD5BEC58683BF43CA8C3E0278213F90
:10B94000A3D694BE674A6FBD0EF4903FD529EB3E57
:10B950002732C43E4DF91CBF2F4F193F21332E3ED5
:10B9600048B97ABEC6B99BBEE65705BF3A3701BE95
:10B9700063C1FD3C7355CABD0DCE043F7FA3B8BE65
:10B98000FA8BD7BEB455F83E1FBC87BE2AAF003F26
:10B9900018ED393F226CDFBE1A33AC3EEF7D18BE86
:10B9A0007E4F153FB03AC63EEABB93BDE00456BF9A
:10B9B0009E0B883EFDDBF1BEF8F7E93CF606B7BD0D
:10B9C00096FF013F44DF053F0E44FEBD858F95BEC7
:10B9D000DBC9C23FBE5039BF0F5C76BE3DE879BFC0
:10B9E000C43BC5BF3ED271BEF1B943BE143AD73E87
:10B9F00071EE823FC376BDBF3F5875BF31A65BBFB6
:10BA000003A021BF931F5E3D31DCC53DC9D669BE91
:10BA1000BE6491BE48ABA93E837B623F2906A8BFA6
:10BA2000006282BFFD1EE03D2109E13F5C2ED03A5D
:10BA300034F689BD874F323F497B7DBE7EA5D43E1B
:10BA40009815E8BFF8879A3F7EA3BC3ED1E7BCBFFC
:10BA5000017F07BFD0C8973F5BDDC43F185F6ABF57
:10BA600093CD0ABFAD51B8BFD7DD7C3FBEBD4B3EC5
:10BA7000B839403FACA370BE6F12703EAF6B92BE40
:10BA8000CFD9833FE8541A3E434C93BCD0DE87BFE6
:10BA90008104983F019473BF86CF2C3F91F484BFFB
:10BAA0008D94723F2081C0BD4069793EA39506BF49
:10BAB00001A2B53BD0CFB93E16701CBF164322BFC2
:10BAC000971281BF21C9BB3DB0BFD5BF8466443F3B
:10BAD0009EB7863F253A873FAC185D3FA5B694BF19
:10BAE00079DF9A3E6A94183FB62EA63EC326C1BDA2
:10BAF000EF9FA03F9DA7D3BDE0C80D3F12A6E03E3B
:10BB0000F020D6BEE93560BFE5612D3D5EC741BE80
:10BB10000ABE303EFE0C70BD0452183EF61A30BF0D
:10BB2000CCD48F3FB4EF23BF2C8DC13F1D12493EB3
:10BB300024071A3FC4F9D03F407544BF8ACC7F3EEA
:10BB400053FC2F3F239456BF37A44EBEA9C86A3E6C
:10BB5000F1C605BEF959DD3E9E120F40ED811BBFB7
:10BB6000EA001ABF9B3C1BBF9506033FACCC22BE2C
:10BB7000FB23AA3E883B593F3272A13FA58AEEBF04
:10BB8000F8052A3E151EEC3F2370F7BEE749FC3E40
:10BB9000ED4AD8BE9B91DEBEA0550E3C9D9572BD70
:10BBA00062BF9A3F92742FBFFAAAEABE297B8DBF6B
:10BBB00015A01D3E2409FCBDB21653BF37F58C3EBF
:10BBC0005E2EE3BEA21DB23FBA7A85BF8CD9053F77
:10BBD00073A7A8BF234E31BFD902CA3F48BBBD3EA1
:10BBE000E28CD73F9E5AA4BE6279733F816379BECF
:10BBF000970F83BE6960883F50419B3F24D4A2BF0A
:10BC0000AC67DABE7A5917BE99FE03BF28C5153F47
:10BC10003642603FB134083FEB68C83EAA9A133FF2
:10BC200059E7A5BF7B0B433D3DDF09BFCC4519BF9D
:10BC300096167C3D17E0813FCEC443BE02943E3F42
:10BC4000297FDE3CF6E7D6BDDF82383F07CE1BBF3B
:10BC500053C749BF0D1CACBE46D2EABE0054D7BE86
:10BC600060FD6FBF562E0A3FFA10E9BCA68314BDD3
:10BC7000D81AAA3F95D0413FC542CC3F6D30803E97
:10BC800012AE373F3EA9F2BEE3059ABF2402C9BFF8
:10BC9000A56ACCBE8C19203F537313BE2D4121BF22
:10BCA0004CB2CC3EA823233F5D0693BFA3BEB43E57
:10BCB0003140B0BF207290BFDEF25B3EB6D041BFD4
:10BCC000D98D0BBFB0B976BEB8DB953F81E4843F18
:10BCD000C29E00BE21581FBE87CD033E8595BDBDC7
:10BCE000923698BD2C7065BF314F64BEC307573F75
:10BCF0008D48D6BF71096DBE94F4BABDA73ADFBFB7
:10BD00003D7E19BF00E8AB3F5BED423FAF681D3E93
:10BD1000DA2E80BFF1941DBF3048B8BF9E82E13E4D
:10BD2000F74CB83E671B8ABF4D8333BFDA8FDD3EC9
:10BD30004DEFD5BF014422BFBFC6D2BEA2528C3F39
:10BD400026563E3F7F1087BF5A6AB7BC08ABB93F43
:10BD50001260583E1CFB5B3F6EEA12C09D21E5BE9F
:10BD60005FE8EB3F1B1D81BF17766CBFD65D5F3F61
:10BD70008D32373FEC85D33F9F00F7BF727CBFBF4A
:10BD8000D3B28A3F9EC4F83F7CC0603F587E3EBE1F
:10BD9000AC8135BF7FE6143CA411323EB64BA83EC1
:10BDA0009847443F0DB964BE99E66DBF1023EBBEC2
:10BDB000336D5DBFD8C905C048E4AE3F2C56A2BF65
:10BDC000AE3AC8BF3F5DA5BC197EC63F49DA0FBF7A
:10BDD000258E8CBFEDF77CBFC3434E3F4C3B85BFE8
:10BDE00036C4803E522CB93F5607C63F85653ABEE1
:10BDF0007AB78DBE223F7BBEECCEABBE96F48A3FB7
:10BE0000BD7CB23FF50A423E036EBABE52FB7A3D9C
:10BE1000DFBB0ABF539FC9BE9AF30C3FB077AFBEDA
:10BE2000CFDB9F3FEA7913BF29E8423F2CC8C63ECB
:10BE30007EA516BE1E1E4ABFEFA156BE33E4C1BE8C
:10BE400077AACCBFA101C63F1B42B6BECBCA17BF63
:10BE5000F3540E3ED6F96CBFBC7529BF5F4AA8BF2C
:10BE6000F38543BD60097B3E231ACCBF3DA69CBE33
:10BE7000802F59BF6AD85A3D76658FBFD20030BF38
:10BE8000DBCAA33E2C7307C0F0595C3FF5EB833F40
:10BE900028C3483EC99612BDB565AC3F05B1823F87
:10BEA000E06FDE3E54BE083F0BDD85BFD62C9B3CC9
:10BEB000D169F53DA398903F4496963E839A5DBF25
:10BEC000F6BA383E7984343F54F5273F16AF773FB2
:10BED0006DF0A63F547485BFCD7BE83C7387393E37
:10BEE00044763B3FD52F10BFB44625BD5333523D5A
:10BEF0006085BD3FD094F93E48012BBEA40EFABE2A
:10BF000083F225BF90506EBE6658FABEC1D8333F4B
:10BF1000E6434CBE9F43C13E54275DBEA093CB3E3B
:10BF20004583D73EA7BAE6BE046AD1BFC04DE7BF7E
:10BF3000F9892D405D0DC4BDA8807BBFA40A053FD3
:10BF400033C712BFDBD437BE78E54CBF755393BF00
:10BF50005FAC3F3F43E2EABE58FBD0BEA4DA2C3EC2
:10BF6000CB074ABF0F2853BF71A9343F380B733F2B
:10BF700052F609BF1AF087BEC0DEA6BE7E3B16BFD2
:10BF800098298EBF7BE2AC3E543547BD74317B3F70
:10BF900030E114BE369945BFCE051A3F950184BFE6
:10BFA00081F88B3B1C48143FA7BB9D3FC51AC33F7C
:10BFB0009F2F41BD90B46BBE9AC19FBED0FB31BFD5
:10BFC00066DE023F3981743E949D683FCCEE8A3E26
:10BFD00009D26F3F841BCE3EC4539D3E418EF23E3C
:10BFE000BA62A03DE8CA70BBA2C0483EF3954C3F80
:10BFF0009ABA1BBFCEB9DEBC08F53ABFCAC8B53D78
:10C00000DE01A7BF003C0CBF4326A4BEBA6B6BBFCA
:10C010005C736CBF47FA8F3DFDAFD7BF58A974BFA3
:10C02000E15C683E2B26E13E4FDB8FBEB65D37BE3E
:10C0300002110C3EAE010EBFCAAE34BFC2C148BD34
:10C040005C7608BFB15732BFBBE4DC3FCF30D53E92
:10C0500054E30D3F98178F3FF959793F8865CBBE60
:10C060007A0DF1BF6E6E18BF3C908EBF0CFC9E3FE8
:10C07000A8A9C5BE449794BF4CC05C3EDC69CB3DCB
:10C08000EC2E0A3F1207F3BE45BFCABFB86A043F91
:10C090002B824A3F0FED2EBF67041B3EA54B363D5A
:10C0A000AC743B3FC1D72B3EC37ED8BEA4799C3E27
:10C0B0008E49D9BE9DC8C9BE2324AB3ED9FA2ABE3B
:10C0C000F8EBF9BDC557193F76CDCBBE3118F6BE9A
:10C0D00086353C3FD19054BF37AAE8BEE5A5CF3E98
:10C0E00039927ABEA36C5A3F7AEC633E1618C13E71
:10C0F00006730B3E4819133EE03443BFA043353F5F
:10C100006BD37D3E36E310BF74ED133FCC1E83BF6F
:10C110004120113F744407BE6ED001BD0201F43EC0
:10C12000E8EF8A3F666323BE867E3E3EB18417BF3A
:10C13000C0CFAEBFA2C74EBFFA5981BFF68020BFA5
:10C140003D74233F0ED13D3F091721400517A7BE7F
:10C15000CE1097BE79FB963FC1EDA33F36BC7ABDAA
:10C160008200DE3C186041BF1B74A53F73E76D3F42
:10C1700000DE83BF80CAE63E5C37B4BF5474E13E44
:10C18000790CA2BDBC461ABFD9DD98BF083E07C0D6
:10C1900083EC04BECEAB7C3F19F751BF7080E0BE8C
:10C1A000BA66083FCB43353E251664BFBEC871BF93
:10C1B0004E50F3BE6E3CD4BF9AF0ADBF4DC97CBEAD
:10C1C000AA482EBFF29E1ABF44046E3E4DB9DCBE93
:10C1D00096BC863FEBF2E23ECA40F1BEEB0C3C3F20
:10C1E0009AC5633F502B383DDF69B5BE49F2E5BEC5
:10C1F00089DA56BF69C76DBF171A8B3EBBC539BFF9
:10C20000EE308DBD64AACFBF2AB35CBEE634543E87
:10C21000CB4487BF15BF3C3FDB8F063F6A07DDBFBE
:10C22000591E5A3EDB24B1BE2C317B3F5796BE3D92
:10C2300023D6A63EFF3E41BE9A9973BF550ABC3E27
:10C24000D8EC88BF4E96353FAFAA863C6C11113EA4
:10C25000497591BF8C38C0BC08DF4F3FEBA9363E13
:10C260000415C03F5173BE3E76D473BF06D996BF46
:10C270004DECF5BE5489AB3E1839BF3F668C7E3F0E
:10C280005DAE9C3EB8C26E3F13EE80BF88C479BEDF
:10C290002B8AF13E890FB63F804D2D3E48CF97BF88
:10C2A0008615F0BE6BC683BE418FC03F4868F1BEA5
:10C2B0002DDD4DBF2CEAC3BD33ADD5BF06C524BFB0
:10C2C000E3A98FBEA4320C3FA73E8B3FAEAF69BF40
:10C2D00034F6E7BE21C6E83EC3D4B3BFA9515EBF62
:10C2E0001086C43FE9AFDBBD3D42ADBFFB9AA4BEA3
:10C2F000F29302BF5F8D7BBFD7DBC93F5AED063E8D
:10C30000CE7537BF6BF89C3FADF6473FCEFCB23FD2
:10C31000A97E8E3FD56A953F467487BD2B4B19BDCC
:10C320001BE0803EF7B9BDBEF05524BE0BD3C73F1E
:10C330006F6C3A3E9283AABF96AA79BDAE0055BCF7
:10C3400096A6933F823B58BFEB6081BC23EECEBFE5
:10C350001FD0393F35E176BEA883EDBF1B571E3F86
:10C3600027C0F8BD08DB8A3EA81C653E8E651E3FCF
:10C3700037B41DBF0AAD673EA741EABEE10E1EBF3E
:10C3800066C15DBF8AA5A33F36D5563FE857254015
:10C39000F7E41FC0CB2E14408D35EBBC909972BFD3
:10C3A000CADF813FAD86483FBEFAEABE23A611C070
:10C3B00038F17A3E1FB4BEBF32A4C33F4C27B0BF92
:10C3C0008485FC3F6FCFC9BDDCAD733EC8010CBF97
:10C3D000B2EEC3BE5586B6BF7E9557BEDB2C38BEC7
:10C3E000FF9740BF47BB9E3F86FBD53FF6DA5DBF58
:10C3F000987796BF0DF88EBE52348CBF7C4BB1BE81
:10C40000143091C060C4CDC0E75D46C0968F6AC04D
:10C410004C86BBC026FCB5C0F05F8AC0E0584FC058
:10C42000143ED4C06F78B7C07A93D0C0D1043EC058
:10C43000E85FADC0AEC9DBC0B68459C0FE9FDBC0AB
:10C4400099B01BC0C51649C0F94875C0DADF54C0A1
:10C450009866A8C044C6AFC0DEE7C5C09EAF63C043
:10C460000BEE6AC056E5DBC082B1BCC009EED6C097
:10C470009F7FA9C0DE4C1DC0F4A76BC038019CC0D3
:10C48000EC7040C07F3D58C023BB36C0CA443AC0A0
:10C490007D8BC3C0494AB5C00A3B9AC0DFDA64C08D
:10C4A000325DC2C0F50087C0E1839DC0425E62C0BC
:10C4B000A21025C0F091C0C0513DBCC0935ED8C051
:10C4C000A96864C0662AB9C01B2AB3C0C267C0C0CD
:10C4D000885EBFC0BD2F9EC0C55388C03667BBC035
:10C4E000393080C0F8F814C07F96BFC0B46CA6C0C5
:10C4F000F219D9C0B3CFC5C016A4BCC07E2DB3C03D
:10C500007C4D79BFC990E9BEE1B1D4BF867BE3BF62
:10C51000B6D365BF177A19C00E89D9BF88CED1BFEF
:10C52000B5D4E4BF1340DFBF575FCBBFCFE2ADBF91
:10C530003F6617BFF6A246BFE01E9CBF977883BF39
:10C54000391B8CBFC8C85DBF4C9226BF19A6E0BE80
:10C55000095E00BF636858BFA3F357BF0DCE10BF7D
:10C560000D1A20BFE33B41BF2FEE39BF97A52EBF69
:10C57000921E1BBFDC7A4CBFE5133ABFDA0B21BF1A
:10C5800014400FBF45835FBF422E81BF0C6266BF60
:10C59000D0228ABFBD9F72BF7DEE13BF77654BBFB0
:10C5A0009FA92ABF35CB49BF21D693BF04351CBFF5
:10C5B0001DB5C2BF070A1EBF9B8B98BF4A2D6BBF1C
:10C5C0003036E1BECB83A5BF6FCE99BF5503A1BF67
:10C5D000A09DAFBF580784BF8FAB43BFEEE484BFBD
:10C5E0001C9DD9BE97DB07BF7A45A0BE237959BEF3
:10C5F000DC1EC5BF201BD1BF0AC4A6BF1602A9BF3F
:10C6000000C416BFB1CE78BFA57171BF80681CBFD2
:10C6100005A019BFDAB34BBF1369C9BE6D0573BF5F
:10C6200078AEEFBED90350BF6CF63FBF881CA9BEE1
:10C630006CAD49BF080F59BFDC0A41BF357E61BFF1
:10C64000AB5C28BF2443FABE553436BF08E151BF66
:10C65000925639BFE44135BF6B665DBF2D3A50BF7E
:10C66000112118BFC66119BFB99446BFF4FC34BF8D
:10C67000584620BF739953BFF44B21BF0FAE14BF70
:10C680002A583BBF3325B8BFBF5297BEDAC94DBF4A
:10C690009EBF35BFBCE468BF4CBF37BF9F8137BF6B
:10C6A000F2AF68BFA8E64FBFAA4A7EBF0BA54BBF3B
:10C6B00015880CBF5EBA5FBFEECD3FBF2AFA75BFCB
:10C6C0007B803DBF4CEC16BF531E42BF7917C6BEE0
:10C6D000326A53BFEB8E80BF114419BF03551BBF95
:10C6E00091704ABFEEE61DBF73CE1CBFCA8A2DBF34
:10C6F0006F233ABFD5DE21BF9CA92ABFFC9445BF5A
:10C700002B8041BF098807BF33BB01C05D4378BFA1
:10C7100015559BBFCC6AA3BEBC7FE7BF417ECEBF91
:10C720007DE85EBFCA5E82BF98104ABFF1579EBFC8
:10C7300077E827BFE31901BCCB2422BFED8C73BF80
:10C740005B9F38BF10501EBFB67FBABFD9E376BF1C
:10C75000428B74BFB4D22FBF2BD2D4BECA3F21BFED
:10C76000F28A5CBFE8626EBF86164BBF8F4C68BF13
:10C77000BFE792BFD49FD4BE93990ABF2AE88DBF6A
:10C78000BF541CBF2FC38EBFDF4195BFA8638FBFAF
:10C7900044FBA8BF715FC8BE85AB4CBF7B37A4BF4D
:10C7A0002A205DBECCDF79BFD8EFDBBEF44188BF65
:10C7B000CEF0CABFD898CFBF3DB18FBF727EEDBF5C
:10C7C0002605C4BFA1C8C8BF3310B8BF380A8FBE82
:10C7D00059ADB6BF72A96FBFB800DBBFCE5B9BBFC0
:10C7E0001B8CBCBFE023D4BF6012E7BF10F5D2BEE4
:10C7F00055F4AABF824492BF0E130BBF1C20B5BFD5
:10C80000154029BFED6730BFFC9361BF2B088DBF7A
:10C8100065DBACBF719E8CBF78D1F7BE37B012BF5D
:10C820003C4032BF47811ABF143118BF58E51DBFC5
:10C83000787729BFFCF44ABFF9201DBF58DF26BF17
:10C84000543144BF1E3612BFBFC326BF761A36BF4F
:10C85000AF3532BF1AD622BF111235BF705351BF48
:10C860000CFA44BFF1C33DBF303142BFEA6427BF79
:10C870002E8B32BF63AD5CBF575D2DBF10C130BF83
:10C8800085C034BFAABF33BF7A502FBF1B0331BF4F
:10C89000F8D32EBFA1C22EBF6ABE33BF91242FBFD3
:10C8A0001FFC2EBFF77232BFA98833BF4F6F30BF56
:10C8B000461130BFEFEF2FBF2CD231BFD63B32BF76
:10C8C000E3E131BFA0D62FBFEA0032BF92DA2FBF1B
:10C8D000A69D30BF1F5F31BF942531BFC3D531BF87
:10C8E000165132BFD5E331BFD3F731BF90FE30BF11
:10C8F000666C31BF9F7331BF952431BFC67B31BF9A
:10C90000A8F62CBF108C30BF0CE628BF011F21BF3A
:10C91000135C34BFABAA22BF537248BF0C853BBF28
:10C92000B21D16BF336524BF792C2BBFDE262CBF6A
:10C9300089E32BBF03BF20BF9FCA47BF5D7D2FBFC9
:10C94000BE3325BF87A20DBF1E2C2DBFFA7637BF81
:10C9500019C815BFC9094ABF038841BF415C1CBF44
:10C96000527538BFDF0145BFEEAF28BF96642ABFBE
:10C970009F2B3EBFD2BA29BF359E45BF00C334BFEF
:10C98000FFA532BF50170DBFE5DA49BF7AB485BFA6
:10C9900016E39BBF3ADF94BFFB1F77BF688E3CBF97
:10C9A0002DE462BF38316EBFA9769BBF0F9CB7BF25
:10C9B000B19CE9BFF22372BF776895BFCE20B0BFAC
:10C9C00074A5F8BE882DD8BE925F2BBF27878EBF77
:10C9D000E4203ABFD33E79BF46F885BF23FA8BBF28
:10C9E000D8EFC8BEE9FF93BF31E31FBF0CC892BFA9
:10C9F000525F48BFF2D096BF3D1D7ABF8A0226BF64
:10CA0000A99F2EBFCBDB37BFF2DA25BF19922CBF0F
:10CA100013E42DBF609347BFFFF237BF42AB36BF71
:10CA200009002FBF4C152BBF607D32BF07E335BF18
:10CA3000989430BF088532BF2C293BBF4E603ABF67
:10CA400027CE34BFF0642FBF452233BF8A1F2BBFD0
:10CA500090512EBF3E7C3FBFAA1025BFD52B1DBFD6
:10CA6000DDCC3FBFAF1A20BFEFE84FBFB2DD47BFFD
:10CA7000CE0330BFEFC727BF7DCD34BFC38C20BFEF
:10CA8000939C1EBF9FD286BFE1C626BFB6DA41BFC8
:10CA9000CCB33FBF35476EBFD9A14DBF9BC368BF65
:10CAA000CA0A17BFC60E98BF6E0521BFAE305CBF65
:10CAB00073201BBF519131BF5ACF43BF62ED07BFF7
:10CAC000150386BF602037BF750DF2BE56F52ABF2D
:10CAD0002EB50BBF75522FBF3CD213BF958B6FBFC6
:10CAE0001F1C44BF73A142BFD7DB20BFADA825BF29
:10CAF000ACD04ABFF5724CBF286B7BBF4C950ABFC8
:10CB0000144F25BF40DF27BF45AB1ABFD65EE2BE3C
:10CB1000FF3D64BFDFF02ABFDED137BFF64069BFFB
:10CB2000AB0055BF800B46BFAD67F2BE2EABF3BE68
:10CB3000C56631BFB484D8BE736527BFD1DB0ABFD9
:10CB40006B3415BF552637BF0AC937BFD01E61BF2A
:10CB5000BB1F3ABF9D092ABFE78136BFA0B50DBFF5
:10CB600056C038BF964241BFB30C2FBFFF5D2BBFED
:10CB70000D463CBF872F40BF3FF554BF644473BF91
:10CB8000500A53BFEC56D4BF080919BFD3C5ACBF78
:10CB90001DDEC4BF9A981EBF5B244BBF4C4C38BFF0
:10CBA000609537BFC8EC9ABFE15255BF53A99FBFEC
:10CBB000D3D395BF9771A5BFBA6C79BFE084ACBEE3
:10CBC00065539BBFC2FD41BEDC677BBE5FE3C0BF58
:10CBD000D4E6A0BF09D700BF03BB89BED953ABBF02
:10CBE000B7E967BFB4A760BF0D59E3BF75F707BFCB
:10CBF00036658BBF88608BBFDE5C12BF5D2E50BF79
:10CC000054DF1EBFD0631DBF488E33BFB3BCF9BE17
:10CC10000F1D6DBF9A905DBFBF3415BF75353DBF09
:10CC2000C38B41BF294634BF6D202DBFB12D32BF0C
:10CC3000EACC22BFAAA43BBF87D312BF568F43BF03
:10CC4000B75A26BF27280DBF9B8255BF07083ABF9A
:10CC500057022EBFE3FA28BFBEA235BF9F6E1DBF8D
:10CC6000F16949BFF2CA3CBFEC5F30BFDA8625BF2D
:10CC70007E494DBFB54F44BF205B1EBF37372CBF29
:10CC8000ECC987BFD1FF60BF8CC0F1BEDB25BFBF41
:10CC90004C2248BF9BB7A3BF372773BFAB6E66BF9D
:10CCA0008CA080BF1E931EBFD9719DBF2D7454BF31
:10CCB000B61C54BF9AA097BF0E69B1BF16D0CDBFA6
:10CCC000069EB2BFDE1E5ABF8402AEBF63C9AABFB2
:10CCD000C104CDBF701D5DBF3123A8BF9C12C3BF6F
:10CCE000BD34CDBFEDF97BBF8D7851BF23F49CBF20
:10CCF0007A9586BFB20145BF3A489EBFAA874CBF0E
:10CD00003D3A22BF194F24BFDD5129BF7FD63EBF18
:10CD10005D5639BFA0ED38BF57C065BF74D61FBF81
:10CD20005EEC36BFC7DE61BFCF0939BF412270BF9D
:10CD3000E08B42BFDB9C14BFD54547BFBCA456BFA8
:10CD4000A06A74BF144E41BFBBB03DBF676733BF1D
:10CD50000CA70EBF8B5128BF77541ABF501B35BF8D
:10CD6000C0B546BF16592BBF86462CBFBE631FBF3A
:10CD70008B9448BF80D84CBF73C403BF483B5BBF94
:10CD8000BB6033BFC1522FBFC7C22FBF0B8C33BF95
:10CD90009C9833BF2F382FBF3E8930BFB57B33BF40
:10CDA000717F2FBF168833BF944833BF9C9330BF29
:10CDB000C2FC32BF481233BF2D6931BF2D2533BFAE
:10CDC000A60A33BF332F2FBF703231BF571631BF82
:10CDD000D7BA32BFCD8331BFE60832BF9C0031BF26
:10CDE000201930BF22F632BFA82332BF3B5032BFDA
:10CDF00076E632BF9B9C31BF480C31BF0AEC30BF96
:10CE0000F52E2CBF0CBC42BF571828BFF08948BF75
:10CE1000BC9328BF322E4FBFD92B21BFE2C937BFE9
:10CE200017765ABF0AB444BFFB7B26BFEF8B2FBFD8
:10CE30006EDF1DBFAB0E42BFB7C937BF91FD43BF09
:10CE4000420227BF30AB18BF7DE851BF86922CBF8E
:10CE5000BF601EBF782D45BF18F128BF18B137BF7E
:10CE6000765622BFB95433BF3EAE37BF760730BFC8
:10CE7000C64335BF806D2ABFC0DF2EBF104B3DBFFC
:10CE800084A918BFD987FBBE8A5C36BF1F4710BF75
:10CE9000B68192BF876825BFFEC95EBF93A54CBF10
:10CEA00034FC21BFE49235BF161503BFD87F46BFBF
:10CEB000D92857BFCD5B38BFE7FF37BF2C2E47BF00
:10CEC00025192BBFCD2F3ABFF2821EBF9FFB73BF28
:10CED000D3D14CBF83D32CBF86435FBFDC5122BF6D
:10CEE000C54A28BFC0E11ABFBCDD21BFEFCB29BFB7
:10CEF000D19D19BF297B69BF5BAF42BF471F39BFB7
:10CF0000187231BF187231BF187231BF187231BF39
:10CF1000187231BF187231BF187231BF187231BF29
:10CF2000187231BF187231BF187231BF187231BF19
:10CF3000187231BF187231BF187231BF187231BF09
:10CF4000187231BF187231BF187231BF187231BFF9
:10CF5000187231BF187231BF187231BF187231BFE9
:10CF6000187231BF187231BF187231BF187231BFD9
:10CF7000187231BF187231BF187231BF187231BFC9
:10CF80002A133ABF82E267BF8C4918BFB7B32FBFDD
:10CF900091FBB6BF958B30BF088692BF3AA7B2BF50
:10CFA0004F8285BF5AF29BBFB76CBABF2B80BBBF05
:10CFB000E895D1BFD15F21BF598289BF540869BFAD
:10CFC000D0E55BBFC39234BF0C0786BF6B718ABFCD
:10CFD000201321BFDB44D5BE6EE485BFC2083EBF2F
:10CFE00054F23CBF144D38BFE69940BF41CB0EBF51
:10CFF00045A138BF590CC6BE798DC9BE5F6768BFF1
:10D000008F228FBF59F0CBBE8E6415C032E9C0BFEE
:10D01000C38910BEAA5114C06A3BB5BFA9151FC071
:10D02000A5FB07C02203F3BF63F617BF9498A0BF08
:10D030006C8B94BF08678BBE806DAEBF7AFE9CBFC1
:10D04000E6F91FBF028B00BFC47D96BF58A32ABF5D
:10D05000838AF5BED68A31BFAE6C4ABF475B32BF0A
:10D060000F2E8ABF1F8B85BFCF918BBFBC8B9ABF02
:10D07000AD59A1BFE1025CBF236F7BBE64C37DBF1E
:10D080007CFE3BBFB74448BF66213EBF145212BF6F
:10D09000CC2526BFC01138BF1EC138BF981E2BBF7C
:10D0A000994743BF982B13BF88784CBFC26542BFD6
:10D0B000AD1F54BF152701BF8AC937BFFE2A39BF2C
:10D0C0007D585EBFB9B060BF5EE74FBF165218BF54
:10D0D000607133BF9F5B1EBF73D65EBFCF5848BF22
:10D0E000F37028BF710542BF882826BF98B617BFC6
:10D0F000248838BF89DF31BF81AA40BF584837BF75
:10D10000344E23BFCB7A2CBFD6514FBF307349BFAB
:10D1100004EA2ABF670477BF048F78BF119668BFFF
:10D12000C92E58BFF5E531BFC94766BFDDC92ABF63
:10D13000B1D77CBF1C5567BFC99F69BF186858BF6E
:10D140003CED62BF4D9714BFD7792FBF81883BBF9D
:10D150002F2346BFA70410BF78B938BFCBFC32BF1E
:10D16000EB221EBF62F328BFBC5536BF42B345BF9A
:10D170005CE658BFA8EEF4BE614C53BFEC3CF7BE72
:10D18000459C0ABF215DEEBE75B97BBF5AA975BF2C
:10D19000248D63BF96F611BF7BCDC3BF50B29ABF3B
:10D1A00013ED03BF4C3DE5BE105598BF9CFC69BF15
:10D1B000DBB4B4BFAD70A1BF7AE235BF456D88BFA7
:10D1C0004CCB0FBF88EF5CBF99A374BF8673A9BF18
:10D1D00050328BBFDCE3C9BFD661BBBF98B88DBFEF
:10D1E000366980BF4DD29CBF4BE40EBF770A40BF6B
:10D1F00055D088BFF98FBEBFC05E84BF477383BF61
:10D2000024A735BF07E330BF806A31BF5AA931BFB9
:10D2100078D230BF63E531BFFC9A31BF3F2931BFBF
:10D220005B7E31BFDA9C31BFEE7D31BFB8C331BF09
:10D230000F7231BF388931BFCB6731BFE77D31BF56
:10D240006B7C31BFB85831BF1A6A31BF547D31BFD2
:10D25000E58B31BFFB9A31BFB06831BF886731BF02
:10D2600073A431BF686531BFB26F31BF4C6931BF44
:10D27000399831BF1C7431BF016831BF606E31BF56
:10D28000CB1322BF1A3D3ABF893F2FBFCBD074BF0B
:10D29000E6FF09BF1F830FBF614B44BFCF74BABE07
:10D2A00024029BBF87165BBF9D1D90BF74C926BF1C
:10D2B00041548DBF062B7DBF9A748CBFD66E01BFC3
:10D2C0002BDF95BFC9E9B8BF78F985BFA8CE45BFA8
:10D2D0004CC05FBF8C5B51BFD78D41BF19CC65BFC0
:10D2E0000D6545BF9B7F84BF686EBFBF49E171BFBD
:10D2F000D2E81FBF805B7DBFCDD921BF9BA09CBF63
:10D300005EF61FBF74A11BBF566D1EBF32E20DBF7C
:10D310007D9107BF99FB5ABFA9FA52BFA99A64BF72
:10D32000009AFFBE72554BBFDDE435BFF5253BBF0C
:10D33000A4B63EBFFA125DBF62CC77BF0B4823BFD5
:10D340003AAF1BBFA8F868BFA096B1BF6B085FBE1D
:10D35000A4F4CDBE0E0F2DBFC1D852BF14C20DBF55
:10D360008CB64ABF42224DBF16798ABF8D0291BF4B
:10D37000EB8B05BF365A8FBFBA950EBF3CAF7CBF53
:10D38000BEA114BFCEEE75BFAB75B6BEC22C31BF09
:10D39000469164BF3029FBBEAC2A6FBFC6E122BFF5
:10D3A000F2F071BF807965BFE100CFBE364EFFBE9F
:10D3B0004F9D6DBF12AE19BF08C95ABFA53105BF39
:10D3C000EF3527BFF3D8C5BEA71067BFE89515BFD7
:10D3D0001D6611BFDF4E12BF788D6ABF67A01EBFEA
:10D3E0003DCB29BFF19B2FBF423074BFB6163FBF64
:10D3F000E38F66BF6DF000BF50C114BF3BB92FBFB4
:10D40000BCF332BF59FF5BBFBA6494BFF3F890BF5F
:10D4100018E011BFD2141DBF971283BF522E1EBF3A
:10D420008CD683BF017232BF3C8005BF808C46BF63
:10D4300064FD3FBFCF8841BF025642BFB0242ABF20
:10D4400059C008BF30862CBFE4A63BBF35D646BFC7
:10D45000597E35BFE9CC3FBFF97A2CBFB97D2BBFD0
:10D46000FD9C42BF575E24BF2A5C34BF73834CBF10
:10D4700059C83DBFA14729BF07E546BF449727BF0D
:10D4800062DC53BFFCE4A3BFD4C80FC0808DBCBF17
:10D4900016B38ABFF1E4BEBF02DAA9BFD8E7A1BFC5
:10D4A0005B1DA2BFAEA700C06BDDBABFB0ED8ABFE7
:10D4B000407281BF94B603C0C4170AC02EE012C0E8
:10D4C0004217F6BF7141F9BF3A9705C0B47BCFBF91
:10D4D000A9FA8FBF9A2A01C07AD810C0814E16C00F
:10D4E000ECDC0CC03D8602C0DE04D7BF2A4AD0BFA8
:10D4F000E6208DBFA0888BBF7ED9D8BF266504C02B
:10D50000943B19BF10D766BFD7F2E8BE86244ABF46
:10D51000D77D4DBFEEFE2FBFCFBB40BF80FA44BFCB
:10D52000EB3137BFC5E93EBF514F34BF5DDD12BFA0
:10D53000D8D848BF577D25BFDED705BF13B825BF54
:10D54000835D1EBF6C5429BFF1792BBFCCE13FBF77
:10D55000424A3FBF4CF13ABFC4AF19BFC3CD50BF21
:10D5600077D320BF023C39BFD6C900BF00EB40BF14
:10D57000BAA60ABF6B0D46BFE19047BFBD882EBF5C
:10D58000F09820BF590942BF9AD157BFFA9320BFE4
:10D590006A9F1FBFADE120BFD6DD44BFBC0344BFBF
:10D5A0003AD21FBF0DA93EBFC07B22BF0CE043BFD4
:10D5B00017B61FBFFF3422BFA6C541BFDF1D46BF40
:10D5C000BCA726BF977D4CBF185944BF6DC643BF4B
:10D5D000C9C320BF45FD24BFB19E1FBF17C523BFD0
:10D5E000C52842BFB8651CBFB7BB21BF7C7A31BF1D
:10D5F000E8EF1EBF413D4DBFEB5845BF7B3C22BF0E
:10D60000D5FF2ABF0E4252BFCF5328BFB02D20BF37
:10D6100045EB4DBF03715ABF749569BF2A7F33BF75
:10D62000C0C72EBF6D331BBF158E37BF32D73DBF6E
:10D63000DD710CBF9E7C7DBFF07C4BBF53AC15BF32
:10D64000154C2CBFFD8F42BFC5900CBFC1AF0FBFA3
:10D65000812A61BF867D59BF2ACC36BF9EBC49BF97
:10D660001F960BBFDBA844BFA7752FBF980023BF31
:10D670009AB840BF42D22FBF688642BF0AD12DBFA1
:10D6800031F98BBF3FC035BF4137F2BE035805BFEC
:10D69000833727BF61AA3DBF6C7770BFA7884DBF96
:10D6A000E51B49BFD97461BF1D7031BF7DE01BBF51
:10D6B000AA5470BF6E7221BF703646BF3EED3BBFAD
:10D6C000B20742BFC8056DBF98FE12BF501D26BFEE
:10D6D000011054BF3C8F44BF6A2E1CBF5AD523BFD4
:10D6E000AF0F23BF2E6E2ABFA16F50BFE0162FBF12
:10D6F000076A67BFBBE035BF0FA861BFF5A50BBFC9
:10D70000019442BFCBB540BF45B2AEBF60F29BBFF4
:10D71000E8EA8BBF784F9DBF13F76ABF6D02D1BF98
:10D72000827E50BF41B3B7BF45D48ABFE0B4C3BF08
:10D730007FE547BED82879BF4337AFBF7082EEBFC1
:10D740009BDC8ABFB231B3BFBF607FBF6ACEA3BFCD
:10D75000AD5FC4BF05F43ABFE437F8BFF23BDEBEAD
:10D7600074C4DCBF62195FBFBC0C8DBFC0D8DFBE04
:10D770009D0044BFAD82B5BFF7FB12BF66E072BF2C
:10D7800065E12DBF7C82E3BED23D32BF7B981EBFD8
:10D79000E84B3EBF314F44BF0F3AD1BE157809BFA9
:10D7A000C9E18EBF9FAFCCBF4BEF80BF5DE7FCBE32
:10D7B000DC7677BF246281BFB94514BF8B2C55BF7F
:10D7C0007931C5BF33072BBF9AB898BF3ECC48BF4D
:10D7D0000EA786BFC82EC3BD86A86FBE79BB80BF0B
:10D7E000A1E087BF06848FBF14AEB7BFFF5C93BFB5
:10D7F000F0CBA0BE1E91A2BFE5BB6ABF986188BFF7
:10D8000071436ABF15D386BFDB844ABFB0FA93BFAA
:10D81000AF16A6BFA67C86BF0AC721BF372047BF69
:10D8200075DDB0BE3C8C24BF086E5ABF174D88BF53
:10D83000770283BF22722BBF923F4ABF31526ABF29
:10D8400026417FBF5B2025BF19A97ABF615C4DBF10
:10D85000CB7049BF5BDD59BFD1A53CBFC4C768BF12
:10D86000F90428BFFE7C1ABFF3415CBFEF161EBF50
:10D87000DB4C2FBF7DDE35BFD3BB3EBF02A357BFFE
:10D880001A842DBFA28760BFEA9E45BF7AE087BF9A
:10D89000C9FD3ABF474E54BF8D9641BF654C4EBF40
:10D8A00086610FBF5B4250BFF8D215BF26AA4ABFA0
:10D8B000D7696BBF74A130BFBD2E41BF425A05BFAF
:10D8C000407751BF9A515BBFEF0D3DBF2AD95BBF77
:10D8D000878E2EBF194A45BF965F3BBF30732FBF5F
:10D8E000F3134CBFE9FF0FBF258F38BF5DA45BBFAB
:10D8F000773D23BF855A28BF574618BF018F51BFB8
:10D9000032C82FBF660615BFCEDC83BFAB3C25BF38
:10D910008BDE24BFE4781ABFFEFDA7BF07E88DBFEA
:10D92000DE6D52BF075324BF54A923BEFE8A93BFA6
:10D93000ACAF26BF13A072BF7FD377BF96AD64BFD5
:10D940007C8F8FBF73DAAFBEC8DBADBFCA6B9CBF25
:10D950006932A5BFDEF0F9BF92C976BF08CBE0BE41
:10D960008911E2BF862CB7BF5676A6BF5CA3A2BFC3
:10D970007DC7D7BEB2CCB7BFC76174BE82BC96BFED
:10D98000849340BF0CD32ABFE56F29BF36F937BF58
:10D99000EA532FBFE86A33BF3B4929BFE23734BFA0
:10D9A000792535BF63DA3DBFB3C336BFBA6537BF2C
:10D9B000680A3BBF18C43BBF87412EBF7EFF36BFFE
:10D9C000CE342EBFEC7C28BF002339BFDA5E37BFD0
:10D9D00043BA38BF8B8F26BFA76C41BFD4A627BFE1
:10D9E00014FD32BFDB6843BF2B0B45BF2BC724BFE1
:10D9F000B0BB25BF7DDF36BFD20932BFDBD321BF2D
:10DA0000B7B461BFBB8D87BFBC827DBF4A591DBF04
:10DA1000FFF971BFF41BAEBF7544ACBF044FD6BF56
:10DA20002B6BBDBF053AC7BFBDF9C1BF668AB1BF89
:10DA30004C4FA8BF2DF08ABFAF2A2BBF280485BF4B
:10DA40007A662BBF921E1EBFBF50CEBF58863EBF08
:10DA50006F19B6BF71AC6DBF124F0BBFD4F861BF69
:10DA6000A2D27EBFC327F1BE5D4280BF9AD2E9BE7B
:10DA7000D81E35BF78DF4EBF775C41BF6F2E8DBF9C
:10DA8000420F3EBF82DE29BFC82E18BF2C5C25BFC7
:10DA9000615D5BBF03046ABF0C7D55BF269C37BF29
:10DAA000301434BF446252BFA96035BFEA1F23BFA0
:10DAB0000B161DBF85795EBFB3E061BF3D2F35BF3B
:10DAC0007A6F6BBF32CD0DBF00AD01BF795D36BF40
:10DAD000677F11BFC6953ABF7C5227BF55C220BF92
:10DAE000E9F339BFE69A4EBF9FBA35BFA44F27BFAF
:10DAF00057CD2EBF25324BBF1B0C34BFADE91FBF26
:10DB0000B07532BFCD293CBFD54446BF391E1FBFBB
:10DB10000F6920BF31D830BFDC8553BF2F5A31BFCA
:10DB2000C48D3DBF7A5A20BFF93D4ABFDC6B29BF87
:10DB3000C76A32BFADF82BBFE92746BF0AA34CBF67
:10DB4000D5C639BF347624BFA3C22DBF27F835BF51
:10DB5000C7321EBF1D6F38BF1AF529BFBD994ABF16
:10DB600052201DBFDDAE51BFEBBE5FBFE0EA2DBF4F
:10DB7000B9C32ABFDCF639BFED5238BFAE8D3EBF08
:10DB8000C61034BF37A33CBFDA5F3FBF21279DBF1C
:10DB9000ACAA8DBF5B7A61BF4F6286BF029212BF93
:10DBA000E4A8A1BFA66AB8BF82BF6EBFD09A46BF25
:10DBB0006D5C5CBF2678B9BF5B9B67BF659C5BBF34
:10DBC000644837BF372C65BF6BAB67BFD6CB13BF7D
:10DBD000D34EB3BFD8D35CBF4C825BBF9DCB1ABFC3
:10DBE0003C4570BF936E4DBF35BE68BF433081BFAB
:10DBF0001B1798BFD5108BBFB5C138BFEC5D1CBFDC
:10DC0000010768BFAF831ABFA44C99BF737E6BBF77
:10DC1000766893BF61C756BF1E41C7BF8EC779BF25
:10DC2000A705B0BFF975D2BE3AC42ABF3F0960BF8D
:10DC30006CC342BFF11F5DBF634EC0BFA9EEC5BF3D
:10DC4000CCC2D7BE796ECDBFB74241BF2E3893BF8D
:10DC5000E8C5A7BF1D3E98BF3DAFA3BFBAB981BFFE
:10DC60003F710BBFA4A065BF7E8BABBFD9CBB9BF43
:10DC7000B5E0BCBF8FDBA7BF247370BFB88C9FBF5C
:10DC8000FC100CBF23B2CEBF114E15BF3D98CABFCA
:10DC90000F86CFBF6CFBB2BF4729DCBF2FB804C0D3
:10DCA0005FDEBCBF0400B8BF6BA49CBFA3178BBFD3
:10DCB000C1ECE7BF5B60DBBF0D1B0BC0DC0897BF8F
:10DCC000649CAEBF5BD68BBF6AA6E8BF2FFED4BFF5
:10DCD0005529C8BF3EB218C048E704BF2DD20EBFB9
:10DCE0004FFEBABFC0F4BFBFFB0D6CBEC680B8BF4D
:10DCF000CA9345BFD2A8D7BF4D773ABFED807ABF50
:10DD00002EC723BF99B227BF6CB02DBFEA303FBFEB
:10DD1000E6431EBF8A2726BF9CF71BBFEC424DBFC0
:10DD2000E74330BF8EBE3EBF8A8C38BF4BA71DBFB6
:10DD30003B8813BFD4D127BF105447BFFBB83DBFAA
:10DD400076D321BF93351BBFE80649BF24EF14BF2C
:10DD500062425EBFF26F06BF24126DBFBF0027BFD5
:10DD60001E9216BFDBC863BF34DF4BBFBBAA5BBFCD
:10DD7000778224BF3CCA27BF17D02EBF0BA31BBF7F
:10DD8000B5F23DBF3F5756BFBF9603BF51A589BFF0
:10DD90002C1259BF8419D1BF3464C0BEB7EC6ABF1E
:10DDA0004D895EBF95754EBF292C98BF0A7A4BBF2F
:10DDB000A78EB1BFFB6F39BF0F406ABF2D8139BF3E
:10DDC00042C6A5BFBD4D7EBFC5635EBF8AF707BF14
:10DDD0003E6B1ABF497A59BFD0C751BF57752DBF87
:10DDE00040A34CBFD97A26BFFA887ABFC07316BF4A
:10DDF000D3986EBF430C45BFC33D5CBF7A3C5ABF4E
:10DE0000138E1FBFF08641BFAE07DFBE8FDB8EBF14
:10DE10005D50D3BF067599BF852012BF0F0387BF22
:10DE2000810E6ABF1555A3BFBECB07BF76CC63BFBB
:10DE300051730BBFE8AB0BBF6E4DF3BEDA3E60BF54
:10DE40008E6E4EBFA5E966BFBCE543BF2D660FBF12
:10DE5000FB7C55BFE1E659BF79B03DBFBCDC27BFB5
:10DE6000AAAFF9BE4F951CBF451611BFAD9622BF94
:10DE7000D04881BF325167BF853E23BF442C39BF94
:10DE8000D4BB32BF703B0CBF3A46A9BF33B907BF02
:10DE9000762A22BF195750BF893641BFA1F240BF31
:10DEA0008A6ED5BE7C1145BF10448ABFE11D7BBF81
:10DEB0001B2E83BF1E1719BF2D4750BF5117ABBF75
:10DEC000B4D0A3BFBB96B0BF57258DBF3293C2BF9E
:10DED0007445D9BF98AF5FBF2EA8E4BF9418CDBFDB
:10DEE000E98055BF6FF24BBF61A524BF444A6DBFA7
:10DEF000375059BFDEB2413D456E96BF449297BF41
:10DF0000662434BF127734BF9CC64EBFF3AAD0BE7E
:10DF10002AAF4EBF78DD13BF75190CBF474E4DBFFA
:10DF2000099852BF3A4BBDBEBE66D7BE3FC6EBBED8
:10DF30009DEF68BFADD795BFE0241CBF6EF54EBF07
:10DF40009E0E05BFD57287BF5D307DBF309284BF06
:10DF5000BC4511BFE80C6FBF70B823BF267547BF23
:10DF600027D744BFB70A19BFC9DD07BFF64C1FBF8B
:10DF7000D87446BFBC5C31BF025543BF088964BF3B
:10DF800007E411BFBD3973BF3B3F0FBF5F8FF4BEC6
:10DF9000BB108EBF11DE42BF946691BFBB5280BFE3
:10DFA0001D35BDBF2ECECEBFB0FF92BF26E5AEBFA2
:10DFB0007993A6BF208DA2BFF2F7CCBE64D78CBFE9
:10DFC00088166CBFA220FBBEA40F8EBF391381BF81
:10DFD00085EE57BF9D8F4CBF73336FBFDE2324BFC9
:10DFE0008C0417BF006E73BF2EB466BFE02276BFED
:10DFF000410B58BFF1734EBF14593ABFFB6A54BF6F
:10E00000129126BF21573BBFC7C53ABF611C3EBF17
:10E0100095AD08BFC17E3BBF97D87FBFF03549BFE4
:10E0200080082FBF2D262EBF4CEE6BBFE05889BF56
:10E030000FE21ABFAF4865BFE45771BF63DC2DBF65
:10E04000E5196EBFDC384ABFA32A33BF641E12BF76
:10E05000103249BFAF9C17BFDB0E4CBF763D26BFC9
:10E0600006F03FBF464754BF58A92DBF0F3C4FBFD6
:10E07000F25930BF85AA31BF60DF37BFCBF726BF6B
:10E080009FF138BFB02760BFC046A2BF2D571DBF4C
:10E09000961D4CBFE3268FBF638A20BFB54471BF76
:10E0A000CA3681BFF90217BFFE4777BF51F749BF94
:10E0B000193371BFD4B84EBF23D76CBFF8848FBF5C
:10E0C000FB3D9EBFA42E29BF5D7C5EBE08FBE13DEB
:10E0D000C55580BFA22F94BF0D3472BF99C761BFD1
:10E0E000669314BF445D69BFDD415ABF43662CBFD0
:10E0F00030EF42BF455B25BF88A229BFF2E364BF72
:10E100008F9136BF22B739BFA54EC0BF92389BBF93
:10E11000312983BF1CD464BF41AC70BF9B800BBF4F
:10E120006C89CCBEEC6383BF5CB415BFCCE601BF89
:10E13000696422BF26283BBFF9625BBF20C33BBF97
:10E14000A88735BF005937BF3ED44CBF3E1032BF01
:10E15000FFCA51BFE34B42BF29192FBF78950EBFAD
:10E160006BC34EBF9B5542BF49C41EBF8EE723BF42
:10E17000B7EB3FBF4DDA20BFE0132CBF73F129BFCF
:10E1800086AC20BF1F1718BF88030ABFB0E31FBFAC
:10E19000DA1A7FBFE43367BFC6B89ABF9CE343BFB8
:10E1A000108B3FBF64B328BF25E245BF184D15BF94
:10E1B000DDF086BF99055FBFEA174BBF00DF47BFA1
:10E1C000580800BF33E081BF1CA523BFF0683BBFE8
:10E1D0005F5751BF940065BF7CBF3BBFA5603DBF8B
:10E1E000C2E171BFF17075BF6DF74BBF048351BFC2
:10E1F000959F55BF9D666EBF2B2134BF457693BF5B
:10E200004A3B44BFEBE888BF8E4BF6BF40B18ABFA4
:10E210002B11B7BF5626B2BFB00707C0E9DC9FBFBE
:10E22000E4A739BFB15DA6BF981F61BF8CD770BF8F
:10E23000AF11ABBFB9C7BDBF0DDB85BFF5B48DBF97
:10E240000042F6BF57B5FBBF9C40A3BF6A3695BFDF
:10E250006103A6BFA3F966BF31138ABFCC625EBF5C
:10E2600020D119BF33BFA7BF838996BF336DCCBF01
:10E270001530B5BF100C6CBFC862D0BEFF35A4BF4F
:10E280006EE934BFBC7130BF5A8431BFCBFB30BFA5
:10E290006ED231BF713E31BFC16E31BF1A6931BF1D
:10E2A000B27E31BF926831BF157131BF297931BF5C
:10E2B000656A31BF416C31BF3B6631BFAC6E31BF67
:10E2C000BE6F31BF5C6E31BFF07231BFD87631BFE7
:10E2D000327831BF807231BF836A31BF347231BF4F
:10E2E000656F31BF817431BF557131BF357031BF3A
:10E2F000ED6F31BF707131BFD67131BF1A6E31BF52
:10E3000067A633BF7AE07DBFD0163ABFA7BF49BF2B
:10E31000CFD846BF631A52BFFC9661BFFB774FBF91
:10E32000592D43BF97B055BF64EE32BFF33F0EBFC8
:10E33000CAFD4FBF9EB94EBFD0E74CBF479F1CBF21
:10E340007EA68DBFFFBFFABE4ACE44BF19967BBFE3
:10E35000410C7BBFE77F7CBF543052BFA0D247BF88
:10E36000634951BFE7400FBF079686BF727D47BF25
:10E37000BEB73ABF017728BFC7740FBF2BEE71BF7E
:10E380007C5D2EBFA96B39BFB26571BF879653BF45
:10E3900089244ABF609833BFD422F9BE47DF5BBFF0
:10E3A000C6E12BBFD1F057BF1FF01DBF1C3F16BFEA
:10E3B000905C51BFC6CE2DBF1EEF3BBF9B7B04BF01
:10E3C000738658BF30ED21BF5BF335BFF43E84BF89
:10E3D00028B323BF8FDF59BF7D5C87BFB86B77BF82
:10E3E00036C29BBF234320BFA1E95DBFD6F410BF57
:10E3F00061A473BF77807EBF6B470FBF63BD13BF40
:10E4000015063ABFDB9E43BF0A146ABF56161BBFF0
:10E41000B6DFD9BE6F65C2BFB37BBCBF8E44A0BFA1
:10E42000C42163BF003EA2BFC1B2ABBE5E8C87BF3A
:10E430002BFEA0BFE077BBBF8E4679BFF4A39DBF84
:10E4400013EC21BF1D20C5BE3758A5BF2F5CB2BF3E
:10E45000C370B5BF1E1CAEBFDF5E54BFAB03A4BF0D
:10E46000D5EAA1BFC2515ABF4FBC6CBFB34C84BFE9
:10E470001DD286BFFAC767BF61D62DBFA42A6ABF67
:10E48000DE7736BF083C36BFD2586FBF85FB56BF1C
:10E49000F68AAFBFD0A35FBFFFAD88BFC3B787BF4A
:10E4A000317960BF222A1DBF03EC9FBF8BDEAEBF58
:10E4B0009B8079BF28C2BABF6F3570BFF05048BF8C
:10E4C0003FEC30BFC4FD65BFBDAA72BF7D473FBFF3
:10E4D00098AA3DBFE82D42BF9D4A14BF260827BF1A
:10E4E000B4592ABFFBBC10BF977D2ABFB8F32BBF1E
:10E4F0006B3749BFE05228BFDDA835BFEBB949BF34
:10E50000D8496BBD02283640FF5CCF40B915184191
:10E510002CD342414C927941026E9C410613AE418C
:10E52000A36EC841E89DE341B4A0F8415EE70A420A
:10E5300097F31442C0492342ECDF2F42F01C3D42C6
:10E540004A9949425A075742774863420E966E42AB
:10E55000F07F7C42E35D83420AA589427E4590427A
:10E5600060799742D00E9D424743A34246AFA942ED
:10E5700029E7AF42B424B6420083BC4200ADC24298
:10E5800074D71DBE819C6A400952C6400E3D15419C
:10E5900097664641895D78414D9798412CA0AC41E2
:10E5A0004506CB41D6E3E6412CD4FE416B510C42EB
:10E5B00040811542DFAE24423C2D2F42BF403D42F8
:10E5C0003A6F4A4239AD564233CA624229796F42A4
:10E5D0006F1D7B420B0C8442C8758B42FE708F42CC
:10E5E0005C8B97429DC09C42851EA3426363A942F7
:10E5F000FC12B0422177B642B742BD429164C2429A
:10E60000A8EF863C413D4840BF73C6407E3A164164
:10E6100085FD4241F2847841A4D1974190B4AD4147
:10E6200012F1C741E5DDE041DB93FC4143840A423E
:10E63000AB821642A6BA2242DF1F304237493D4222
:10E640002FB24842935756421DF16142D67A6E422C
:10E65000F97A7B4252508442CC408A4280369042C2
:10E6600091CA9642A0289D42B36BA34297FBA94250
:10E670000DB9AF42E6B6B642F40CBC42CECBC242B4
:10E6800098F4053D203452408011C5403E51174159
:10E69000B4104E41FCCF7C4185419A41892DAF4158
:10E6A000004AC9415CF2E141F478FB4120040A428E
:10E6B0002F231742E4952242B5283042A5243C423C
:10E6C000934C4942CCDD54423253614237206F4271
:10E6D0005F867B4294AD83421B518A4271309042E7
:10E6E0004FE096422FE29C425A51A342CC62A9428B
:10E6F00037F1AF42E313B642EC4CBC42B49EC24287
:10E70000DF3304BE6303524042D5BD403E5F154136
:10E7100004654941FB377D4120F29941AE86B54100
:10E72000276BCE418E78E341BCC8F941887F0B420C
:10E730009BD31642BE2923428CB52F4278663C42B9
:10E74000E7E04A420A55554210D26142C8C86F42BA
:10E75000F0CD7942707F844223178B42CB158F42D4
:10E760002D459742C42A9D4242B8A3422780A94220
:10E770006732B04214B0B6428454BD42CD02C242A8
:10E7800064874EBDD6D33B40FFCBD340B0BE1641CD
:10E79000F4744541C989804109D095414150AE4149
:10E7A000C73ECB4196B3E141032AFB41F0C0094289
:10E7B0007C1C18423B07224216F42D4236183E427A
:10E7C00067D44642E39A5342C2996042B2966F427E
:10E7D00008A67C4248B8824262B28A428DE68F42E5
:10E7E0006BF5964297869D42D0E4A242C662A9424A
:10E7F000AFB3B042447FB5429D44BD42281DC342E1
:10E80000C0FC9D3C3BBE4740417AC240DC6816419B
:10E8100025AB494170837B41461F9641C518AF41E6
:10E82000201BCA412AA8E0414222FB41AA0D0A420C
:10E8300052D31642C9A0234246A32F42F7183D42A5
:10E84000F93C49428D0A554270FA6142321E6F42CC
:10E850003E9C7B429BD9834229338A42F496904264
:10E86000F0B896423B3A9D424245A342237FA942DB
:10E87000D3C9AF42033CB6420DC1BC425890C2421C
:10E88000EE9A58BCACF149405586C940199B1641D7
:10E8900069E64841DC317B4121BA964182E1AF41D2
:10E8A0006026C9415445E2415C5BFB41C42F0A42EA
:10E8B000DACE1642BC612342CFF22F4253783C425B
:10E8C0009B174942ACA7554240306242B4C26E42E7
:10E8D00058507B4203F28342AE3C8A42F38390421B
:10E8E000A0C9964296149D420F5CA3423FA3A94241
:10E8F000FDEDAF420B36B642957CBC42FBC7C2422F
:10E90000352AC33CA61049404F70CA400B941741AA
:10E910005F664941833E7B4183AE96414AA3AF4146
:10E92000C414C941A64CE241951EFB415D420A4216
:10E93000A5E616420EA32342DBCC2F424E4F3C42AB
:10E94000C14F494281655542208262420F7F6E422B
:10E950008BFF7A427DD7834266498A42AA679042FA
:10E9600045A99642730A9D425D6CA342FE5EA94290
:10E970006FE7AF42DFE7B542238ABC42FAEFC242FB
:10E980006DB76FBCF54A4B40C55DC8406EC01B41BA
:10E99000788B4641874974411A0A9A41207CB141DB
:10E9A000F6F0C641FD61E0413453FB41CD310B42ED
:10E9B0001E3A164245CD21424204314292A43B42C6
:10E9C00035F74942E709564223CE61422FA76F42ED
:10E9D00005CA7C428E3584422C4D8A4294979042DF
:10E9E000E8F69642612F9C4209EFA242C0E6A94296
:10E9F0005F5EAF42F694B642EEE0BB42E455C342DE
:10EA0000402C30BC111D4440279CC9404A3016415F
:10EA100098FE484100317C4196A29641FC29B041C4
:10EA20001131C9411D4BE241F07FFB418A640A422A
:10EA3000BFA116423E7F2342200D3042E5873C4273
:10EA4000026549422FAB55423F45624261D36E4257
:10EA5000233B7B42DBFA834232418A42237E90424F
:10EA600018D89642C2059D42CC4DA342CD74A9420E
:10EA700086D7AF42283FB642B07DBC422D9DC242F0
:10EA8000E0F3E53C8B954D4003CBCD40113E174163
:10EA9000608E4641962A77411E1898419DC9B14122
:10EAA0009D5BC941FAF7E1418897FB413F4D0A421E
:10EAB000E1D31642D195224294A52E42A6E23C42D1
:10EAC000F48F48425F5556425D1D6242B2526F421A
:10EAD000498D7B42DDDB834291F7894270969042FB
:10EAE00020389642347E9D4291B2A3422C8CA9429A
:10EAF000ACF0AF42B00CB64223BFBC42AFBDC24285
:10EB0000A64235BD7B104A40B956C740E70D1841B3
:10EB1000416C47410D0D7F410EB99641ECD7AF4195
:10EB2000D3B1C9416EBAE34175FEFB417DB40942E0
:10EB30003E00164212972342FA962F42DCB53C4221
:10EB4000030B49425FCD55421D1F6142C9B16E4260
:10EB500012627B4259128442412F8A42817790424D
:10EB6000D07F9642E2179D421943A342B395A94232
:10EB70008BA5B042E3F7B5421E76BC42D8E0C24254
:10EB80008DE9EE3D226768408692C2400FE718414A
:10EB900086F24A412E1B7241BC6C93417B54B341B7
:10EBA0007968C6416A4DE141391EFE4116ED0A42BF
:10EBB0009F331842A603204259CC2E4250BE384201
:10EBC000903E47424C9F56423ED65D42533570427E
:10EBD0006D8A7A42EF2E834203C98A42F0E5904261
:10EBE000AFC996420D9A9D425348A3421C53AA4274
:10EBF000D843B1420849B6425CEABD426C9BC2426E
:10EC0000ADB754BD54A44940A129C74014D2154101
:10EC10000B7B4841A4C579414F9A96410E78B0418B
:10EC2000F028C84144C2E141E03DFA41D0F5094233
:10EC3000E94817427A672342BE2E3042BD303C423B
:10EC4000932D494285EB554203A8624214986E42C7
:10EC500072987B427C068442D91E8A42AC8E9042D6
:10EC6000F9C59642953D9D42446AA3424FB1A942DF
:10EC70003807B042EB03B642F069BC4217AFC2425C
:10EC8000ADEC0E3ED1644A405B59CD4069DC134186
:10EC900054894C41813079418E2F984120BBAF413E
:10ECA000A8F0C741FBC6E0418D19FA41FF940A4222
:10ECB000F715174235222342CC3C30427EAA394216
:10ECC00088E748422427584249745E423F816E4299
:10ECD000DDA77C42DBD18242FB608A42C5F28F42D3
:10ECE0000AAC9642732A9D42D14EA342F218A94221
:10ECF000A9E2B0421B3FB6426683BC42371AC34208
:10ED0000EECD61BD6B074540E9EDCC40DA87174198
:10ED1000CA5A4B4114057B41F5BC9541C493B0419F
:10ED20003B2ACA4156C1E14118FFFB4180D009424C
:10ED300002D91642FEC22242873A2F42C77D3C4288
:10ED400021F74842CF35554215976242F0036F4292
:10ED50002B007B42EBEA83422E6C8A42267890425B
:10ED600074C9964251249D42D342A34228C6A94267
:10ED700086ACAF421943B6425191BC4291A5C24202
:10ED80008F211BBC94AA48405F61C94007EF164120
:10ED90001036494114777B41CCDC9641C5E1AF4147
:10EDA0005225C9415945E2410E54FB41883B0A4274
:10EDB000F3C116425F572342F9F82F42CF883C42F5
:10EDC000A0084942ACAA55426F2D6242A9C76E42C3
:10EDD000E75A7B423EF38342583A8A42DF829042AE
:10EDE00053C9964293199D42385FA34269A7A9422D
:10EDF00086EFAF42403CB6427F7ABC42BEC5C242BB
:10EE0000EB19CC3C5C9649408B46CB40C8F9154188
:10EE10008E2E4741238E7D4142389741E520B041F7
:10EE20005CE9C841CB6FE241E1E2F941FE3F0A42B1
:10EE30001689164292D7234255912F425C243C42B8
:10EE400049C748422290554254136242A1CA6E42B9
:10EE5000EA937B420B2284428B898A42188A904231
:10EE6000E7BB9642000E9D427166A342FEC9A942CD
:10EE700033C4AF425026B642F754BC42DBACC24268
:10EE8000E0107DBD02B047407B47CE407352144135
:10EE90004D51464140107B4141099841DB9CAF41B7
:10EEA000182BCA41A850E1411DFDF941889709423C
:10EEB000FA41174285FA2342D2B12F42B2793C423D
:10EEC000788C49426BC455427A4C62422EFF6E42A6
:10EED0008FF47A421F0A8442D6508A42FD909042B3
:10EEE000CCCE964206EE9C421E6AA342DFE5A942C2
:10EEF000C031B042D848B6423289BC421BABC24294
:10EF000000000000DB0F4940DB0FC940E4CB164195
:10EF1000DB0F4941D2537B41E4CB9641E0EDAF4159
:10EF2000DB0FC941D631E241D253FB41E73A0A42F5
:10EF3000E4CB1642E25C2342E0ED2F42DD7E3C4210
:10EF4000DB0F4942D9A05542D6316242D4C26E424B
:10EF5000D2537B4268F28342E73A8A426583904209
:10EF6000E4CB964263149D42E25CA34261A5A942B0
:10EF7000E0EDAF425E36B642DD7EBC425CC7C242C7
:10EF800028C0393CEEC73240FB4DC7401BF7154146
:10EF900059A74C41CA557A4155589A41B549AD4196
:10EFA0004D0CCA41EE24E3412143FA41D6B6084252
:10EFB00053F915424D8B2142166430422EDF3D42FB
:10EFC000B9254A42714C5742D6396142DB6B6D42DA
:10EFD0002F487A42872C84422E788A420FF690423C
:10EFE000D81C964224C89C4268AFA342F76BA94242
:10EFF000AFA3B042DD07B6421045BC42FA6CC24234
:10F0000041DEA43EF2C62D40B180D740AACD0E41CC
:10F01000EA6C4541F0C3774128D098411146B04190
:10F020008FBFC4412CA7E741F272F8413A3A094236
:10F03000F422184291272342528B2E42E8403C4250
:10F0400074264C42B0F05542883C634211D96E425E
:10F05000D7E57D4212B5834239888942E98F9042D3
:10F060002E6996424A5B9D42076BA3422F1DAA421E
:10F0700058DDAF42A33CB5427321BC420F62C2428D
:10F080006BC847BD465547405023C840B95017414B
:10F0900041194941751E7E410143974119D9B0413B
:10F0A0001FF0C841FC68E1414F3DFA4125F6094295
:10F0B000050E1742FCDB224233722F426FBC3C42EA
:10F0C000E86A49420B235542D8FF61427AE86E4212
:10F0D000CD4F7B42D49E83424A308A424D89904232
:10F0E000EAF49642C1269D428A6AA34285B4A942A7
:10F0F000D906B042C160B642277DBC4242B1C2428D
:10F100000E2E473D6DF850400C9ED040C177134104
:10F11000607748416F3C7B410D6098419477B141E5
:10F120001E25C941CD45E441D816FB41092E0A42AE
:10F13000EA4C1742235B23420BA12F42D0433C42AF
:10F14000DE134942CA9554429F4F614212D96E4222
:10F15000D0737B4242038442944A8A4244AD904237
:10F160009A879642C8439D424802A342BF92A94251
:10F1700070EFAF423B4BB6420C4CBC42DAECC242A1
:10F18000A291843D2F6542403879C14016881241D2
:10F19000C5204241EC3E7341A4559741A9FDAF41C2
:10F1A00010C2CB41812FE4411712FC41A3990B42BD
:10F1B000D9D51742FC05244221852F42CC4A3E4234
:10F1C000A4534C42E57B54422A30644267057142A5
:10F1D000DC067C42397782426DD38A42A5668F4233
:10F1E000C9A79542BEE59D42D5B0A3422BC5A84212
:10F1F0008DD6AF42EBBDB6424362BC4273E6C2421B
:10F2000014E8633CEC4D48404112C9404CC01641E3
:10F21000C2F84841604A7B41C4D19641F7EDAF4105
:10F22000900EC9416F31E241564FFB41AC380A4262
:10F23000CCCA1642BC5B23428BEE2F42A07E3C42DE
:10F24000CE0F494204A25542FB316242F6C26E42E1
:10F25000E2537B427AF28342E73A8A42FF8390424A
:10F2600051CB964206149D42D65CA342CBA5A9423F
:10F27000FFEDAF423736B642E87EBC4209C7C24214
:10F280001246653D92BC48404655C8403B33194143
:10F290003EC14C41F5FF7941B2CF95417840AC4138
:10F2A00096B0CC4108A3E1413E65FA4183520B423E
:10F2B000D4381742E0072142DC7E32420FA03D42A3
:10F2C00011DA4642A3CA5542E14765427F3A6D4290
:10F2D0001B6F7A42DB648442DD988A4205E59042E6
:10F2E0009BCD964296199C427084A2421560AA4218
:10F2F0001408B0428FF7B5425870BC426DD9C24273
:10F300008AEEADBD2C284D403317CD405E541741D9
:10F310005F0C4A416DEE7B4151C49541415FAF4165
:10F32000CAF8C64196EAE1417BBBF941E9FE0942D0
:10F330005B6D1742E3D92342EBE02F42F9B03C4228
:10F34000CEAB484203F15442D137624269A26E42C9
:10F35000176B7C42DF828442019489427B18914280
:10F3600076949742DC209C429587A342F967A94294
:10F37000A220B04206E0B5421003BD42B3ADC24286
:10F38000F421933DCFCC3840F87ED040C5841A415B
:10F390000871464144C37E41FAEE94410D44AD41AB
:10F3A000F00AC94113F5E1416A3DFB41A4560A4206
:10F3B000A4D4154221A022425BA32F420A8D3C42D5
:10F3C000476B4942F1305542DC64614238786E4205
:10F3D00093647B424F32844273CF8A42A3EC9042C3
:10F3E00096409642CABE9C42C45EA342D319AA422A
:10F3F000E8D8AF424EE6B54271EEBB4239D4C242C4
:10F40000DFD4A13DBDD250407F62BF40AD531B4110
:10F41000EB8D4C41B49A7841AEAE944112D5AE41D9
:10F42000F17EC8415E43E241ADC2FB419F560A42B4
:10F43000378916426768234265563042E0763C427F
:10F44000E31D49421A3B55424D516242F2B96D42A9
:10F450008C977A428C0B844276458A42FCCC90424F
:10F4600003FF9642FF949C420143A342A9D2A942C2
:10F470006603B042253EB6425E67BC42EBC2C24262
:10F48000B93531BD22385F40CC83C240087A1A4179
:10F49000E221484152307C41C7BB97418DDBAC41F2
:10F4A0009ADCC841A8EBE741EB58F94105CE084288
:10F4B0005EE51642FAE421423507304240933A4273
:10F4C0004D3648428DE95542A349624242086F4297
:10F4D000D2C27D42A08D834219298A421A379042B6
:10F4E000B3D49642395B9C4299E4A3428995AA42DF
:10F4F000C118AF42437BB5427EB3BD42DEDCC2429F
:10F5000031448ABDD6C644405C96C940E6BB15412D
:10F510002BF14C4158D27941EB1D97411F37AF4138
:10F52000BFDEC8419DDAE1415190FB41906D094237
:10F53000ADD71642FE5C23425C423042CF713C4262
:10F54000AE4B4842DDEA54428C7A614215C46D42AA
:10F5500025FB7A42E72D834278798A426D62904298
:10F560003E9A964219279D427035A3420376A942DE
:10F5700013E4AF426BB8B54239E8BC42B044C34271
:10F5800080D9883DEEC44440FB2FCB40E5D31741E2
:10F59000BDF549410F367C41A45097415572AF41AA
:10F5A00091CBC841589DE141E0C2FA41776F0A42D0
:10F5B000581E17423B26234289952F42E13A3C428E
:10F5C000A9D248427F565542D3FD6142026D6E4238
:10F5D000F9D27B42CB0D844224568A426CA29042DF
:10F5E00088D096421D3A9D42A13DA342698BA94213
:10F5F000F3DAAF424814B642E19EBC420DCAC242A1
:10F60000FE0B903C7FEA2F40C843CE4065E7134194
:10F61000BC0D464167787B41C9B09541B6C2AF4148
:10F62000A5F1C9415DECE241C7F2FC413B610942F1
:10F630001CC4174223C8234231422F42D1B63C4258
:10F64000470D4A429DF25442B9BA624222676E4265
:10F6500040867B42F8338442C40E8A420988904235
:10F660005EF596422B2E9D42AD59A3423860A942C9
:10F67000AA2BB0423C4EB6428539BC42FBEDC24299
:10F680000D79153EDCE54D402549CA407B86134186
:10F690003A1D4A410D0379414E8C97417A44AE415F
:10F6A000C593C94112CEE1417D71F9416ADD09423C
:10F6B0000C3C1642A5EA2242E5AC2F42175B3C42C5
:10F6C00077F1484258835642C15061420D3B6E4229
:10F6D000801A7C427BDD8342F38E8A42A76190428E
:10F6E00088E696421FD69C42FF89A3422368A9421E
:10F6F000673CB042F761B6429D89BC42A7A8C242AE
:10F70000ACD6A03D91335140040EC5400E2D14419E
:10F71000327B4941DCDA744174B4984165AFAD4144
:10F7200074D7C6413A24E241D48EFB41FC940A428C
:10F73000E523164258EF2142470C31420FCC3942A3
:10F74000A14C4A4223AC5542632A604264856E4212
:10F75000453C7A42FD4E844213D78942374390425A
:10F76000A48A964285179D42FD17A442FB0EA9422A
:10F77000DC02B042AC55B642185EBC42A109C4429C
:10F780009E7F423BEBF34440DCC2B840C33E19418C
:10F7900052D94A41B775804140349741EA03AC41A0
:10F7A0002751CB413D02DD419D91FB413B200D4264
:10F7B00005D41542A3552442F6703042E3F53D428C
:10F7C000A4F04842B7B45342A2346242CC8F6B4299
:10F7D00066B9794210D383423A078A42B0C38F4256
:10F7E00073B596423D139E42E723A3427D66AA422B
:10F7F000C68FAF42DD49B642AD1DBD42B37BC242AA
:10F800006AA6683E4C6B4C40DA10BB40600C1E414F
:10F81000B25D4B41919D7441EE7C93415E36AD41AA
:10F820007DA5C8410B27E241BF01FE4152AF09420D
:10F8300010B91642E3192442BAC32F425D673B4216
:10F840004CC64842429255420DF26242FDC06E42A1
:10F8500014A77A4254B1834228D48942D599904260
:10F860004AFA9642B9E19C428A84A3425F89A9423E
:10F87000425BB042668FB642828FBC4263F0C242A6
:10F880005F647A3AE6FF4640CB8AC440A63714410B
:10F89000A19846411E667B41583695419358AE412A
:10F8A000FE8CC841CE62E4418848FC4188D00942C0
:10F8B00091A31642099123420FDD3042F6A93C4242
:10F8C00030214942F21A5642A219624235DE6E4296
:10F8D000B4647B428A2884422E4A8A42C9D3904229
:10F8E000F1C99642AB049D42F84DA342D7B6A94256
:10F8F0001D22B042AC07B642ED2DBC4226EEC242FC
:10F900000597463B3ABE4840122DC94064DE12417D
:10F91000354748418A227D4162A493416304B54141
:10F920002AAECB419FD2E4416FFAFB41BE27084289
:10F93000DF2018429B012342457D2F42F3983B4232
:10F94000961449429C2E564246EF62420C4C70423D
:10F95000A2D7784284AA83421E2F8A429AFA8E4204
:10F9600094619742EF3C9C42A688A342AFD6A8423E
:10F97000CC11AF42FEFEB5429F26BD423A54C3426F
:10F98000A95F6BBDB45046402715CA401CE516411F
:10F9900044B24841E5AF7B412C5396416047B041AA
:10F9A000140DC9416F1DE2415703FB4122490A4230
:10F9B000038116422A6A234204D82F420F613C4237
:10F9C000681E494249CF55422A30624203CF6E42F7
:10F9D00057117B420BE38342DA2F8A42DF8C90423D
:10F9E000B4B99642D6319D421850A342B9A5A94256
:10F9F00070E2AF42F43FB642BCA2BC4226B8C2425B
:10FA0000D5CD22BEA4064A404619C34079B9144157
:10FA100066054E419F5A814160469A418D25B1410C
:10FA20003855C4412EDBE14192B6FC41B36E0A4227
:10FA3000024C16421CA324420E862F42A9243B42AC
:10FA4000C5E54842DD7656424F28614208176D42AF
:10FA50003FDB7C42DF698442BDAA8A42A0C38F4259
:10FA60002859974230669D42A87DA342FBC6A94211
:10FA700010BCAF42688BB642DAC5BC423B47C342BA
:10FA8000DD324FBD5B2B4E406035CA40F3C114419F
:10FA9000AD98474173957D41E98C97415EC7AF4171
:10FAA0008015C8416866E3418A91FB4122220A42DF
:10FAB0003A971642A96B234201572F4289AA3C422A
:10FAC000B2454942C34F55424AD6614238F66E426A
:10FAD00010457B42FEF88342924D8A423267904243
:10FAE0004AD99642E2FE9C42CA67A342AEFAA942B4
:10FAF000B4EEAF428944B642E872BC42FCEEC24268
:10FB0000A419753DBAC54C409084C4408973154111
:10FB10002D1F4841E7387A417E06974116E5AE41F0
:10FB20004CA0C941D0ACE141AD0DFC41C6200A4218
:10FB3000730F1742D0912342A243304215933C42A7
:10FB4000D6FA48422E17554214DB614223306F42E9
:10FB50004C8C7A4271FB8342802D8A42620690422D
:10FB600082B296428C4A9D42ED52A342AC3BA942DE
:10FB70009F16B0424726B6424082BC42FEB4C24203
:10FB8000DF79D73C23DA494050C5CA400AEE164116
:10FB900030A44D4159B57841DAAF924147F6B141B1
:10FBA00016AEC741DFAEE341B007FD41851D0A42F5
:10FBB0003881164287152242D48F304230DA3D42D6
:10FBC0000FA84942EA115642AF8F60421F1A6E4297
:10FBD00022AC7A4232F78342B1588A4223409042A3
:10FBE00091B4964297D19C42D10EA3423D82A94244
:10FBF00090CFAF42127FB642670BBD420332C34281
:10FC000095223E3E61936140A0F9C140398714417D
:10FC10007036434154F37341140C974179FBAA4168
:10FC2000B2B0C64197B4E141EA59F94107500942DF
:10FC3000654A1742246F244287FA2E42532D3C42D4
:10FC4000D0D54B4218295642EE68604210487042A7
:10FC5000B2557B422A5683429C8D8A424FE58F42A1
:10FC600043C29642A1319D42AF0FA3423966A942D9
:10FC7000DCA5AF42EB8BB642A5D0BC42188EC34286
:10FC80009E41853E4FC558403512CC4099DD12410A
:10FC900062CB3E41F317824107FF9B41A894B441D8
:10FCA000F715C141EF95E241819AFB41C5410C42F4
:10FCB000497E14424D132742A49D2F42F22D3A4211
:10FCC0005C324A4296F65642C75D5F4287E96F4210
:10FCD000D2087D42D5A383424C568B427D3191425E
:10FCE00029E49542EE9C9C4276BFA2420F8DA94228
:10FCF00014BFAF420E5EB7420148BC421FE2C14290
:10FD0000890C40BDEB034640752ACA4053A51441F7
:10FD1000B9AF4A4170A479414348964156FCAF417E
:10FD200096DDC94108AEE1411B6AFB412F390A4209
:10FD300045EB1642F62B2442BE07304263B63C42E6
:10FD400006F549427A4B5542F6AB614243896E4211
:10FD5000C6DE7A4248C583422C338A42B14E904275
:10FD6000D4D29642D44F9D42C050A342ABA5A942E3
:10FD7000F6C3AF424A21B6426AAEBC4201C6C24295
:10FD800008F084BD2BDC45404DEBC440BF811841D9
:10FD9000F71B44410BE47A41513B97416850B44111
:10FDA0000F11CA416949E341F994FC41428F08426D
:10FDB00024941742C08A2142EF183142FF013B428E
:10FDC0005C274942D1AA5542C8E36142B16D6F42F6
:10FDD0003D877B42A7E983425CC68942D666904252
:10FDE00077C09642FEFC9C42738BA3424D8AA94287
:10FDF000A2D0AF422EB0B542DDA4BC422944C242DB
:10FE0000DE0E9FBDD02852409C18C440A1C71D41A2
:10FE100022914141895F7F41E30A98412B46B141DC
:10FE20006DD7C8416A1FDE41DB04FC4126AE0942A2
:10FE300089751542FB8D2042F30E2F429E8F3C4266
:10FE4000848749425E585642E247634253D76F4225
:10FE5000E33E7B4286E98342E2DD8A421ADA90423F
:10FE6000C3299742238B9D42432DA3423134A9429B
:10FE7000092DB042DB90B6426410BC426A87C24290
:10FE8000CA976A3C14CE4A40C4E4C840CDE9124146
:10FE90001409464168AD7E41FAE195414EE4AC411A
:10FEA0009804C941E72AE4412788FD41F34D0A42FD
:10FEB000DDA916424F48234247693042E6CF3C4213
:10FEC000A6DF47420A1855423E06644225D66C42D8
:10FED00047887C4252368442F5CF894216019142CE
:10FEE00050E79542A99E9D421229A44259C2A942B7
:10FEF0007100B142B311B742F105BC42E487C2427E
:10FF0000FA09BF3CB5374740FB4DC8401C7F17413D
:10FF1000BA884F413C9B7B410DC59741EF7DB14174
:10FF2000BDC3CB411E9FE3413AE6F9412C060A428C
:10FF300022BB17428A7223428146304245A33D428A
:10FF40004451494248CD554238876142829E6E42B3
:10FF5000885B7B42866783421EC389426C61904204
:10FF60008E159742DF5A9D42EF09A342BF94A942E2
:10FF70006B23B04270BAB5421EB0BC429F11C3425F
:10FF8000D27EA2BD50034A40B8F4D040246E18413E
:10FF9000D8D74941320E794199FB9D41B141B341D6
:10FFA0002497CA4164B5E24176D5F84145CE0B426B
:10FFB0007B7817421B052442A3342E423BF1394281
:10FFC000CC774842365E5642A11E62429C1E6D426C
:10FFD000C2C77942F1BE8342E8858942D353904239
:10FFE000995396424CDF9C424D4BA3421CFEA842C3
:10FFF000A78FAF4208AAB542DE67BD423E2CC3427E
:02000004F00505
:1000000043B1F4BC7D9E5340161FCA404DEC1641CF
:100010005486484120407B418CA49641B41BAF419B
:10002000EF33CA413F61E141F8AEFC41C9A1094249
:100030009E991642637E22420C642F4203E83C42A2
:10004000A49749429937554207A96242B54E6E427C
:1000500025307B4214D18342B8518A42DB919042D1
:1000600009B79642D1F79C428F29A34240E7A942A3
:100070008FB2AF421733B6427466BC4271BEC24201
:10008000A0EB21BDC3C746401067C240FC6E1541BE
:10009000A39A4F4178177641B4A2944105DDAF4150
:1000A0006A51C841FDADE1413BD3FB41188C0A4286
:1000B000AEA51642223A2542DC153142A0953B42BC
:1000C00064854942A1A45442E86A61420D146E421B
:1000D0009A2B7C42055C83429D96894299F18F421E
:1000E000DC85974262FB9C421AE2A2425E7FA942F3
:1000F000AA8CB042F4ABB6424BB7BC428747C2426F
:100100001E420ABE6D6147405D88C3403AF4144107
:10011000C2DC3E41A52E7E41DC8E9841E9B0B14162
:1001200020D0C841F0CEE24186DEFC4110A10A4257
:100130005869164255C12342F423304264DD3C42E3
:1001400077EC48427CB355424EDF61424E686E42C6
:10015000C4CE7B42B254844289178A429250904264
:10016000BAF79642FD4A9D42118FA3429AD5A94201
:10017000A300B042165EB642CE7CBC42F88DC242AD
:10018000DEFA91BD057E4E409A42CC40471F194190
:100190007D654D414F0B7A411F6C9841E5E4AE41BE
:1001A000D331C741DED7E1417901F841B8880A422D
:1001B000CDE51642EFE72342632930423BF13C4252
:1001C000A6014A42E39055421BBB6242CA516E42AD
:1001D000C2847B420A238442271F8A42BFFF8F4288
:1001E0001CB89642567B9D4261A4A3423BA2A94201
:1001F0006317B0420529B6421A7FBC42F727C342B3
:10020000300DBDBEADDD50408567C44072B21941AE
:100210002D464641671C724140469C41F178AE41F3
:100220005C31CD419014DF41286EFA418A280C429E
:10023000152915422F4A2342CFC63142AD5D3E42B9
:100240008F9F48421A015642DACA624295EB6C42CD
:100250001C8F7B429D85844262488A42D22F914204
:1002600063399642AC569C4241B1A2429E1DAA42BD
:100270003A9BB042C67DB5429532BC4238F5C24287
:10028000FA6A763C6264484017EBC84027D11641B1
:10029000ED084941E3507B41F5CC9641E3ECAF4199
:1002A000700FC941BF31E241FC53FB41653A0A423C
:1002B00064CC1642E75C2342CDED2F42DA7E3C420D
:1002C000A30F4942ECA05542D1316242AEC26E4208
:1002D0009A537B4266F28342D93A8A4269839042BA
:1002E000EACB964261149D42E55CA3424EA5A94229
:1002F000EAEDAF426036B642027FBC4252C7C2420C
:100300007184053AF8413540B38CC9403E801841AC
:1003100020D54A41EF847B41CF859641E104AF412E
:1003200047ACC8415F63E24120E7FA4165E20A4217
:100330004A0B1642B5362342CBA02F4244EE3C4234
:1003400053FE48428C56554218976242FBD86F4282
:10035000099F7B42A4DC83427F818A4204F68F425C
:10036000FD3B9742D2319D428B8EA3425FB3A9429F
:10037000202CB0420A24B6426480BB42E547C24208
:10038000869F4A3B78E7484086F5C440A93E16411F
:1003900046A84B414D688041CE119541758AB041C8
:1003A0005A7BC84145E3E141B7DBFA4125D5094213
:1003B000C6E616428B4C224216BB3042BFFD3B4282
:1003C000170F49423D975542BF306242F7CC6F420A
:1003D000373E7A42D73F83429B848A428FD09142F4
:1003E000FD03964266A09D428560A24229C1A942B2
:1003F00064FDAF4281B2B6422233BC42DBC4C2428A
:1004000097CD493994C63640BCA4C240BC3E144185
:1004100051C5454178607B41D6F29941B84AAF4118
:1004200066B1CB410894E141B218FB4190690942A1
:100430006ED517428F4F244241293042E7F63B42A6
:1004400065F04942CEFD5642E9A66042517B6D42BD
:10045000805D7B421BFE8342F1628B429C4A91424B
:1004600046A7964299669C42FA37A44218EFA842E2
:100470009647B042F46CB642AFF0BD428438C242F7
:10048000B7F0D93CF80945404E83C8408FC31341AB
:10049000AE014B41CB3B79411ED998411C5FB04125
:1004A0005F21CB41FE31E1419F52F941D4500A42D4
:1004B000BCB11842D96123422FC52E42DAEF3C422B
:1004C000B73A4942B86C5542A8AC6142195C6F42D8
:1004D000E6537C42C748844276868A424F4F904218
:1004E000EED09642D6319D42A125A342C38EA942A9
:1004F00029C7AF42CA1FB6425F60BC424AD8C24257
:100500005FC3ADBF5102C8BF4C4D113F0EE7B6BE31
:1005100034EAFEBFBC3E7A3F2F910BBECBBC933F6B
:10052000FD87BFBD170B9C3EED9826C06192EA3E49
:10053000DB5AAC3F5253C5BEAA5B6BBF74AB93BFD3
:10054000ADA80A40F3693F3FC00431BE2185243F76
:100550004A49CEBF3E2BC2BE5AB6D5BF49E68FBF71
:10056000C1E4243F35708B3F0E6D01BFF3CBE23EFB
:100570001BB28FBD25130DBF9B0B553E14EB21BF46
:1005800003E782BF598976BFE9E9533FDA688DBE38
:10059000E7C1F53E45D32E3ECC089FBF04D683BFAE
:1005A000AAECF5BE190DB3BE378D463F9F33A6BFEB
:1005B00057139ABFB50D88BD4513BA3C894F9D3F6F
:1005C000998CC13ED3ED2EBFBC0AF2BEC8FCBFBDA4
:1005D0005A2DC13D9B9A063EDA662CBF5262613E9F
:1005E00005870EBF6C5FA7BFEF5E873E220A67BF1D
:1005F0005AD1843E4427DBBE5B21E63D5C37103C8C
:100600002578D7BEEDCB923F54810F3F32CC3C3D95
:10061000E570173FF046AEBE85D34ABFECFC8EBDF9
:10062000B33383BED8E83CBF8BE9B1BE5720A7BE29
:10063000D843B9BE32CF2F3F70A834BF44CB19BDC9
:100640009C428DBE855294BCD5B8E1BD3EC288BFE8
:10065000A83E8A3E1641AB3F7FBBF5BEA8938C3EB9
:100660001C8ED8BF21947A3FC0F6E1BE3988DC3EAB
:1006700023B191BE71CC01408289D83F0A1790BE48
:1006800066DFFB3E63E9C13E6012563F99A65FBF3D
:10069000A31D70BFE8B1833FD7691ABFF616923F1A
:1006A0005ABC883F6312EABFA886143FC8E1CD3F19
:1006B00061DD89BF7E4812BF0438C4BDF56FE83FD5
:1006C0009B04EABF277BEB3FC939833F974B733EBF
:1006D000AD20823F0F5011BE16D2AEBEC2E106BDA4
:1006E000545DF0BF0D1D81BFA6205D3FCD36ABBF71
:1006F000F5A7D63F11040C3F2CD5A33F704348C04B
:1007000092CD18BECEF595BFB2D197BFB6DA49BE2D
:1007100098B389BF8B150E3E92AF283E4BF35ABF5C
:10072000117240BD4C69B6BE8763B4BE16A8413E87
:100730007ACB433FA62362BFAA95AF3F23535ABF4C
:10074000E14C103DDAE726BEE0A0C93E0974D83E70
:10075000FD25BCBEE0B4D4BE39F726BED8FCC2BE6F
:1007600017CD73BFB42E13BC9102553F39032DBD75
:10077000B4BB20BE11012ABF53AFE13EC87E25BFE6
:1007800043E2CABE78DFE6BDE58B43BF71E033BE0E
:10079000CD0525BED1D996BE23C2803FF7A261BF49
:1007A000A76352BF9A9DA1BE5E7004C0A116FC3C17
:1007B00058953D3E103DA43E4BD6883F4AB8B93FC0
:1007C000FB2A2FBCFECE593F1B12103E256DCE3E9C
:1007D000F82A52BFD0E7403FE34768BF0928A2BECE
:1007E0006CCA49BFB73129BF632EB3BF9F1C2ABE55
:1007F0005640CBBE2B50693E9167CB3D7C075F3F97
:10080000A8D74EBFB7A3783EE3EA32BF7CB2723DB1
:10081000D30E83BD6A9AC4BE7BBB45BFC6DA31BF67
:100820008056B0BFC588853FFAC9BDBFA017083F35
:10083000154FACBF70B7B93FE9CF19BE6A0D8D3FF8
:100840002829803F70B48ABF395D0EBFF5A4F63CFD
:10085000EBC6B53E192CDB3EE94E94BFE92E87BEB0
:10086000AA76863EBAFD19BFD90B7B3E0D816EBFBD
:10087000895D6F3FB8C5513FE65745BF62FEFFBD7A
:10088000C5B3973F8644883F823EE23FA02842BFDF
:10089000F2C2F2BEFB2C473F018B91BEDB2B303FF7
:1008A0003D6D8A3ED768A23EB124823F89B530BEF5
:1008B0007638583DA1A605BD47A9EB3E00491D3F2E
:1008C0008D0423BFB174763F9D2C1A3FB90A62BFD5
:1008D000A3342DBFD03386BEFF070ABFA223A3BE19
:1008E000C1E8A5BF3DEF503E73CC1C3ED85FD43E5F
:1008F0003121913F65429E3E0294C3BE4CED503F74
:10090000AB06113E431ECB3ECC64AD3F7A7BC13E6D
:100910003A877CBFAF3EF7BD8945DABF6DA5013F81
:10092000B119B4BFD4D420BEF355563E260CA33C17
:10093000FEA341BFFC4A193FD6D314C06A82D43EFD
:10094000BC775CBF62602A3F5C70C1BEAD9F4EBD8C
:10095000A1BB4C3FE7A02BBFB4A536BF7A6B97BFB6
:100960004E7FAA3CC35E06BFC0F1EB3C1035E3BE30
:10097000C262C23E7685983E810BC13EAABA083F4C
:10098000E834713D67BFABBEA96602BF1B16FE3ED1
:100990009F1B243E2EB4A43F19251A3FC8E4313FC3
:1009A000DF54803F12BE97BF72B00EBFC4D6E03E88
:1009B000CAFFB33E0E08923FDF8E3A3FD8B6D13F12
:1009C000EEAC09BF6F21ABBF4FC3A9BCFA41A7BEB4
:1009D000E4309F3ECF085DBFAA9907BE559206C07E
:1009E000DAB8293F413468BEF4B03BBD725C2ABF1F
:1009F0002B4AAD3E211FB4BE1670CCBEEDABE93E16
:100A0000E0FAC0BE51303E3FA8FCE43EC9A98CBF0D
:100A10007E3D693FE463D5BEC9EB553F65EA7BBFC8
:100A20005A89FA3FC11E91BFE570733FC1BD98BEA0
:100A3000AD6A133F5D7113BFAEEA35BFEADDA4BFF7
:100A40004C6B8ABC64482C3E738366BF735FC13EA7
:100A5000942EE43EB7418EBFC7D22F3EA818453F23
:100A600089DE833FEB7EA2BFC333923FD95B723FE7
:100A7000107FA03EB0A88DBEF9A2A6BFCEA1FDBE3C
:100A80006894E23EF50BAEBF64218DBF086794BC4D
:100A9000D64A28BFE4253E3FB943A0BC927F8ABE18
:100AA000A0703DBE076EE6BFCDA92F3EED51B5BE8D
:100AB0001AB92FBFDC48823F84D2C4BFDBABB2BCC3
:100AC000A7ED3C3EC8CEA03F0B2F1F40090FBD3DF8
:100AD000BD1A813F76F32E3B3CDD173D8ADA923F0B
:100AE000FFF714C01E47023FC04D70BE1C163EBF2C
:100AF000CF5C903FD453F23E89F2D7BD78B02E3F01
:100B000031100B3E46B9093E311B18BFEF01B93E0B
:100B1000AC7B813F0A900C3FC1AD623EA1E752BE63
:100B20006ED37DBE833FA7BF0F31F63EFAE89D3EF0
:100B30000A9AB7BEE942B13E71C08CBE7FEB5BBF83
:100B40003445A5BD883062BEF730ADBE1F3B6BBEDD
:100B5000EAFA0CBF40C426BC1EC2AE3D0A3185BFB6
:100B6000416A25BE8ABDBC3EABCAEABD870F6C3E5A
:100B7000FA054F3F3B545ABFC562E3BE5BA759BE5F
:100B80002E4A05BE77A93FBFAEDCEABE8FB10F3E4D
:100B90009F748FBE21DAAFBF3517A03C08D7B1BE16
:100BA00049B707BF589149BD9DEF9ABF428B4A3F55
:100BB000FDF058BE21C57DBF6E171C3F3F8CC2BEE5
:100BC000487F37BF98AF0840C2552ABF674A413FA8
:100BD000320EE7BFDDBC94BE089E583FB1A8A23FCD
:100BE000B7F941BF1C25D0BC36D2DB3E0819D43E34
:100BF000B6E5F6BE4FC8CFBE340B9ABF8201903F18
:100C0000AE6141BFC176FBBEDCC59C3DCB5C5DBE29
:100C1000E1A570BD8587A3BE15D632BD965A7A3E32
:100C20004B2336BFCC51E53DDEEFDEBEB46D253E35
:100C3000AC10D33E5E646D3E4A921BBFE859D63D70
:100C40008EC769BF87E742BFE6236B3E68F112BFDC
:100C500086C6723F6B55A5BD9513CBBE18B1A93F93
:100C6000786326BF7C8D02BE787755BFB5279ABEC4
:100C700068F3273E4733ACBEC016DC3E8C7F273F6F
:100C80000798853ED76375BFA967D6BFDB706BBF7A
:100C9000CC1DD33E7A701D3ED08403C0554289BD21
:100CA000A2C752BF2ABCDA3E9B928EBD15CAC73D71
:100CB0009CEEA3BEEC770EBF275EED3EB7060CBEE2
:100CC000D9B5A33F8435643FDA56243FA06231BDD5
:100CD0003BEF483F5433A93E7CC139BF2C4D873F81
:100CE000E35B0CBDFFFA1BBD7FCD9C3B17FA123EA8
:100CF000326C23BF3DDDB43F1D035D3D755EA3BE79
:100D00001D0C753E334C9CBF0064AABF1764F1BE36
:100D100035014D3F759F91BE90726CBF4E84C73FA9
:100D20004B32723FFE57B2BE58B665BF674802BF2E
:100D30003F438E3E7D3D84BFAF0095BF6CF213BF35
:100D4000159110BEADA140BF42512D3FB2C9B93D72
:100D50007425693D578B14BFBC33A5BEAF49A23D76
:100D60001A28D9BE04D762BFC1BDDB3E965F993C4D
:100D70006998A43CB65DB5BEF430053E305EBEBE9B
:100D8000D148F23EF8B645BE157F82BF41CA40BF8A
:100D9000D7CC193F9C6C333EF70C3FBF230DCFBD22
:100DA0006FEE333ED4E79CBEA64049BE8A16B9BE5C
:100DB00084F344BFC7785ABF19207CBD921BB8BFCB
:100DC00098DD993F8ECCEEBDD3F28FBF17A38ABFBB
:100DD0003B88403FE8ACB03F621AC23E48FE0E3F3F
:100DE000C9F2C53F867588BDD7E804BF8EFAC23EFA
:100DF0000894FABE6D91ED3EFEE28ABE8F622B3EF4
:100E000048EFDBBEE16C8EBE7BCF213E88A7343F2E
:100E1000362EA2BF46C9C3BD5E5B1BBF6D8A203F95
:100E200085C270BF025F2F3EB5B71ABF7E6B25BF6C
:100E3000D149D93E8B7F743E703102BF51135DBEE4
:100E40002A17A4BB52CFA33EBC46FE3D418E963E20
:100E50000BE306BDF77BBA3FCAB78B3FB8C9923DDB
:100E6000DC94D03FDBD5623E2771163F5D15473FCE
:100E70003E49A03DACC172BF8F9FBF3E9EA0B13F17
:100E8000EC1B2FBF130927BF6916F0BDDD6B31BF07
:100E9000027538BF65AD04BF9FCD973EF1F5353F74
:100EA0008EB4953F8ECE923E2DBED23F662E21BD92
:100EB0008479043F18E8B1BE8B1E183C94568BBF52
:100EC000BB3D25BFCE7D883E13D64E3F3A208C3E9B
:100ED0001BDA063F392B3F3F716664BF2EC11BBF33
:100EE0001870F9BE1E9D8EBF3581893EE362833F37
:100EF000D313E2BFB4127BBFF53F9B3F166413BE12
:100F00003846BEBF221DB33FD2E10BBE97CC1EBFF9
:100F1000F3220DBF8C8A253FBAB3A83E16D7773F80
:100F200018C365BF49ABE53E9AD3AB3D02E246BF6D
:100F30007E5F2BBE699934BFCF7DD33E03199BBF23
:100F4000E18C533F8766DE3E31940DBF216146BF81
:100F50005C13233F8B3E4EBEF5F94F3FEE87AEBD8F
:100F60008095A5BFD3512FBE462BD43F3F08213DCE
:100F70007914893F0EA1F63E94ABBE3F54614A3FBF
:100F8000C3FFE0BF7D373C3EE853923E231670BD61
:100F900091608E3FD715AB3E0F8AF13E55203CBF86
:100FA00051D9CFBEE15316BF365C2EBDB323273EC9
:100FB000093DB53EE69992BE33B47E3E12229BBFF8
:100FC0004A08953ECCA9633F10DAD2BD53912DBE9D
:100FD000B3575EBE4B76043FDE042A3F5971C53FCE
:100FE00029A10EBF2035F63D6DD1A3BF2A2E0ABF21
:100FF000F8B7C5BB247C4E3F2E3C06BFA1DC5C3F4E
:101000008F96F93A9E6156BF62BD3B3ED310C9BE72
:10101000A25027BF5D81213F4DA0BFBE85ED98BF87
:10102000CBBA3E3F3390073F61D1063EEE8E2ABEDB
:10103000BAA37ABE2E80893E7EC89A3FB052A1BF25
:1010400040DAED3ECD5504BFF185C1BFD340803FAE
:10105000336F873D7D1DFA3C7FAB41BE9195613F6B
:10106000D299213FD628093F0707963D0CAC5CBEBC
:10107000FE20AD3E416101400EB79F3FDAB1283FEF
:1010800092357D3F6FE0AE3F263DCBBE6F43FD3FC7
:10109000A21B2B3F1DDE8EBEAEDF97BF46EDB1BF5C
:1010A0004FBDAC3DCACF213F4BD556BF779BECBE61
:1010B00041FDF7BC0E88193EF978C9BFBEB941BBE6
:1010C0008EFB0FBFE180074063126BBF487D4D3F31
:1010D000AAC09A3B7E8140BEDB7BC8BEAA99473F2F
:1010E0007CD291BFC27CA33FE18203BF1018A73F0F
:1010F0004764A83FC3DCC53ECE4CFA39E73DA3BEEA
:10110000BC0A57BFC4A6773E42760340EDB7223FE4
:10111000445A8DBF5270A03EFEAD14BD8507063EF9
:1011200037E9D53F91ECC53E6297E83CBB32E83EDB
:10113000DEB78D3F5E1F23BFD5F6A2BFB5664C3E1E
:101140000AEC77BE260183BF961C0C3F418BB03E54
:10115000928A1E3D4108B8BF0288933E5BF7433D2B
:101160005894DBBE3A546D3EBECE363FEEFB373F61
:1011700070C4B33EDCC4BDBF8FFEA6BDD8F69D3F94
:10118000416339BF759DF8BF3061AABEAC4C333E98
:101190004054A2BF5F9377BF4FB04FBFFA0467BE02
:1011A000AC5220BCB25034BC28A40ABE13BAC73E0D
:1011B000D44BC93D9A36E3BE92C90EBF9F1AFA3E80
:1011C000F43DBBBFD222AEBE9B34BD3F99CA4ABFDD
:1011D00021D3103E459AE33D6DBC0B3EC18AC83E0B
:1011E0002E60A13FC693373F7271113FC6969B3F59
:1011F0002AB713BF8BCF54BD75CE60BFB24A773FBD
:101200009089A6BE6D90BF3F9CD8B8BE83FCB93F05
:10121000EBFD523E6ACA333EE000B63F2021FE3F5E
:10122000E1B941BE78CFA33FB5899C3F9640DFBE70
:10123000478B4CBE8D1A90BFD73EFA3EA8C862BFFE
:101240004B45F4BD7E70FFBE3A903CBF54A67A3E3B
:10125000CAF8403F9BDB713FA1F3D93CE860DA3F1D
:1012600091B1FE3E4DAF403F2BC537BF28AF32BED8
:101270003EDAF2BE1E87983ECFD8E03E0F59DFBE61
:101280006EAF5E3F1FFA463FBB05B9BF2F1484BF48
:10129000C2B828BF66B890BE272226BF352694BEA6
:1012A000F128AB3F0649D43DAE2BAD3E83E335BEBE
:1012B000A461CC3CCAD8723D541989BECC8CCE3FB7
:1012C000D4A0E1BE140180BF47F7223F885256BD2B
:1012D000A096DA3FD8FE563F83D5C33E78E5463E1A
:1012E000B47FF23F7604AEBED7D24BBFA0CB56BF81
:1012F00068CC39BFF1E1143FFF2F54BF01A0C8BE35
:10130000D675D23D0E07E3BEF18CF7BE2F2923BE62
:101310001B7B863F1CFC7B3F426A503D83B2BA3E3A
:101320002F79853E93B7B8BFE8A3A2BEAA250A3F8E
:10133000FE98333DCD81473F3BE88BBEBC00AEBF3E
:101340000D30B9BFC70CECBFA8043D3F2F0EF73ED0
:10135000D1E915BF34736B3EA9E0F33EFD41753F03
:101360005E7436BF2551CABE18CF8DBF7F0B733F49
:1013700047CEEEBD546DBB3EB81EBABD0C34303EF8
:1013800049EC98BFF60EB73EBCFC8DBEFA14CF3EBA
:10139000535FCB3F53934F3EE24BE9BDEECEF13E60
:1013A0006262D8BB545AC6BEA96914BE7B670CBD25
:1013B000EB7F36BF4366C43F80D8AE3ED793133F22
:1013C00048EEA13F046D14BEC6CB333FBBEFF43EE5
:1013D0000D29E93DCC214EBF72B22DBEAD12533F57
:1013E0003906503E29B152BF024C1A3F56E1FBBEAE
:1013F000428BC53D443F1A3F4C62B6BF62A97F3F56
:101400003B69BCBF1646E33EEFE690BD2CB71EBF5E
:10141000882187BEA8D8AB3D790A883F899D033FC4
:1014200008084F3EC3FA42BFACAFE5BFACF2AF3FD6
:10143000737CF1BE37FA983DAEC3C6BE188EDC3E53
:1014400098DFE5BE09F6C33E4207B1BE646DA23F18
:10145000CB50B8BE53481FBE4E2AE8BE51B4D2BFCF
:10146000AFA9043F10E61F3FF27FDD3D1F6DD23E66
:10147000A15AD43FFA9D0040EEE3AEBEF2DB06C0B7
:10148000AABCA73F2358223FB94AB43FCD63D53EFB
:10149000D0A9BB3F9983C8BF1D54BDBECB993DBFEA
:1014A00088ECFBBF86A900BEF4256C3F01865D3F3A
:1014B000416D05BFAFC8F1BFCE6F993F6ECBA0BFE6
:1014C0007DECD03F8214D73E6D7F833E458103BEC5
:1014D000C11E993F3AB8E23EA846823F830E7E3E47
:1014E0007BABFDBE76737EBFC78C23BF75F46CBE2D
:1014F000E77C53BEC74AC23FAB0911BF408DE63FF0
:10150000BF231CBFEDE2273FC5790C3FF857DEBE75
:10151000D5A2DA3EC7068B3E02479ABE24DDEEBC5A
:101520004EA1583EFC4D4C3E20DCCEBDA2BAEBBFD6
:10153000BDFDE4BE91C489BF9F55D53E867BBCBF2F
:10154000D32CA53FDF60A0BF71152DBF824CB93EE3
:1015500091FE5FBF3618B83EE564DEBF706D24BFF4
:10156000DF0D7DBE73C4BDBE2981763EFEA57BBF67
:10157000FF7AE83F0A1C323F529B5ABEFC50213F83
:10158000E68924C03056CB3FAB39273F44C6F7BE6F
:10159000310142BF854D6CBF1E2BEEBED1ABE93D84
:1015A000D0800EBD29B9EABF7531AA3E6B271B3F1B
:1015B0002382FCBE66D57E3FF0938E3FB663DBBED2
:1015C0006D2A0CBF2CFC203D568209BF8E4F083D72
:1015D000A371B03F813BBDBE23F6BBBDD54307BE63
:1015E000396D653F03FEA8BFF96089BFB36F213F26
:1015F00047CE62BE812B933D5E3D663FB7A24FBE94
:101600001209943F7506973E855F903F0FC63E3D99
:10161000D3E2093E9078C13DCDA8F2BFB54B133F50
:1016200078AFE2BECBB5043EC1674B3D4E28EA3EE3
:10163000B36A9F3D5C249D3D665D26BF9B8B82BE49
:10164000D3F5AB3E13B9EC3E84EA1BBFA5D94B3FA3
:10165000F4A9A2BF8C5FD1BE2020953E8909D43D5C
:10166000EFEE9FBF4E3E3EBF88560DBF8B0F72BF41
:101670003BB580BE73F5EC3E265851BFBE93583E35
:1016800003A91EBF5749BCBE2F48143E1E60243F0D
:101690001BA69E3F18114EBFE47C853E9C3B663FD7
:1016A000D4AD99BE20F6273FC187433BEC06B83D39
:1016B000A5EECCBE2A17B0BE1A14D43E1A60BE3AAC
:1016C000A63CBC3EE52F00BF648116BF283C813F8D
:1016D000ECFF09BE65C8813F2FC6E3BED95E013F5E
:1016E000A99C1CBF82EE763F25468D3F4E03443FAA
:1016F0002C19233FCE9866BF4731533F32A864BEB2
:10170000923C643F5F1D013FC6650D3F519D173FF1
:10171000A736353D6BFF863D478C6EBE2E4E88BE8C
:1017200006F45C3F35F286BE3D45853F19C0A23EBA
:101730007FC0C63E4B43A2BF98B737BEA9884FBFF4
:1017400075E782BE291E5C3F98FE583F65DE483F24
:1017500087FAF43EB939DD3E2499E33D69BEF3BE14
:1017600038ACC93D4B0B3FBFA8D3E33E7B69AABF52
:10177000220E53BE925911BD6A013E3FEE49313EE1
:101780001FD07ABFE30597BE9F2CF13E2E92BD3E3F
:101790002134D7BEC68A9FBFBE8C263ECFC3843DB0
:1017A000E438E93D49038E3FB2EC45BE095B683E33
:1017B00075BEF4BE2348313D653DACBEBDCCD7BE41
:1017C0007076A53EFC16A3BFEC18163FC36C7F3E97
:1017D00039771D3FD04F8E3ECD01873F4C50953E0F
:1017E000C239D7BD997AF43E5A639ABEFAAB5CBF50
:1017F000656623BE30D8E03E8935D93E97F3A03FD9
:10180000E17D2ABE28680A3F710F243E556282BEE0
:1018100079888C3F040C3E3ED117753EE72D19BDEB
:10182000B07BF2BE2A73F9BD62775E3E090187BEC6
:10183000C28A223EE1547CBF538799BF61AB063F09
:1018400080CB7BBEB24E633F4D7BAFBF1C424D3F52
:10185000DB9BA7BDB7FB953F5A645A3E960E9ABED6
:1018600089B7C33F51D608BF764D9C3F3B82A93D07
:101870002AFBE43ECF07C9BF782A613F3E0FD1BDA6
:101880003B3A03BDC178B33F812147BF9C18A5BF38
:10189000DA0E06BE80C361BFD02659BF7B5F8D3E86
:1018A0007F8A223F918B903F78CA7BBF350542BF2C
:1018B00048B541BE38E12E3F43B0EBBE306E0C3E22
:1018C00039F2F9BD0608833EC972DEBE62495ABFCD
:1018D0000E3EF4BE557990BFBAC01CBFD3FBA7BF64
:1018E000E2B1C3BE8C73AABE11ED91BF064EA73EF6
:1018F0006A0681BC8C1996BE2342A43E63D7B73ECC
:10190000629DA5BF55E0E7BF87D3973E71BC06BF78
:10191000A44800BE7597073FDC44083F47595A3E2C
:10192000198A103FE016D5BD8CC3C03ECC3FEF3EB8
:1019300073BD93BFF624A9BF1D715EBE2805D9BC37
:101940002AC326BF91550BBF4AA3523FE49A9BBFBF
:10195000749FF03EB7B3F0BF02C6FF3E7E8C073FD8
:101960009EA0B6BEB55146BF1683783FA9A2BDBDA5
:10197000E7849CBE47E55C3F7B61DC3EC9A5AEBE0B
:10198000081E2F3F73C8B63DD71A87BFAC1F39BF9B
:101990008743A4BE18A5683E40E4B6BD7BD23ABFDB
:1019A00002577ABF750591BF296F95BFB0FEE93E1A
:1019B000A899843F00DEFFBECFF50F3FD4136ABE67
:1019C000748C153F80A0353E30D8B43F93E7FABE03
:1019D0001923323F419645BF1E667BBFF71C603F0F
:1019E00027327B3F765B88BFC3AB8E3F35274D3EAA
:1019F00023BF443F89BC853F6E76283FFECE29BF7A
:101A00003D6E30400B5684BD63A7963FB41639BF78
:101A1000A3C0C13E90ED0EBF6DB7A13E263AA7BF51
:101A2000EC21BE3FEDE7873F21289E3F6ED7CD3E9C
:101A300075432BBF70EC573F17B4683FF40445BFA4
:101A4000E3B827BFB478133F58C375BFDD37693F8C
:101A50006C2BE2BE15A1D1BF19A0E33E18339B3F0A
:101A60001DCE9B3FD683E13E0A83513F2E4D1C3F46
:101A7000817D45BDD3A83F3F097EB1BDCD7CA2BECF
:101A8000B9214DBF654EE63E7FF3823E62019DBFA8
:101A9000EE5AED3F8376A5BEA819A0BF0908A6BEE1
:101AA0009D5616BFC2F32A3E3015D03ED2F7213FD5
:101AB0006DACE13E2399703FD60253BFDA039BBE63
:101AC0007DDC04BE1827C6BE5B43F03DFE519D3E43
:101AD0006D787FBF4C7889BDEA00F3BE5D482BBEB0
:101AE000E8092DBD5382CDBF50C9053F4F29B73EF0
:101AF000F18C9FBD048D2FBF0AB8DC3F3782283F91
:101B0000093363BE5E3FC33F618C2F3E80157F3E2D
:101B1000E18806408417AE3879748EBF39BBFDBDAD
:101B2000D492C13EA81E2A3F187D2D4013BBF7BF9B
:101B30002EFB8CBFFD3B473FF76C3EBF6BAE20C01A
:101B40001A218C3FED4840BE651E593F998FAB3F2F
:101B5000413AB13FD4A45B3C7EAD483F0F8A473E3B
:101B60005849143E6E459BBEF6AB593D9221683EE6
:101B70002577DE3F213102BE72E02C3E9E93F9BEF6
:101B8000BE5B4FBC5FB0DB3E64B2123FF9B587BAB3
:101B9000B9ADA83FB597213F5722483FBA60B53F3E
:101BA00059BE13BF9E1D993E19E78D3FA0DFF93E38
:101BB000F883FE3EC86405BFC020063F900CBD3DC3
:101BC000B6963DBF44454F3F08DBACBFA2F4393F5A
:101BD000E61F1C4073CDA6BF70A53A3F15703E3F6F
:101BE000C8588FBFAFB246BEB72F923F3DF9363FC0
:101BF000DB1047BFE5F644BEF05481BFD884553EA4
:101C0000D1FD773F83D06E3FB6845D3CDDD69EBF6D
:101C10004A48EEBE3B48BD3EB6AEC7BDAB040C3F26
:101C2000C8EFABBDD410993E836113BE85C3C33CDE
:101C30003C90C03E031A753F362BC8BEF641F13DBD
:101C40006D5CA6BEDE5622BEF4E14ABE6F31BD3EDB
:101C500063F0A23E15F50EBFEC23AC3E20BA3CBFAC
:101C6000082A693FB416EB3E78DDD83E9ACA8F3E0B
:101C70000A3E98BECC0FABBE52A0FFBE73243C3FC1
:101C8000250D993F0E204ABF44B292BEAA3E02BF24
:101C9000F56A84BFE0FAFD3E2AC1263F1C6810BFEA
:101CA0009D76603F56388A3D1B7D713F52F2983ECB
:101CB00024A45EBF247A19BEA50933BF7983DE3D13
:101CC00061417F3FB826FD3D5EE2AB3EA5895E3FA8
:101CD0004E56623F65F2183F8CFE0F3FA7BA0CBD0F
:101CE0009A2C2E3E1FA4463E49E0003FE53A773F3E
:101CF000BE79C73E8E3DD53FD00F813F1C0D90BFB2
:101D0000766D023F29B77E3F23C8283FD2D9F7BD61
:101D10000FE2C4BF6177AA3E55C28E3F5CB39B3FC2
:101D2000AFE1CFBF21A62BBFA64102BEF79B563F16
:101D3000B3AA9BBF0699953E140A34BF644609BEF8
:101D40008BE66DBD4688863EB476853E2B952D3E4E
:101D5000B197453FCA5DEBBE4D96783E5EE4A8BDA7
:101D60004066FD3E696991BFDC3611BE0536DFBFB6
:101D7000EAA8953E45A70C3F93C210BE3B85973E0F
:101D80005706EE3E7FE2B83E45CF913FB260A1BE1E
:101D900032602A3D1329113F3108DD3D8F6E5F3FD0
:101DA000E1E9B23FB2A11E3F2D3729BF602D463F6A
:101DB000C207CABE196F513D569A583F8D40013F28
:101DC0007E3AF63F1BEF0C3E735649BF5FAA30BF09
:101DD000849A42BF1C2918BF7AB6FD3E8658C63E7B
:101DE0002EFD8DBA10F8F9BE3E6476BE2C2F293E2A
:101DF000AE4F59BF03EFB93EAF860A3D748260BF54
:101E0000729829BD30FEFABDB219DDBDA62FC9BF3B
:101E1000430D2BBFD1E2FF3E2DAA57BFE688803F7E
:101E2000F000E9BF7582D4BE2F8F27BF9DB919BFBF
:101E30002111133EACE9BABEFBE68D3F66163B3F6F
:101E40003CB0993E916C4FBF8E5A53BFC77124BFAF
:101E5000E7D3C23FED3C4C3D4C115B3F1854F13D84
:101E60002D849BBE3C54843F046E6BBF83056EBFC4
:101E7000179B493F1200903E741F40BE643A2FBC2E
:101E8000CA702BBF7BF6293D0BF5543FA8BBBD3F65
:101E9000C6F230BEE4AE20BF83E7ABBEEFB5ADBF48
:101EA000AB4C743F0F1654BE714ECABCA28D0C4091
:101EB000DE51413FDD776FBF7B5D7ABE852DCD3F23
:101EC0008CE5A7BEE0C7563F4130A73F68AB3CBF9B
:101ED000E4CA0BBE3198F8BE03F98BBF57F9D5BFE2
:101EE0003E94E0BF1E742BBFD1E9603FB3AB92BFFD
:101EF0000C388C3F6A422FBF2F02B53F79C988BF8B
:101F0000B4DFA4BFEB89893D3FF01DBF9E77203F22
:101F10001C90003F0DB0A6BE6BFA853E391366BD1E
:101F20007870C63E8E29303F7A3DF43E6A2D833E5E
:101F3000F1AC023FAF1F61BFABF65ABFC1C8A7BE2D
:101F4000B964B83EA784D33EEB3CF83E2B92613D8A
:101F5000CD60F9BE74B8193F8613BDBFCFC0B13F85
:101F600028C750BE4CDB48BF113C1F3FDC10CEBE23
:101F700009F9603F063575BF394E9D3F886A793E45
:101F80009E196FBFCCED3B3F793186BFF75A8BBCB2
:101F9000D4ED9CBFF47CD5BE43B5303F3E23D43E48
:101FA0006A255FBF9835B23C6F15773FA4E2A9BEA2
:101FB00057412F3ED52597BEA83876BF3A0D213F11
:101FC0006DFCCE3E18CD663F1E10AEBE8BC904BF61
:101FD000EDACF2BC8CDD46BF73AB51BF9FD2883FE6
:101FE00003F985BF2AE847BE851DF13E6FC3093F4F
:101FF000992522BE8F7CA7BF925720BF4EA284BFD7
:10200000966F683FB9E79B3FABB138BFE004383FFC
:10201000BFDAA63E71C9903D5CBC0740E5383EBFC3
:10202000D41DC0BFC9511F3E3115793F41893DBF05
:102030002953173F03ABAB3E6B7B1C3E57A8D23EE8
:1020400049713FBFE7AF953F6FE952BF69C555BFC3
:1020500055D2FDBEFB7289BC59D8BBBE4A5711BFD1
:10206000E5388DBF140D2EBF3FE0A1BE853F1DBFDB
:10207000BD58093F1C2483BC07C92DBFCD989FBF05
:1020800038E4483F8475353E5FD2BDBF01273F3EEF
:1020900005AEC03F623D09BF84BECFBEA6D09D3F06
:1020A000B9DF733F6A7EC03EF11FEEBDB3BF9CBE79
:1020B000A6A49E3C8A4E80BD80E42EBD66BA50BF69
:1020C0006E1777BE09AA31BF9483473FF634173F96
:1020D00052069A3F59D9DDBF9D0DDDBF95FC7A3F71
:1020E0007CBEF7BE5E5BE23EF2B5803F6B686BBFC5
:1020F000DD54A5BF64D636BF1F012DBE2BFEF2BD39
:102100007D59343F375F46BF644365BFA0925DBFD2
:102110006BB9F8BE24A43BBF5F28A8BFA2F307BDDC
:10212000DCB81BBF95CF92BF2EF74BBD3B324FBFE4
:10213000EC246F3D038B513FDA82BEBF09C86CBEF1
:10214000CEF4DFBEFF24843F84783ABE404C8A3F01
:1021500019B1093EE6B4193DE744A03D4FE3823F83
:10216000463D98BF2493B5BE3754593F6D46A2BF34
:10217000D87C0DBC2F3C333FC57FB6BDE056FCBEBE
:10218000464292BF6ACF9F3F489387BF5EF7183E93
:1021900074C9B8BEBF00FCBF840AB7BF7349BCBDD9
:1021A000AE11883F1809C9BF67342FBE062AB73E53
:1021B0008638E43EF6ECE73F1AF44FBE1CC1EBBE96
:1021C0003CD4BD3EDA72343F30536F3F6F66563FAA
:1021D000A63F303FE766F73E8FA373BFFF4611BEB1
:1021E00002149DBF40AABD3E8270623F42C4933F2D
:1021F000CC95983F24D1AF3E001B123F26C407BFA9
:10220000537AE3BDD6A7E2BD9715EA3FEBD9A93DC6
:102210006954193FB7D97B3EC0CC433E55A96B3EAC
:10222000E2700BBF6E9934BFC14B023F28C09D3E88
:10223000E0BF28BFCFFFB9BE1E3EAF3F09CBECBF0A
:10224000F8CC63BF4C9824BF3DE1C73BD92E97BE65
:10225000A16C803FC0E79A3D76268D3F06FE3ABFCF
:102260005B2AA5BD4B3B2CBF6461CA3EF380DCBF3B
:10227000EB37E03DD93635BE3E1B5D3F7FF73A3F39
:102280008A87893EF5C37E3EB8DC363FD12186BEC3
:10229000D6158BBFF44BD9BE1DE3E03F831D88BE2E
:1022A0002CD2D73EA2994FBC7002A7BF7346413FC4
:1022B0005CDDDEBF01BADBBEB64FCDBF752F8FBD73
:1022C0003974DFBD4DFB3EBD6DFE953E6C0FFDBD0F
:1022D000CAD6EA3C1140D1BF8F1A6CBE071EB73E6A
:1022E0001AE23DBEC41C67BE9AAA9E3F387D8EBFCF
:1022F0007700D03F73A82ABF7B53C93E86261D3F77
:1023000008F38A3CAA4E16BF7236B5BEAADB123F4E
:1023100017F125BF44F8BABFAADF8E3E828DDBBE1F
:10232000A7863CBEE0A86FBF79B14E3F8EAC323D70
:102330000C8AA7BE4D542BBEDFCC373F1089A5BEFB
:102340001EFC923C5044A4BF97E672BFAD2A6E3F7C
:10235000D6A04DBE1CFD05BFB693DBBD38156EBEC5
:1023600090D8163FD9CB233F932BF73E8E9ECEBD00
:1023700057DE4DBF9EA1AEBF1604DC3E19DC60BF28
:10238000BE14513F322FA4BE24A78C3FF3AB37BFFE
:10239000C3A10B406CFC463F29FD973E4CFE9FBEFF
:1023A00046AD3EBD6436DBBE340CEB3E5205A0BDEF
:1023B0003ABAFB3D662E113F87943ABEB7C0B9BF0B
:1023C0007C4039BF6B13A9BF0BF067BEBC84B0BDA6
:1023D000F7A40A3F8AD4AD3E40D9C53EF1D8C2BF6A
:1023E000B1556DBE06F33C3EDA3B98BF7C54463E89
:1023F000D6F1333ED5801D3F504BBA3F181B843E6B
:10240000B381B83FA241B53E0ABF2E3FCBB03BBE21
:10241000296C713FBE043CBF716ACFBF2A9886BF4A
:10242000644CB9BF6BFC8EBFACEB6D3F5B4E2BBEFB
:10243000A964BEBFE9EDFA3D543C48BEF82147BE51
:102440001790983EB3C78EBE081D52400508643EE3
:102450001FE1E7BF9707833F6BD2693F3F54D43FEB
:1024600069B4B3BF13FC0B3F754FEEBEACF11F3F19
:10247000977A64BF82F8D8BF3469CF3F71C3B4BFC5
:102480007454983E7541803F96FFF23FD7CD69BEA8
:1024900087CE60BEA6B0ADBF11D6E5BFA2210A3F70
:1024A0000C4DFE3F90BBDDBDD3B5A0BF866A463F55
:1024B000114F4E407ECC1ABEA142D13E40EE98BF95
:1024C000586D8BBF9E29983F181CCDBD71FF7E3F74
:1024D0007FC25DBF0BF9433EA3F0963E2BE61C3F47
:1024E000D48A35BE308FA23F728D3D3F487512BEF3
:1024F00070CCD43F6D9F0DBEEE93244015443E3FFB
:102500003AAB8BBE8B3B923D51F9013E2186FEBE1C
:10251000D4C74C3FB22E063FC717DABEC37716BFEB
:10252000B7502FBE8961873EB4AAC1BEBC8607BE24
:10253000CD20B9BD3CC3D2BE485D9DBF10AF74BDB8
:10254000E808F13DE9EBD03E3D5834BF5DA56FBFD3
:102550000F52403F03D3983E9FEF693FB3150E3FA4
:10256000BBB601404F2F5ABF949DCA3F4BF1DD3D92
:102570001E4BC83F4DC0CBBFA662BD3FD7B0A8BF62
:10258000B1CA1E3F39DDAFBE56025A3F79C5B8BE4B
:102590009CE0D9BFF21386BEF73E583F3D4CE7BEE4
:1025A0006F45ABBE6F9549BF21CA0CBD3AADAABFFE
:1025B0004DA9C43D8F2C233F04B409BFDC2030BF9C
:1025C000901F0EBFE73DB5BDC01123BFC7C042BFBE
:1025D00021CFD2BFCC8842BFEA6494BEA487423EDA
:1025E000B2D3153FFBA0893F4630A63EF59C8BBF7A
:1025F0002F4658BFEF9DD43EC9FAA33E4857613ECF
:10260000600A933F18BB393FEF63E6BD8409433F3F
:1026100095D1F13D332877BFE931B0BE6ACEE4BD34
:1026200062DAA4BE6C9086BC9EA740BF97EE25BF21
:102630004021C63E85A347BFA1C20C3FD1C6123F71
:1026400041DD60BF9B85203E8A022ABE31F9853F6D
:102650006C949ABEE2D9183F840A0E3FFE0ABFBDB1
:1026600093870EBF16458EBE6315C0BFB225233FAC
:10267000D52F103F5E10EC3E0882A13E95856C3F41
:102680006CDC46BE57B5253F5C11723E2CF1623FB3
:10269000FCFD803E15255C3F302D113F45F0703F1D
:1026A00008B68BBFA3658FBEEECA2FBF94C9DABF31
:1026B000E1D4E1BEDFBE2FBFEBC84DBE2C272BBF40
:1026C00066D20A3FFC07D6BD1D068ABFE07F12BF57
:1026D000B6AD82BF272BB33F932FA7BD0825CB3FB5
:1026E00029CDF2BEC7F8283F25A56C3D43BCC33EAB
:1026F0002E1FF13CD6CD90BF6A5BF1BE8B2915BE73
:10270000576475BFAED142BF4C78933FF7EBCABE5A
:10271000D5C4BD3EB8040FBF95DCAE3E67AC003FEC
:102720001A8DEA3FB33EDC3EA3111DBFB4068D3EB9
:1027300035D583BF4F7B363E5080313F644398BFD1
:102740000CEFD93E87748F3DB79829BF96C5263FB9
:10275000F119E43FE24E26BD72D3F23FF3E6ABBF80
:1027600068DF613E57CD6BBE928CF3BF48AE9D3D96
:10277000302A533ED8DC033F2C943CBFB8ECB73F23
:10278000031206BF639C27BFBFE690BF3296543E3C
:102790005475E9BE966FA03EB066463FDDB47A3E02
:1027A000F4C0CEBF2199BB3FD7F6F83F9763BFBEB9
:1027B00002BF58BCFC87D2BE7BB8533F10C5B9BE20
:1027C00006658A3E7FC90CBEC8F7C13EFFD2CBBEAC
:1027D000440A153FD76524BE3D64A23F9645B03EEE
:1027E00038D1AFBDD46AC53F9F5EAF3F91E2B3BF62
:1027F0001F9598BF8E1E653FCABCAE3E58872ABE45
:10280000B9E8BBBFC46B413FC22B0C3F303CE5BEB7
:1028100087E0C73EC3C15C3E5AFC763F85F0FF3D72
:10282000B2B8D3BC9BEF97BEC1DFF0BE9DE5283F99
:10283000D68E073F61D1D2BFE7D587BFC2CA69BF75
:1028400022DCA0BEE496AF3FD13A523FF73D09BF2C
:102850006D90733F3B13D2BE7B51393F2AA01D3F81
:102860000E330140A84B113FC836D13E73A9E4BDD9
:102870007117813EA469013E7EC1613F3D016DBE7D
:10288000ADFCB4BFAC9AA33E1A7499BE1605433E84
:102890004FA2C5BEA19B5A3E49BFB33ED170143F63
:1028A0006631DE3E287D17BFAD60053FE06BB33F6C
:1028B000543682BE9FBB833FB7ECCBBFE315D1BE7E
:1028C0006072BCBF088CB0BCDCAD043FAB4F443F72
:1028D000657C333F2B1F30BFB875B0BEC640203E6D
:1028E000131A36BF74CDEE3D9B3DD93F4C9B21BFA3
:1028F0000730623FE02F283FD9E4083F81CC6EBD0E
:10290000616F7EBEAE8B7B3F795350BFC5A56DBE58
:102910004140C4BF05137CBF2704BE3E858278BFFB
:102920001093B93FF6D30B3FCDA52ABF9D86223F1A
:1029300077FBAFBFCA10F3BE72DE863FB2C4D4BF0E
:10294000437512BF9421C3BD833A553F2664F73DBA
:10295000F3FFD7BC8A004EBEFD9392BFB0B0DE3EFF
:102960008E46C33E9EA3573D6EEFBB3FA1DA78BFB4
:10297000B982F33F8AA55ABD14928FBF1EF8C43E98
:102980007F62ABBF60BA223F3F5E363F331D6ABFF6
:10299000C55AC3BD5C514D3F518F9CBFCC7B933F0B
:1029A000C36891BE0B83F3BFB7F05B3FD7E84CBF62
:1029B000FC2DB53EFE26633F4465B9BC030019BF3C
:1029C000010F62BFF70B6CBFCCE03F3FE1E091BE6F
:1029D00010A3C13F025C033F5D8CE13E291337BF6A
:1029E00096EA72BE1300983EC34B2F3F66BE803FEF
:1029F0001A9F813EB06BB6BCC1B5EEBE030CBC3EA7
:102A00006A47663EB2B6F1BE3AA8FA3EE9583FBF01
:102A10003F7C79BFA05473BF7711E43D7B1190BD1B
:102A2000A2C8B13ED77746BF79C02EBFF26CABBF0C
:102A300096BD6DBE0580E23E8108CA3E9BF2E6BEB1
:102A4000752628BEFB2BAE3F5E9D05BF410BC43DE6
:102A50000D4D033F15EB8C3F2E17CDBF82C7EBBE4C
:102A60004A05A03F5E0E023FE30C11BFA8C56F3FB1
:102A70009731093F9CE4A03EA07A873EF59BC63E75
:102A8000E365F73EEF69273F9726C43D556FD63E75
:102A90008BC1D8BED4F3FEBEAB589F3FD359D93EAD
:102AA000B791E5BF2A30093E0C90513E634C57BEAA
:102AB0000B7595BE744CC63C328ECA3FE0A5293FCB
:102AC00055A98A3FE061CDBE0F879DBFD65212BF88
:102AD000F5B946BEF1E7C3BE30F71E3CF634813F80
:102AE000151305BE81EA30BECF8C51BEEFD2253F13
:102AF000B815AC3F7085B7BE52199B3E3414AF3F3A
:102B0000E2C2B3BEE47AF93F13F3C63F8DF39A3FB6
:102B100075C2A73FDD95ED3F524B06BFD406AC3FD3
:102B2000F9EFCA3F2912C93E05E15E3F1E6280BE31
:102B300067C4353FF9EED6BE5C428D3F2BB2B93E3D
:102B40000537203EF4395B3F4A33074049CFA03F69
:102B50009856153F0C0687BEC1D7403FB3AC3FBF68
:102B600093BD0240840E24BD0C45193F454C2FBE39
:102B70004773733E879480BF8843B73FD8BCC73E36
:102B80009FE0983F4419C93EA09A773F8B89873EC2
:102B90006D7DD23F4CFC6ABE188A963F710C39BFDE
:102BA0004A193C3FFF241C3F769108407FA72C3EEA
:102BB000A8B5503F3A33563F74D1CF3F490F0A3F33
:102BC00051751C3F7B798CBE222AE23DDD84453F56
:102BD000007D393FB9B718BF45C96CBF5CC165BE40
:102BE000582A234035A65A3DA64B6A3E53B7943C1B
:102BF000FCAD5B3F31343DBF9A32893FDF0621BFD8
:102C000025D7A63E58D553BBDD0A4A3FC3322CBE5A
:102C100039D4B0BF18D47B3FB46CAC3F802FB8BE62
:102C2000174C89BE1F32E8BD94B734BF0BA8663F6E
:102C300072FDFEBD6A43943F95BE6E3F08EC963D23
:102C40004257ACBE87B10ABF92E9683E69F5B8BB8E
:102C50007C306ABFCE86993F38F10B3E0743803FF8
:102C6000EE7EBB3F557D2EBE7D1598BE3CAAAC3E88
:102C7000EB400A400943C4BEBB348B3E965A963E95
:102C8000F06A0140E687A83E7B3E12BF4C2C45BE51
:102C9000ED28F13E2BDC153FFA744A3F095B3FBE3D
:102CA000877E4BBF2CDFCCBD555CE6BFA03408BF90
:102CB0006A9EA03F5CF312BFD1E338BF9B0694BE6F
:102CC000704C18BF5E4CC03E3BA11FBDD4C2AEBE0F
:102CD0003E3E60BF4E0DF83EB39C3ABF3A5FACBD7E
:102CE0000E3BB7BC2030CFBF7BC658BF0864433E05
:102CF00017B4D0BE44AA033F672E483F5A5F99BE1F
:102D00007D5980BE0673933D64443FBE3995383F7C
:102D100012FF8FBF378EBE3FF68829BE67184C3D25
:102D2000A926393FCF99D8BFC0A64ABE7D2C183FEF
:102D3000A0AE0EBF0E9716BD2FE44E3F9B64183E0B
:102D4000CE6F5F3F657BD03E818CB23EE3919B3E70
:102D5000572B203F6905133F16DBB83F19E402BF2C
:102D6000A42024BE42B5FCBE9505B03FE804C63E93
:102D700038FD0E3F7F118D3EE18FFB3E4EDD26BEBE
:102D8000610C743F926FB4BF8F7B423EC56A9BBE9D
:102D90007EAE09402B85A33F65BEA4BE41641D3EA7
:102DA00001542A3FF41C7BBFCF09AF3FF0067A3FA6
:102DB000E2BA3EBFA27CAE3E0736BFBE2BAD2EBFF1
:102DC0005D0D22BF23F69CBF6F883C3FFEC0DABD7D
:102DD000C735D83E2FF9A73DCF7A52BFCF0389BD63
:102DE0007462203E1E40C0BE80D0A33E61B0C4BF0E
:102DF00058C49ABFAA34B9BE1DF1923FA3FBC83E86
:102E0000A6E16A3F26EDC83EAD23A73EC77B26BF9D
:102E1000B386BF3FDE978DBF6543A2BE6EE390BD14
:102E20003CC6A63F175AA6BE55FE783E13E49D3E0B
:102E30007E7E33BE3322C73DC86A013EA3E35EBF38
:102E4000FBBAD63D11B913BFCEAD5B3E1ACFA9BFB9
:102E50000C3C033F4E7800BFF3E5683F7B943BBFDB
:102E6000177D353F46F6C0BE456630BEF3D4BBBEC7
:102E70009BFA0E3D17599D3CA9F3C5BF7266273ECC
:102E8000E98B363F48F538BFA98475BE321A9CBE1F
:102E9000B7B82A3FB021963E898540BE300112BFA7
:102EA000E6EA833F0164193A4B55DABEF9B867BFC9
:102EB0003EA0D0BE75EACEBE0F42483EC21A2C3F9D
:102EC0007498543F07430EBE00DC8ABF49BAB3BEB4
:102ED0005943E2BF3B17683E699C323EE45E563F71
:102EE00052B8A13EB4D804BFBA01003DD9DCD8BE67
:102EF000D3B67F3E6371713F12B70FBFC3FFD2BE1F
:102F000081ECD3BE08999DBFC46C50BF3860973E1A
:102F10009C975EBF9E7DA53F15DB2D3E1ADED8BF78
:102F2000BC06B3BFC0F5B4BFFFE8303FEC5EDEBE09
:102F3000C6903FBF088FD13F43F79D3FEF437BBE15
:102F4000DC19DE3FCC5DFABFB42D793FBEFE64BF15
:102F5000E4CA733DD9873F3F4B47973F4327ACBFF8
:102F6000498A57BF89F0C8BF29EB323FED6C93BE49
:102F700040974A3E4228E53EF99DC93F565C53BB07
:102F800003E9703E8F7887BD7C7A3EBE641A4E3F5F
:102F9000914B17BEBC54DA3F74D0923FED4323BF30
:102FA000CC8F8DBE554F8ABFA097D83EAC8F7A3F4D
:102FB000AB15ACBED1EA9936CA2C2DBFAB3191BE50
:102FC000329AEBBEBD27763F72E3393E8DE71CBED9
:102FD000C8A38D3EF6D2153FF296CFBE2DF1023F2B
:102FE0007DF4E03D3D874DBF0B71113ED6CDB63E21
:102FF0003A00343E7CACFEBE883FD63E350FAF3F34
:1030000081C6963F0B97113F675F843F8BEA483F2D
:10301000D4EA323EBDF22FBDE7FC943F0CDC8EBFFC
:10302000B0FE483F7270333F8E72ACBFEB6C573FBF
:103030008E617CBF8D97213F38D3953F62A91D3F9C
:1030400065722A3F2353133EC0633F3F1282043F01
:10305000A400C0BE6F2A00BF9BC4433ECA1F4EBF20
:10306000B1EB74BC86F84EBF38D14ABFC9D4193F02
:10307000E627BBBD34DEB5BFC73789BEDE21CEBE75
:10308000160399BF6CF1A83FA6F3BABE5E1975BFCF
:10309000C4CA2F3FE5CA843FFDD725BFFDF766BFF1
:1030A0009650A6BE0A21933F2E0624BF7CAE5F3FFA
:1030B000832D883F9610273FEE40113F2BBE3E3EAA
:1030C00058CBACBF940DA9BDDDFA2BBF29A693BE8A
:1030D000E8B6263F95737EBE6F56C03F0D78753EAD
:1030E000BEF610BE8FF6B7BF2A20C3BF72E5E7BE9B
:1030F000F9ADFABDDFBDB5BE94133BBE4445DF3E1E
:1031000001C010BFA533133DCF5F8DBE248291BF98
:10311000087B413F01E5913D803E9ABF93EBAF3E76
:10312000D86515BF97721A3FAE6CA5BE8395DD3D7D
:10313000C949AD3E129E33BF15D2EA3ED01F863E2E
:10314000699D72BF064F023FAB3A1EBFF596433FE3
:10315000ACD11E3FCDB689BF9307A7BF8D83093F72
:103160000AE2333E45BD0D3D2A91EF3E221F26BFA8
:1031700052B3313F0C21DBBD6E2F9C3F9B7018BFBB
:10318000674F983B63335DBF841464BFFC99003E76
:103190005A84703F2BBEA23F0535153FEC2503BE78
:1031A0004A5CD5BEF6A5C7BD48E7043D32E02BBF5B
:1031B00016B6003F862FDCBE548910408EF554BFF2
:1031C000FB72793FAFB6AC3F115899BEF94072BF60
:1031D0002946AE3F68103ABE5206613FC61D8E3F7B
:1031E00096D3373D4AD0F8BD3B54033FA34C883EAD
:1031F0000B64B03E69EFA13FB33DCBBE9B107E3E5A
:103200006F278E3EEE71D4BFA02C9DBE57E65F3E69
:1032100070635F3E91EF693FAB5AA4BEDC1747BEB7
:10322000CFB7D03F07AC30BE7180E03F3E7B59BE88
:1032300036F288BF6420BEBE4256413F3C81ADBDE0
:103240001EA939BF6ED1B53E03EE11C01500BA3EBE
:10325000BD43563F7388B2BFDA0B3FBF7AF562BFFA
:10326000D4070740EF0C30403C3179BEBA9DB93FDE
:10327000435E11BF7C0BDF3D71678EBFD07809BF05
:103280008B81B7BFF17618BF7D9F4C3F72E7B5BE0B
:10329000ADD1B0BE52E022BF91A2153F4B69F73DC0
:1032A0003E5A9E3F9EB9583F643AC43B1A46AF3ED1
:1032B000B1F7A83EAED8F2BF0C62EEBC9EF530BFAF
:1032C000FB1A95BFAC8D023E81046FBBB162CE3E4E
:1032D00009A9333FCF770A3FB35160BF4C21483F24
:1032E0003362CDBC3B5210BFAC2B9B3F03C090BFA1
:1032F00066757B3DD39C4F3FB3470D3EEED776BFFF
:1033000035A26F3F76513EBFD09F5C3F6DD6913F57
:1033100029352D3FE36D4D3E6DE0C83D96C944BF54
:1033200011BB533DE16B0ABF307B683F62D9BEBD24
:1033300038F0A0BF0B082DBFF555AD3FCB73743FE0
:10334000F9B3143F73799D3EDFA4D8BD2B65C7BE8A
:103350009B0103BF1857E7BE1BE1CABF6CD8823E72
:10336000FABB9BBEBB1847BF6234EDBF6455BD3D81
:103370004882943F3EB5C5BF15A6943F744AB23DFE
:103380008F8D81BD5C935EBFE5A725BE76DE483F8D
:1033900082F434BF5DA1A2BDE3E08F3E67C8C73FA2
:1033A0000E0089BE7A403EBF60FD623E621D06BFD0
:1033B00082E075BACC61A6BF8D97D83E144D9D3F73
:1033C00065FE71BF8D1CA53FB210BBBF04B024BF0A
:1033D000C7A362BF83FF05C0CA98EB3FBAA66EBF02
:1033E000FC8B9A3F52B6574020D5973F69DCBD3DD4
:1033F0009225024057CA8E3FC3530D40C868C03E55
:103400003C24723E438CEB3E9A147CBF4B8F3DBFF5
:103410004FA597BE3026AFBD8444C93FB9B80EBF93
:103420000C59A4BFD99A154047A5F33EEDC104C07D
:10343000F8D0CCBF4A8FE7BFD677BBBF4A9207C050
:10344000888B2F3FA53330409B3A653F86FFE3BE14
:10345000ED3F873FB57F5C3FD6DB2A3F6E743E3F32
:103460008F19CFBFCAE8FB3E3F8718BF49DABDBFFF
:1034700087AFAD3FE9A72E407AA7C4BFF0FF08BFD2
:10348000BB3130C070D5A13F5B43DE3E3218AA3F4E
:103490002AD7DA3F6A87B5BF148895BF4BB17EBF84
:1034A000E1E6F2BECC3AB23DCA0F2FC0961940BF3A
:1034B000E4A03B3E14B7AB3E546933BF9620E6BE52
:1034C000DE2C0A3F6FA8DB3EFA284C3FE16B87BF3A
:1034D0002FA099BED2EC993FEF203D409B1FD03EDC
:1034E0009836533E5E3BD6BF41EDB43F4E84CC3F51
:1034F000126D6ABFF859093F303ED0BFB06C9D3F96
:1035000024792B3F4B91E5BECF0EE9BE1881F53EE5
:103510001A0C11BD83B138BF353E1040EEA889BDED
:1035200033BC73BF89D9C2BEE15780BFC5D8DF3E67
:10353000B274FD3D3CBDE43EBAA8043F4B5B123F74
:10354000CC52ACBF2687E23DA3022DBFC92BA03FC2
:1035500069A4EB3E1490CC3E4FD126BFF1A52B3E83
:10356000BFAE0EBF134FA2BE34129F3E5261A8BF22
:103570002EE8443F46522A3F8A07923E62C069BE07
:103580009F05B23D8D53CABD2E7B7ABF9ADF7F3F28
:10359000538F9F3FDB0D623F2DC6B4BF9952913FC1
:1035A000D6F73A3E7E465C3FBBFD8D3EBB7A583F28
:1035B00084F4443F965191BD504A43BE48A2783F9F
:1035C0008C03E53CF68AA1BDA482863FFE7661BEEF
:1035D000A69DFABEEDE9A2BE68EDFF3E4F3F7D3FDE
:1035E000B128F9BE82FBA73E79DE823DA8FD573F98
:1035F0004A9399BFB6DBB6BFCA03E9BE495D3EBF79
:10360000860A153F5068A13E53E9963E995DEABE91
:1036100039C413BE7F88E8BE8FEA43BF4C9E04BF07
:103620008A5D9DBD5CD33F3F544C8ABFA52966BED1
:103630007324A7BFD252FABD931DE6BF0E106B3F95
:10364000E71F883ECBCC66BFCF8FF53FB6FE41BFAC
:10365000351C4C3F6C27A839E064BEBFA20D363F35
:10366000A22C97BF63E8E7BF841265BF342F463FA3
:1036700067969FBE27B9B03E11AF073EEC92053F5B
:10368000A6BEB7BF9D6C4C3D35D646BF2C7222BD41
:103690004E4BC9BE7CE470BFC96729BF7F83C43F5E
:1036A0006552713EE194BBBDCBDF81BFFD8E853F8E
:1036B00052636B3EE96E443EA6E5D7BE2115F1BECE
:1036C00067C0D8BE27A7813E83275ABE2690043EF6
:1036D0009B18154015467D3FBE083DBF53052BBFC7
:1036E000E4D3C9BE528B093F3FD380BF8473A2BFCE
:1036F0003221C5BC9D4BA43F2C4952BF53F6B4BFE9
:10370000274B4E3EF17BA1BE2C78B53E95F5A6BD6C
:10371000C3A8B73EF26328BF860A39BF339F363E3F
:103720001CAB10C0A13017BDE2B42B3FDF7259BCF7
:103730000C8F36BE64C690BE8727C73D8A1EC93F20
:103740006DDBE73E61258D3FFE9B493E24BE543F25
:103750001ED0FD3D379E3B3E1443713FA18E523F2C
:103760005927F7BE050D24BEE8E6193F52F2323F55
:1037700049AF203FC028BEBDDCB8923E96E6943FDC
:10378000D7FB89BFC78E72BE2B5B4B3F10C7EDBE08
:10379000E5FEEDBD5E13133FE90306C003E11A3EEB
:1037A000E78C73BED64696BEEF5694BFE3AB7F3E22
:1037B00088868DBF3587C9BF8F2BA73E973AAB3F11
:1037C0006D6F293E531AF5BECDFCCDBE42C81EBF5B
:1037D0002AE7B1BE977C4E3FFCB30F3F7367433F70
:1037E0007BA73FBF2E15003FB00B5E3F622A6B3EAA
:1037F00089C70DBC25795C3F2381893F22E0C33E08
:10380000F84626BFC013793D0370873F4A5AC8BFA8
:103810009EE5FBBFF2074B3E0A3EFBBE60FACA3E86
:10382000442A84BD9CB3A43EFBB4403D4B1D413FA4
:10383000577B95BFF158CC3E123FB93D44A7083F96
:103840008D60A83FB094ECBF3F9F43BFC3A7B4BEF9
:1038500004C701BF2A9D313F31E9EDBC5FA1173F8D
:10386000EE9D3A3F27DFB0BE87F20ABFF63CAC3D83
:10387000B775813F62AD193F4E5CDBBF60E3BBBFF4
:10388000D35F84BE4567B7BF990138BD08274F3F56
:1038900035181EBC9D71D73EC21EFCBF38425BBFAF
:1038A000F6C4A7BF8D43093F07B6143FFA33BEBF26
:1038B00054EC2140A75942BED509F6BF55D2A33FCB
:1038C000E0DE53BE75E16DBF11FC9ABF617A4C3DDD
:1038D000E5CC2BBFDD20DEBE8746593FF60F00BF8B
:1038E000B2B5B83E5F7CF6BD546D293F68799CBF88
:1038F000FEDD94BFCBAE28BF415322BD855F4EBFD6
:103900000C959E3ED917A1BF4D62B23EE70AC8BDD5
:103910005C8EBA3E8FF20B3F83DC4C3E8B46033D00
:103920009DE840BF3DA3643D170C0DBF84CDF83D1D
:10393000F10771BEADE72BBEE88EC53EDF8018BF34
:103940000A2F1B3F76C4693CDBD1C93F08C5F5BED1
:10395000EEF8A03F80A45ABF222B163FBE0C183EA3
:103960003C5C10BFDD22CCBE985ECB3F2EB88BBF37
:10397000D38F0ABF045DB2BE12A09A3E1BA7D73DEB
:10398000D5F7463FDA3A3CBB570BDABEFA99C5BECB
:103990007EF6CB3F834602BEAA0B47BD3954083F93
:1039A000DC52F63E3EE4C8BE94CD09BF505E5F3E99
:1039B000A74D003F8647C2BE2BE8123D18270040A6
:1039C00053A9393DE2FE1DBEE3A0663F564ABFBC87
:1039D00098B3973F2EA75CBEFC2F123F103000BC5F
:1039E0009B136B3F3DDD08C0081E753E815302BF2F
:1039F0009BD019BD0A1E76BF4E22FD3E0BC28EBF64
:103A0000C1D2FB3C8432A2BEB1C1D5BC6B0D97BF05
:103A1000E3C8693F3DACA23ED564C03E70DAF4BE57
:103A2000D5FF723F60C6923FE6A981BED808A9BE05
:103A300057CE0640644AA9BF3B460A3D5E19633F24
:103A4000953E2C3FA33A183E10CE00C09B38124042
:103A50000208D33F81A4D4BE4F3389BFC596313FFE
:103A600090878E3F6CE2303EDFD1A93FBAEBB4BC09
:103A7000B8A8383D9C463A3F229F173F88766FBFD3
:103A80008AD9D53E54B86ABF1FDA9FBD79320D3E40
:103A90001F77B0BFAF7D853F5151843DD6E4B9BF9C
:103AA00088B4D7BDD532ACBF017F98BF8BCCD3BC17
:103AB000620D26BE6F3E6E3E1AB196BE65CB5C3E71
:103AC0008DA80EBF4F2372BEDAD32CBFD29C42BF4B
:103AD0004BB3F63EA1CCA4BDFBE27F3E82E0123F99
:103AE000BC591A3F061301C0B767333FCA90373E2F
:103AF0006CB10DBF2CE63F3B5966873E9B28973D36
:103B000011517E3E62C753BEF4BBC13EC7E4033EC3
:103B10004960D5BD40DBE33E84E8153F987B853E98
:103B2000B29494BEB3D1343F4785F2BEDF82F6BD76
:103B300008293F3D95E9993EF959AFBFD7818EBE1F
:103B4000AD798BBF16602A3ED15E0ABF0479353F3E
:103B500071A88CBF8A4D3A3F17C95A3F6CE98BBE9A
:103B600035CDFDBEECB8BBBECCB433BF1B6EAE3D95
:103B7000BF06833FD93823BF6E6A69BFCDD62EBF3B
:103B80002DAA5F3F30EEF8BD24794B3FB61DDC3ED9
:103B9000E55C14BF27DECEBEE268173FF42B1E3F64
:103BA000BA8E90BE409AA83D95EAA4BDFC05453E5C
:103BB0003A9BA23EFC439D3E660FB3BEBA984C3F73
:103BC0005599063F05417C3EF0F028BF5BA8723E48
:103BD00041FC883FA474C73E848C2A3E0AE91DBF7D
:103BE00074DE9B3DAD1D95BD5B390C3FDCB1573F8D
:103BF000E29B353D2DA38FBE92C491BE1FE858BEF7
:103C000052B996BEBD9971BF875F663F13ACB4BD14
:103C10006A8C64BEEB78313FD3CC51BDB3B0C5BE26
:103C2000EAF1A73F01EC59BF4A03D9BF2501B23ED3
:103C3000E47E7C3D9751843FC2919BBF87064C3DFB
:103C40007B29B33FC3B11BBFCFE3D8BE07A3A5BB3E
:103C50005DA9FEBF7B11E53E6187B6BD1F3900BF80
:103C60000E786FBF0DA609BF992B1FBFE7EA00C0F2
:103C7000B702D23FC56701BF7902343F2236C63F43
:103C80003EA5D53EDE9C933FDA529DBF7106BBBC7C
:103C90000CFAB8BEB0261BBFB115B8BD475570BFF2
:103CA000F16B293F30FC5B3F3081C5BFFB3A413DA2
:103CB0003142C3BF6EF71ABFFD90A2BFDED317BF5C
:103CC0008D07134040FD79BF48F192BF0ABDA33C68
:103CD00018FA53BF924EA53B1CBA38BFDAE0D9BEE2
:103CE0002408503FA1D9233B8EF8013FD6045A3E09
:103CF000B3D8E13D682513BE744CE6BEFD8832BDE5
:103D000016A365BD7058BABEA2FF853FEA7957BEBB
:103D10007A59F93F31B2F0BDFE16EC3F0CF5CBBF3E
:103D200035D2E9BFFDD3ADBF40916B3F9EE89CBE4D
:103D30001A77C5BF9797123FB7378ABF18E0463E3C
:103D400063CDE6BEBF37D7BDD81D09BFC09DDF3EDE
:103D50007BBEAEBF185A4DBF86934D3E40D23CBE8F
:103D600097E220BD766668BE88DFF03E622C7CBF9D
:103D70000875ACBEBA4B273FF9816F3ED2CD90BEDD
:103D80001EAEA6BFF4F9BE3EA590C4BE1CDFCCBEDD
:103D900061D6B73D7A09FB3E37CC02BFBB45293E11
:103DA000D110943EB8EC57BF8CAA943EDFC290BFAE
:103DB000BF96CDBEBE454BBE36A6293F3256CBBEC2
:103DC000E656D23EAFFAD6BD1BCEEB3EA521333E22
:103DD000AFEF9EBE7DEAD23D9C5AE33E0A80983FFB
:103DE000AF0D96BEC2EC183F40F048BE4106CFBEB4
:103DF000DF2FCBBEAAB5793FFEE04EBFBE913A3F62
:103E0000D4F1AA3ECB9589BE16A94FBF676246BFC3
:103E100091BE9EBE0B1F49BFFDEC4EBDF0DF2BBE19
:103E2000A2B9843F741E203C33AF01BF417A363FB4
:103E3000A5BCFC3EAA86C8BC3741A03EDF4FCE3EA3
:103E40001745CB3F45D552BF551749BF841EFEBE0F
:103E500092A682BEEC396ABFCE66373EB172CD3EC5
:103E6000D73069BF36290C3F48D2D4BCC70CF13ECD
:103E7000820C203D02A732BEAA564C3FF75483BFA6
:103E800031D545BF40FD2ABE8ACC0B3E3DC8633FBD
:103E90008770B83ECA09E73D898F213F018A3ABC45
:103EA00089C1283E598897BEAAF3053E42FE43BF0A
:103EB000015C84BF8B90603E20E783BFCE6422BD4F
:103EC0001D33E1BF7785373FE6C4ACBFDD640CBF6F
:103ED000B8D14CBF96A586BE7035B63D3CF6E3BE64
:103EE000E599313F5B30A63F3F3B173DE046753FCC
:103EF00035B1063F5E55C33D2E14C93F220BAD3E82
:103F000066CE21BE9FA1283F635E0E3FB743503B64
:103F10008962FF3EAC6EAA3FA207D33E356940BE20
:103F200020C181BFDED8BC3FF03515402E2A1CBD14
:103F3000E88AAD3F162123BF8581D2BFB95CCABED6
:103F4000280649BF7FBFDEBE3DBFEDBF04559E3F83
:103F5000869A933EDEA03A3FBDCDB63E71998A3F28
:103F6000FB5C643F53DDCBBF4A58B6BFF3AC6CBFBC
:103F70006E9202BFBBBCB93F003A23BF80DB9FBF3C
:103F80002E98923F67FDA03FCFC613400CFCB2BEF7
:103F9000FED3B0BED543B23F363DB2BE0EF8BDBF74
:103FA000D0FADDBF9AC10FBF94DFF3BE5D527CBF74
:103FB000DB82ED3FC685623F0C8651BE0A908A3E89
:103FC000A41BC13ED98D613E8B97DBBE24E74E3FDB
:103FD000FF001940EC3F3B3E3B8C35BFC06CA43F1B
:103FE000243B2B3F5706543F77F320BD9D0A1DBF4E
:103FF00084F6113ECE7B023EC1A1B03FAF3C8EBEE7
:10400000627846BE6FD1033FA02B3CBF3E9A9D3FD6
:10401000E5B09ABDDBC04A3F56B27BBF6C0713BF09
:104020005F1AAA3F90E0973F8F65BEBF3001C53E43
:10403000A30BCDBE0C8516BF58E898BE1100583FA3
:10404000BA01143F8E47193F2CEA19BFE0533A3E9C
:1040500049042B3D82248EBEBBD66C3F721285BBB9
:10406000EE51B13DDE5798BFA1815BBF70D431BF27
:104070008ADE99BFFF8C03BF2D686E3F22990E3DEB
:10408000DAABAFBCC5B73A3FE98044BE1A96A9BFC8
:10409000BF6AFF3E933F743EAE30DF3F558384BF1F
:1040A000E657CE3F620E02BF9A5725BF97BA2A3F06
:1040B00051CD62BFCD3A4E3F4434FD3E7009BF3E04
:1040C000675B96BFEE5E07BF0029503D842089BF25
:1040D000EBD10ABFA6521BBF3B5521BF82428ABF0C
:1040E000B727A2BEF0C32A3F8F7F153FDAA4D83E80
:1040F000D23353BFA44CBDBDB26523BFFF07B63E4C
:104100004E0FA7BFF75D0C3BF3DDA2BF50C590BFBC
:104110005428703E746E85BF1FEF84BF2437E7BEFE
:10412000D03B07BF54177CBEC3DB0EBF01B68DBCAE
:10413000E69E29BF74D300C087B6C63F2DF6113F57
:104140004551973EB54BDF3E58380BBE9CCAEEBE7C
:104150005B88E6BE6A964EBE075275BD99F640BFB3
:104160002C45F43E8BB3053FD94D433F4DCC0FBE9C
:104170007C7182BD170D4BBEBBC40A3FAE53053DDB
:1041800056A2493DBC32313E7E8A85BEB2F8DE3E43
:104190001A5F97BF809F56BF676796BF178606BF97
:1041A000FC6DC2BFD430CCBE15BBE63EE619E13E85
:1041B0004FB82C3FC3B392BF8E93203FAA6A643F8F
:1041C0005B8C70BF5E918EBF3E7706BF7F1E873DC2
:1041D000825A233FC52445BFCE28BBBF43B113BF7E
:1041E000D2C5213FAFEA28BC2965353F5314D8BF5B
:1041F00032EC6EBF6ADFFCBEC87A3B3F0AFB463F2B
:104200002528DD3EA946593E422E1E3F1A8118BF81
:10421000766D86BE10F6F83DFABA9DBE60102A3E55
:10422000A410323F859FC1BE5707A73F17461DBE4A
:10423000A8B12B3FCD422EBF5C2145BEE3BFD9BE06
:1042400086D7D0BEEEFE393FE7FB55BF81A63D3F86
:104250004A39BB3F8CF63F3F245F663D7194883EF0
:104260009E5538BEA6BB093F42BE503F02E9413EC3
:10427000B7AC66BF11031FBD9FF53C3F419B2A3F72
:104280004A06C03FBC8CC3BDD6EF7D3F6172A9BE5C
:10429000C2E6DEBE9E98E13E5517AA3E6781B03F5A
:1042A000B5534D3F3A05DABEE204A5BD9C07B93FC0
:1042B0001F5E593FD6A4033F62C542BF082E40BED1
:1042C0005DC9CFBC7F27B03FB666B03FDE452E3F0D
:1042D00069BDCA3EDC75A3BD78C3CDBE59482C3F2D
:1042E00086FE37BF4C74373FBDD502C07A9E9B3ED9
:1042F0002B7AB23EF362803F91EED7BCE592C1BC0F
:10430000B92A623F26E53C390A89DF3F75698ABFD1
:10431000EEB63F3E1C3540BF700D233F351D97BFA5
:10432000527147BEE93EE93E7325FEBFF9ECA93E56
:10433000D54F57BFF7C455BEA67A13BF1588373F70
:104340000630843FCB58E73D9CCA843FC9E7F5BFA0
:104350008B4BF93DB6D853BE531C29BF6B5808BED2
:10436000C99D4ABF9C47183FCD018CBF88631FBFC2
:1043700041C1B5BE936BABBFB81B7A3E769353BFBA
:10438000C2E60BC07666DBBE46B05EBFBA2E9BBEF1
:10439000E75086BF8C3F13401E5D84BF51ACCF3FBA
:1043A0007CF056BEBB0E0C40214A7EBE89F1CDBFCB
:1043B0005647F03DDEB227BE1FBA9C3F3A58EF3E4B
:1043C000BF8C9DBF390320BF03CC323EC4690EBEF3
:1043D000FB858B3E58D5DABF27964ABF07CF423FB1
:1043E0006A41C8BD147EC03FEA3D5FBF5907FABEAF
:1043F0007DF785BF86CF25BE4B49CBBEA709E43FDD
:10440000A65E34BFF925D93F016AC9BE420351BF38
:10441000BF8C663F35A0213FE05B9A3E690572BFC5
:1044200091A12D3F2BC4A83EDE562FBFD628543F66
:104430008968FD3F481910BF8A43B3BF12DC82BFB1
:10444000E09ABB3E50417C3FCF597E3F5D18483FCC
:1044500097EF55BF684E3CBD0FED13404362523F8E
:10446000680635BF6D3E833DDFFBD6BFDE850A3F64
:104470005B37DDBF63C2A7BFAB9A173F9073AFBE78
:104480003E86633ECFA445BF2171F73CDD7F553F9B
:104490005809AE3EB80FA6BE76924EBF9895933F90
:1044A0009E393B3F5B108CBE1BF13C3F8A21F83E9E
:1044B000C0993FBFF042A4BFAACEC23E75A261BE62
:1044C000EF7716BFA2608F3F729859BEF75E7FBE2E
:1044D000BD39823E81CDBD3FFC0D2F3F89B790BFD6
:1044E000C24122BFA9DC8B3F7FD6E7BC3CC2EB3E7A
:1044F000A9469A3FBADC9F3FDB95933F74A7F13EF4
:104500006E3BA8BFCD4B623D3B138B3F75707EBFAA
:104510003430B3BF46DD403E7B08603FDB0D523F89
:10452000DC85C0BF0C7F64BE6B02A63E4CF6F6BFB6
:1045300017CAE0BFE2C10240B1B7C6BFF6868EBF60
:10454000BD3C2DBF4C976F3F3930EA3F4DEC2EBF3D
:1045500077F013BF1F8B653ED5DB7E3EE109A03FA0
:10456000A323C23E133419BF0992A7BF91ECF4BF35
:10457000C32BCEBFD84E9C3F36B1813EBB6C533F60
:10458000F4A4343F0F78123FB415433FB692FDBEFA
:10459000FAC39EBE2E8E40BF1C0F273E1B8FA6BFA8
:1045A000FB14753F854D15BEA97FEFBFA8C51DBE85
:1045B000E1D892BF48ECA6BE8E680E3F089B05C0AE
:1045C00073E0D13EC9B9BEBF77179C3ECA08A6BFEB
:1045D0007A61983FEFBCE63FB18D673F8CD16CBEEE
:1045E0000646613F81C7193F89148FBF6E701F3F18
:1045F0004C7091BF5733DBBEF480A3BF04D6CEBE50
:1046000071365DBF3D130B3ECEF2043ED290113E9B
:10461000136EE33E27C381BE6A8A87BD71F9DA3D16
:10462000BABD303ED6AB67BEB810AF3CF2D0913DBC
:10463000C7256ABD6B42ED3E82E8B0BDEE8B153FEB
:104640003E35863C5ED4633D403E11BD8BDC48BDAB
:104650003E3DFA3D35088C3DF005C63E881402BD4E
:10466000FED8DEBC3491FF3C54E5FABC8C48F53DE5
:1046700076E925BDBF6D933DC8AD82BD6ED73ABE0C
:10468000D187583E638A973D2B54D4BD722A263E6B
:10469000B6B0CFBE5D9C0CBE84B08D3EE07D303C9C
:1046A000B5FF87BC4C2AEBBC348A4F3E2BA2EB3CB7
:1046B000B92F31BE2F8A3DBE6B567ABE7D6DC73F86
:1046C000A05628BDA42258BD002353BE9653A5BDB5
:1046D0007B3E1BBEA4D9143CA54362BCB3A5B03C31
:1046E000EDD09FBE23729E3D997096BFFF1ED4BD34
:1046F0000D0BB9BDC1C306BE0DA144BE231C07BE30
:10470000663CBB3EBD63F33D06D995BE4639F43DDC
:10471000EAB49ABB8F120B3CAEC9A2BDEBA346BD57
:1047200078622CBEDC06F03D0D3114BC723C2B3E91
:104730000AF7EE3C242209BFC7061CBD0C0885BE43
:1047400029FC6ABC76438DBD3C0D9D3DF6AC1A3EFE
:10475000F07F11BDE5F38F3CD6587EBD8625C33C66
:104760000DE6E53DB6BDC2BEB9B91FBD1528D5BD24
:10477000BCD088BD10961A3DE977913D01AC083E4A
:104780006A709DBBB6A5293D47188EBCBA95F63D0B
:104790007B82F13EA6A3AE3DC679BDBEA7AC29BEC5
:1047A000585C14BED7709D3D99FD613B080A703D71
:1047B0003D50CABD10EF8BBCC4DD003E3C7A68BFE3
:1047C000DDCF8B3DAE7BA33E3FEB583DF7ECA6BD66
:1047D0007A6DCFBDFE2812BD7B55BABD3FEDDB3DE6
:1047E0009081473D657AC3BC5B910C3F542AAD3D37
:1047F0009D6C163E24BF4E3DECA37BBE579D44BC32
:104800005205AA3EB96D923E2CA8FD3CC38303BE5F
:1048100014BD1BBE6C39EEBE609A2CBC8D14523D8B
:104820008463343D50182D3DD182BC3D3433AFBD3F
:10483000320522BE08FFF4BE4380CCBDC610203E28
:1048400090A1283C82430CBEB9F19BBDE19FFFBD06
:1048500004C270BD5A47FD3D583478BF735600BE40
:104860009E5955B92AF91FBF2707CE3C8B4596BDE7
:104870009D284CBDA357CB3E98261DBEC5B4BDBCDC
:104880007DC5F13C2E838EBDA5C2F2BC2688E33DDA
:104890008EF1B73EACDD063E8C7E3FBD86CD973EA9
:1048A00030924FBE682DBABDE41BB53D3390E3BDD9
:1048B0002638BB3B94B2E23D949305BE16358CBFBF
:1048C0002AAD8A3DB22139BDF58D283E63436FBEC6
:1048D00002971D3E0D39583ED37426BDD07D133E40
:1048E000B5D1BEBDD22A263DD064FF3EBA70423B50
:1048F0009ECC0ABD6849DE3C152313BDB6390E3E79
:10490000C7F8F63DD06B15BF030C833DC49B093D32
:104910006C09D63DE677153F5DFBA63DC92657BD20
:1049200068A0BE3DD016B3BCC65327BD23D415BE68
:104930002B9CB0BD0548E13ED053633DFECA08BF85
:10494000B78496BDB1821C3EEBAA873D4B55A73C70
:1049500008A28A3C86B261BE87B0343F76FEFF3D36
:1049600060E2E3BD6D63273FF0177F3DEF89E0BD57
:1049700004CE7CBD3B4B1EBFD848A13E6CE814BDA5
:1049800071D65B3EEF20463D9133B53DA921FCBE7B
:104990000FD5D6BE3327CE3D5EC8D2BD0F8382BEB3
:1049A000C775993E383B823D6FDD96BEBA0C063D19
:1049B000F79691BA016BF43B4476E23E9A8ABA3D8F
:1049C000A73B793D22EB41BDE22F8A3D0E703B3E75
:1049D000838A57BD0E8086BEC60BD23D6C6727BE4C
:1049E00043E2D73E7CBB643D426206BF308DAA3CA9
:1049F000E0D4C6BD0A87D8BD22BB003F7ACE0DBE2B
:104A0000E5F6A4BD3C8998BD6B1C2D3E6C0B29BE00
:104A1000D1D0D03DD1D0D03DD9D8D83D8988083E1D
:104A2000C1C0C03DC9C8C83DD1D0D03DA1A0A03DA6
:104A30008180003D8180803D8180803DD1D0D03D0E
:104A4000D9D8D83DD1D0503DA9A8A83DF1F0F03D2E
:104A5000C9C8C83DD1D0D03DE9E8E83D8180003EDD
:104A6000F1F0F03DF1F0F03DC9C8C83DD9D8D83DCE
:104A7000D1D0D03DB1B0B03DA1A0203E8584043E50
:104A80008180003EF1F0F03D9594143ED9D8D83D98
:104A9000E9E8E83DE9E8E83DD1D0D03DE9E8E83D86
:104AA000C9C8C83DD9D8D83DA9A8A83DE1E0E03D96
:104AB000B9B8B83D8988883DB1B0B03D9998183EE5
:104AC0008988083EB1B0303D9998983D8180803DFD
:104AD000D1D0D03D8180003EB9B8B83D9190103E14
:104AE000D9D8D83DA1A0A03D9998983DD1D0D03D2E
:104AF000F1F0F03D8180003E8180803DB9B8B83D45
:104B0000C1C0C03D9998983D9998983DA1A0A03DFD
:104B1000B1B0B03D9190903DF9F8F83DC1C0C03DB5
:104B2000F9F8F83DA1A0A03D8988883DB9B8B83D05
:104B30008988883DE9E8E83DC9C8C83D9190903D25
:104B4000E1E0603D8584043ED1D0503DB1B0B03D40
:104B5000D1D0D03DD1D0D03DF9F8F83DA5A4243E28
:104B60009998183EC9C8C83D9998983DC1C0C03DA4
:104B70008D8C0C3EA9A8A83DF1F0F03D9998183E07
:104B8000C1C0C03DD1D0D03DA9A8A83DC9C8C83D2D
:104B90008988083E9594143E9594143E9190103E59
:104BA000A1A0203E8584043E9190103EF1F0F03D9E
:104BB000B9B8B83DB1B0B03DB9B8B83DD9D8D83D15
:104BC0008D8C0C3EC1C0C03DC1C0403DB9B8B83DA0
:104BD0009998183E8180003EF1F0F03DC1C0C03D83
:104BE000A9A8A83D9190903D9998183EA1A0A03DFC
:104BF000D1D0D03DB1B0B03DA9A8A83DC1C0C03D05
:104C0000B1B0B03DD1D0503D8988883DB9B8B83DEC
:104C1000A9A8A83D8180003D8180803DB1B0303D94
:104C20008988883D8180803DA1A0A03D9190103D64
:104C30009998983DE1E0E03DE1E0E03D8180003D74
:104C4000A9A8A83DB1B0B03D9998983DD1D0503DAC
:104C5000F1F0F03D8988883DE1E0E03DA9A8A83D5C
:104C6000E1E0E03D8584043EE1E0E03DA1A0A03D1F
:104C7000F1F0F03DA9A8A83DB1B0B03D8584043E57
:104C80008180003EA9A8A83DF1F0F03DC9C8C83D0B
:104C9000F1F0703D8D8C0C3E8180003EC9C8C83D4E
:104CA000BDBC3C3E9998183E8988083EB9B8B83DCD
:104CB0008180003EC9C8C83DF1F0703DB1B0B03D43
:104CC000F9F8F83D8180003E9190103E8584043EC5
:104CD000C9C8C83DA9A8A83DF9F8F83DC9C8C83D4C
:104CE000A9A8A83DD1D0D03DF1F0F03D8180803D14
:104CF000E9E8E83D8988083EF1F0F03DA1A0A03D3B
:104D0000D9D8D83DD9D8D83D9190103DF1F0703D1B
:104D1000E1E0E03DE1E0603DF1F0703D9190103D5B
:104D2000D1D0D03DB9B8B83DA1A0A03D8988083EFA
:104D3000F1F0703DA1A0A03DC1C0C03D9190903D5B
:104D4000E1E0E03DB9B8B83DB1B0B03DB9B8B83D6B
:104D5000C9C8C83DE1E0E03DA1A0A03DA1A0A03DA3
:104D6000D1D0D03DB9B8B83DC1C0C03DD9D8D83DEB
:104D7000A9A8283EB9B8B83DE1E0E03DB1B0B03DEA
:104D8000C1C0C03D8180003EF9F8F83DE9E8E83D4A
:104D90008D8C0C3E8988083EF9F8F83DF9F8F83D0D
:104DA000B1B0B03DD1D0D03DF1F0F03DE9E8E83D03
:104DB0008988083EB1B0B03DA1A0A03DC1C0C03DB2
:104DC0009998983DE9E8E83D9594143E8584043E21
:104DD000A1A0A03DF1F0F03D9D9C1C3ED1D0D03D66
:104DE000D9D8D83DA9A8A83DF1F0F03DA1A0A03D9B
:104DF000E1E0E03DE1E0E03DB1B0B03DC9C8C83D13
:104E00008584043EF1F0703D8180803DE1E0603DAD
:104E1000A9A8A83DD1D0D03D9998983DC1C0C03D2A
:104E2000A9A8A83DC9C8C83D8180803D9190903D0A
:104E30008988883D9190903DD1D0D03DC1C0C03D82
:104E40009998983D8988883D8988883DA9A8A83D7A
:104E5000D9D8D83DE9E8E83DD1D0D03DD9D8D83D22
:104E6000D9D8D83DA9A8A83DA1A0A03DF1F0F03D1A
:104E70008D8C0C3EE9E8E83DC9C8C83DE9E8E83D4D
:104E8000C9C8C83DF9F8F83DB9B8383E9190103E10
:104E90008988083EB1B0303EB1B0303EA9A8A83DE7
:104EA000A9A8A83DE1E0E03DF9F8F83D8180003E89
:104EB0009998183EE9E8E83DF1F0F03DE1E0E03D89
:104EC000E1E0E03D9998983DB9B8B83DE9E8E83DA2
:104ED000F1F0F03D8D8C0C3EB9B8B83DF1F0703D6D
:104EE000D1D0D03DB1B0B03D9998183EC9C8C83DA9
:104EF000F1F0F03D9594143EE1E0E03D8584043E00
:104F0000D9D8D83DA9A8A83D8988883DB1B0B03D81
:104F1000E1E0E03D8584043EC1C0403DA9A8A83D34
:104F2000E9E8E83D9190103EF9F8F83D8988083E9F
:104F3000C9C8C83DA9A8A83D8180803DF9F8F83DC1
:104F4000B1B0B03D8988883DA1A0A03D9190903D31
:104F5000E9E8E83D9190103EF1F0F03D9190103E6F
:104F6000D1D0D03DF1F0F03DF9F8F83D8D8C0C3EFC
:104F70008988083EA5A4243EE1E0E03DD1D0D03DA3
:104F80008180003E8584043E8988083E8584043EF5
:104F90008D8C0C3E9594143E9998183EB9B8B83D46
:104FA0008988083E9998183E8584043EE9E8E83DE2
:104FB0009998183EF1F0F03D8180003E9998183E96
:104FC0008988083E8180003EC1C0C03DE1E0E03DEF
:104FD0008180003EF9F8F83DE9E8E83DA1A0A03D58
:104FE0008988883DC1C0C03DC1C0C03DF9F8F83DC9
:104FF000D1D0D03DC1C0C03DA1A0A03DB9B8B83D01
:10500000B9B8B83DD9D8D83DA1A0A03DC9C8C83DC0
:10501000F1F0F03DF1F0703DB9B8B83DE1E0603D30
:105020008180803DD9D8D83DD9D8D83D8D8C0C3ED3
:105030008584043E8180003EE1E0E03DC9C8C83D72
:105040008D8C0C3EE1E0E03DB1B0B03D8988083E7A
:10505000C1C0C03DE1E0E03DC1C0C03DB1B0B03D28
:105060008D8C0C3E8584043EE9E8E83D9190103E2D
:105070009998183EF1F0F03DB1B0B03DC1C0C03DCF
:10508000D9D8D83DF9F8F83DC9C8C83D9190103E2F
:10509000A1A0203E9998183E9190903DA1A0203E5D
:1050A000F9F8F83D8584043E9998183ED9D8D83D42
:1050B0009998983D8180003EA9A8283E9594143E79
:1050C000E1E0E03DA9A8A83DB9B8B83DA9A8A83D30
:1050D000F1F0703DA9A8A83DD1D0D03DE1E0E03D80
:1050E000D9D8D83DD1D0D03DA1A0A03DA9A8283E77
:1050F000A9A8A83D9998983DE1E0E03DD1D0503D68
:10510000A9A8A83D9190903D9190903DA1A0A03D6F
:10511000E1E0E03DF9F8F83DC1C0C03DE9E8E83D17
:105120008180803DF1F0703DE1E0E03D8180803D97
:105130008988883D9998983DC1C0C03DC1C0C03D97
:10514000C1C0C03D8D8C0C3EB1B0B03DB9B8B83DCA
:10515000F1F0F03D9998183EC9C8C83DC1C0C03DA6
:10516000F1F0F03DD1D0D03D8180003E9594143EC9
:10517000D9D8D83DD9D8D83D8180003E9998183EDD
:105180009594143E8584043E9D9C1C3EA1A0203E27
:105190008180003E9190103E9D9C1C3EA5A4243E23
:1051A000C9C8483EA9A8283EC9C8483EA1A0203E7B
:1051B000C9C8C83D8584043E9594143EF9F8F83D6D
:1051C0008988083E9D9C1C3ED1D0D03DD1D0503D19
:1051D0009998983D9998183E8584043EE1E0E03D19
:1051E0008988083E9998983D9190903DC1C0C03DF6
:1051F0009998183EF1F0F03DB1B0B03DE1E0E03DEE
:10520000E9E8E83D9998983D9998983DA1A0203DFE
:10521000B1B0B03DE9E8E83D8D8C0C3E8584043E9C
:10522000D1D0503D9998983DB1B0B03DD1D0503DCE
:10523000A9A8A83D9190903DB9B8B83DE1E0E03D06
:10524000E9E8E83D8584043EA1A0A03DA1A0A03DE1
:10525000D1D0D03D8988083EC9C8C83DC9C8C83D1D
:10526000C1C0C03DE1E0E03DF1F0F03D8180003E95
:10527000F9F8F83DA1A0A03DD1D0D03D9190103ECD
:10528000A5A4243ED9D8D83D9998183EB1B0303E57
:10529000B9B8383EBDBC3C3EB9B8383EE1E0603EEE
:1052A000ADAC2C3EE9E8E83D8D8C0C3E9D9C1C3E4F
:1052B000E9E8E83D8988083E8584043E8180003E17
:1052C0008180003EA9A8283E8584043ED1D0D03DEF
:1052D0009594143EB9B8B83D8180003EF1F0F03DA0
:1052E0009998983DA1A0A03DA1A0A03DA9A8A83D46
:1052F000A1A0A03D8988883DD1D0D03DD1D0D03D5E
:10530000A1A0A03DC1C0403DB9B8B83DE9E8E83D25
:10531000F9F8F83DB1B0B03DB9B8B83D9190103E44
:10532000C1C0403D9998983DB1B0B03D8988083ED4
:10533000E1E0E03DB1B0303D8180803DD9D8D83D3D
:10534000F1F0F03DF9F8F83DE1E0E03D9190903D5D
:10535000B1B0B03D8988083EE9E8E83D8D8C0C3E4F
:105360009190103EF9F8F83DF9F8F83D8D8C0C3E1F
:105370008988083E8D8C0C3E9D9C1C3EF9F8F83DBA
:105380008584043E9594143EF9F8F83D9190103EC2
:10539000CDCC4C3EC9C8483EA1A0203E9D9C1C3EA1
:1053A000CDCC4C3EA1A0203EB9B8383EB9B8383E6D
:1053B000B9B8B83D9D9C1C3E9D9C1C3EE1E0E03D83
:1053C0009594143EF1F0F03D8D8C0C3E9998983DEB
:1053D000D1D0D03D8180003EF1F0F03DF1F0F03DC4
:1053E000C1C0C03DC1C0C03DF1F0703DB9B8B83DCD
:1053F000D9D8D83DB1B0B03D8988883D8584043E78
:105400008584043EC9C8C83DD9D8D83DA1A0A03DD7
:10541000B9B8B83DC9C8C83DA1A0A03DD9D8D83DAC
:105420008180803DE1E0E03DA1A0A03DE1E0E03DE4
:10543000F1F0703DC9C8C83D9998183EE1E0E03DE3
:10544000B9B8B83DE1E0E03D8D8C0C3EF1F0F03DA7
:10545000D1D0D03D9594143E9998183E8988083E45
:105460008180003EF9F8F83DD9D8D83DD9D8D83D4B
:10547000B9B8B83DC9C8C83D9998183EC5C4443E9E
:10548000A9A8283E9594143EA1A0203EA5A4243EA0
:10549000B1B0303E8180003EA9A8283EB5B4343E6C
:1054A0009D9C1C3EBDBC3C3EB9B8383EB1B0303EC0
:1054B0009998183EB1B0303EADAC2C3E9998183E4C
:1054C000B1B0B03D9190103EF1F0F03DC1C0C03D93
:1054D0009594143E8988083E9594143E9594143E04
:1054E0009594143EF9F8F83D8180803D9998983D57
:1054F000E9E8E83DE9E8E83DD1D0D03DD1D0D03D64
:10550000C1C0C03DE1E0E03D9998983DC1C0403D3B
:105510009998983DF1F0703DC1C0403D8180003EBA
:10552000E9E8E83D9190903DF9F8F83DE1E0E03D93
:10553000C9C8C83DA9A8A83D8988883DE9E8E83DD3
:10554000E9E8E83D8180003D9190103EADAC2C3EF5
:105550009998183EF1F0F03DA1A0203EA1A0203E78
:10556000F1F0F03DA1A0A03D9594143EB1B0303EC5
:10557000A1A0203EA5A4243EA5A4243EB1B0303E67
:10558000B9B8383E9D9C1C3E8584043EB5B4343E7B
:10559000C9C8483ED1D0503EC1C0403EB5B4343EEB
:1055A000A5A4243E8988083E9998183E8D8C0C3E0F
:1055B000ADAC2C3EA5A4243EC1C0403EA1A0203EDF
:1055C000E1E0E03DA1A0203EA9A8283EA5A4243EFC
:1055D0009998183EC9C8C83DC9C8C83DD1D0D03D6A
:1055E000C9C8C83DC1C0C03DB9B8B83DA9A8A83D0B
:1055F000D9D8D83D8D8C0C3E8584043EB9B8B83DD1
:105600008988883D8180803D9998983D8180803D42
:10561000B9B8B83D9190903DF1F0F03DB9B8B83DC2
:10562000B1B0303DA1A0203DC1C0403D9190903D22
:10563000B9B8B83DE9E8E83D9190903D8988883D4A
:10564000B1B0303D9998983D8584043E8D8C0C3ED8
:105650008988083EA5A4243E9594143E9190103E5E
:10566000B1B0303EA1A0203EC1C0403EF1F0F03DBF
:10567000ADAC2C3EC9C8483ECDCC4C3EE1E0603ECE
:10568000C9C8483EDDDC5C3EE9E8683ECDCC4C3E16
:10569000C1C0403EB9B8383EC5C4443ECDCC4C3EF6
:1056A000B9B8383EB5B4343EADAC2C3EC1C0403E76
:1056B000B1B0303E8D8C0C3EE9E8E83DE9E8E83DCC
:1056C000B1B0303E8584043EC1C0403E9190103E52
:1056D000D1D0D03DB1B0B03DC1C0C03DE9E8E83D5A
:1056E000C1C0C03D9594143E9D9C1C3E8988883D58
:1056F0008D8C0C3EE1E0E03DE1E0E03D8584043E40
:105700009998183EC1C0C03DC1C0403D8988883DC0
:10571000B1B0B03D9998983DB9B8B83DC1C0C03D51
:10572000B1B0B03DB1B0B03DD9D8D83D8584043ECC
:105730009998983DD1D0D03DE1E0E03DD1D0D03D29
:10574000C1C0C03D8988083EF1F0F03D9998983D70
:105750008988883DE9E8E83D8D8C0C3ED1D0D03D6C
:105760009998183EB9B8383E9190103EB9B8B83DF6
:10577000C9C8483EBDBC3C3EC9C8483EE1E0603EA9
:10578000C1C0403EC5C4443EEDEC6C3ED1D0503E5D
:10579000E9E8683ED1D0503EC1C0403ECDCC4C3E41
:1057A0009594143EADAC2C3EB1B0303ED5D4543EB1
:1057B000D9D8583EB1B0303E9998183E9D9C1C3EB9
:1057C0008180003E8584043E8584043ED1D0D03D56
:1057D000F1F0F03D9998183ED9D8D83D8180003E2F
:1057E000E9E8E83DC9C8C83DE9E8E83DE1E0E03D59
:1057F000F1F0F03DE9E8E83DF1F0F03D8180803DD9
:10580000E1E0E03DB9B8B83DE9E8E83DE1E0E03D80
:105810008180003EB1B0303DC1C0403DC1C0C03DFF
:10582000B9B8B83DA9A8A83DF1F0F03DC1C0C03D50
:10583000A1A0203DC1C0C03D9190103E9190103E6E
:10584000D1D0D03DB1B0B03DA9A8283EE1E0E03DC7
:10585000A9A8A83DA5A4243EB1B0303EBDBC3C3EA5
:10586000A1A0203E8988083EB9B8383EBDBC3C3E68
:10587000BDBC3C3EBDBC3C3EE1E0603EF1F0703E54
:10588000E5E4643EF1F0703EBDBC3C3EE9E8683EB4
:10589000E5E4643ED9D8583EE5E4643EF1F0703E5C
:1058A000DDDC5C3EC1C0403EB1B0303EC1C0403ED8
:1058B000C9C8483EC5C4443EADAC2C3EADAC2C3E40
:1058C000ADAC2C3E8D8C0C3E8584043E9190103EF8
:1058D000B5B4343E9190103E8988883DE9E8E83DB2
:1058E0008988883DF1F0F03DA1A0203E9190103EC6
:1058F000D1D0D03DF9F8F83DD1D0D03D9998983D20
:105900008180003EE1E0E03DB1B0B03D9998983D26
:10591000F1F0F03DC1C0C03DC1C0C03DA9A8A83D47
:10592000F9F8F83DD1D0503DE1E0E03D9594143ECA
:105930009998983DE1E0603DC9C8C83D8180003E2E
:105940008988883DB1B0B03DF1F0F03D9594143EAA
:10595000F9F8F83DE9E8E83D8584043EA1A0203E41
:10596000BDBC3C3EC1C0403EC5C4443EA9A8283E83
:10597000E5E4643EE5E4643ED9D8583EE5E4643E9F
:10598000F1F0703E8786863E8180803E8382823E33
:10599000EDEC6C3EE9E8683E8988883EF1F0703EA7
:1059A0008786863EF5F4743EEDEC6C3EC5C4443EFD
:1059B000A5A4243EA9A8283ED1D0503EC5C4443E4B
:1059C000B5B4343EC1C0C03DA1A0203E8584043E94
:1059D000B1B0B03DD1D0503DD1D0D03DB1B0B03D4F
:1059E000D1D0D03D8180003EC9C8C83DA9A8A83DFE
:1059F0009998983DC9C8C83DC1C0C03DA9A8A83D57
:105A0000E9E8E83DB1B0B03D9998183ED9D8D83D05
:105A1000D1D0503D8180803DF1F0703D9998983D06
:105A2000C1C0C03D9998983D9190903D8D8C0C3EA1
:105A3000A1A0203E8584043E8180803DC9C8C83D28
:105A40009998183E9594143E9594143E8180003E9A
:105A5000F1F0F03DC9C8C83D8988083EC1C0C03DCD
:105A60009D9C1C3EC5C4443E8584043E9594143ED2
:105A7000D9D8583EDDDC5C3EF5F4743EE5E4643E86
:105A8000F5F4743EFDFC7C3E8B8A8A3E9998983EE4
:105A9000A3A2A23E8B8A8A3E8786863E8584843E68
:105AA0008988883EB5B4343EDDDC5C3EE5E4643E86
:105AB000B5B4343EB5B4343EC5C4443EADAC2C3E62
:105AC0009998183E8584043EB9B8383E8584043ED2
:105AD000B1B0B03D9998983DD9D8D83DA9A8283EF5
:105AE000A9A8A83DE1E0E03D9998983DD1D0D03DEE
:105AF000B5B4343EC1C0C03DE1E0E03DA9A8A83D39
:105B0000E1E0E03DF1F0703D9998183E9998983D9C
:105B1000C1C0403DD1D0D03D8584043E9190903DA0
:105B2000B1B0B03DB9B8B83DC1C0C03DB9B8B83DDD
:105B30008180003E8988083EF9F8F83DF9F8F83D83
:105B40008988083EB1B0303EC9C8C83D8584043E4E
:105B50009190103ED9D8D83DA9A8283E9594143EDE
:105B6000D5D4543EE1E0603EADAC2C3EBDBC3C3EE5
:105B7000E5E4643EF5F4743E8F8E8E3E8D8C8C3E53
:105B80009D9C9C3E9392923EF9F8783E9190903E77
:105B90009594943E9594943E9594943E9594943E19
:105BA0009F9E9E3E8D8C8C3EC1C0403EC1C0403EFB
:105BB000EDEC6C3EDDDC5C3EC1C0403E9594143E95
:105BC000F1F0F03D8180003E9190103EADAC2C3E56
:105BD0008584043EF1F0F03DF9F8F83DD9D8D83D80
:105BE000A9A8A83D8D8C0C3EF9F8F83DC1C0C03D78
:105BF000C9C8C83DE1E0603DA9A8A83DE1E0E03D9D
:105C0000F9F8F83D8180003EA1A0A03DD1D0D03D63
:105C1000E9E8E83DE9E8E83D8584043EB1B0B03DFF
:105C2000D1D0D03D8D8C0C3EB1B0B03D8988083EBE
:105C3000C9C8C83D8180003EB1B0B03DB9B8B83DDB
:105C4000E1E0E03D9594143EA5A4243E8584043E05
:105C5000A1A0203EF9F8F83DADAC2C3ED1D0503E8D
:105C6000E1E0603EB1B0303ED9D8583EF1F0703E30
:105C70008988883E9594943E9190903E9998983E5C
:105C80008F8E8E3E9796963E9796963E9796963E28
:105C9000A7A6A63EA5A4A43E9B9A9A3E9B9A9A3E8E
:105CA0009594943E8F8E8E3E8786863EEDEC6C3EBC
:105CB000D5D4543EF9F8783EBDBC3C3E9D9C1C3E7C
:105CC000B1B0303E9594143E8D8C0C3EE1E0E03D49
:105CD000BDBC3C3E8584043E8D8C0C3EB1B0303E54
:105CE0008584043E9190903DC9C8C83DF1F0F03DD7
:105CF0009998983DC9C8C83DF1F0F03DC1C0C03D7C
:105D0000D1D0D03DB5B4343EE9E8E83D8180803D56
:105D1000F9F8F83DD1D0D03D8180803DC9C8C83D5B
:105D20009998983DB1B0B03DA9A8A83DB1B0303E1A
:105D3000D9D8D83DE9E8E83DE9E8E83DD9D8D83DEB
:105D4000A5A4243E8988083E8D8C0C3EE9E8E83DF8
:105D50009190103EB1B0303EB9B8383EADAC2C3E5B
:105D6000DDDC5C3EC5C4443EF5F4743E8584843E6F
:105D70008988883E9B9A9A3E9998983E9B9A9A3E2B
:105D80009796963EA3A2A23EB5B4B43EB5B4B43E37
:105D9000B1B0B03EA9A8A83EABAAAA3EA5A4A43E15
:105DA0009190903E8786863EF9F8783E8180803ECD
:105DB000D9D8583EF5F4743EB9B8383EB9B8383E33
:105DC000EDEC6C3EB1B0303EB9B8383E9998183E13
:105DD0009190103EF9F8F83D8988083E9190103E68
:105DE000A9A8A83D8988883DD9D8D83D9998183E5A
:105DF000ADAC2C3EF1F0F03DE1E0E03DC1C0C03D76
:105E00008584043E9D9C1C3EB9B8B83D8180803D90
:105E1000D1D0503DC1C0C03DF1F0F03D8180803D0A
:105E2000A9A8A83DC1C0C03DA9A8A83DD9D8D83DC2
:105E30008988083EB1B0B03DC1C0C03DE9E8E83D49
:105E40008180003EC1C0C03DE9E8E83DF1F0F03D91
:105E50008988083E9998183E8584043EBDBC3C3E26
:105E6000C9C8483ED5D4543EFDFC7C3EF9F8783E86
:105E70008584843E9F9E9E3EABAAAA3EA7A6A63ED0
:105E8000AFAEAE3EB7B6B63EBBBABA3EB9B8B83E94
:105E9000BDBCBC3EB5B4B43EB9B8B83EB3B2B23E78
:105EA000A1A0A03E9796963E8584843E9392923E12
:105EB000F5F4743E8988883ED9D8583EB1B0303E5A
:105EC000D5D4543EB5B4343ED9D8583EC5C4443E6A
:105ED0008584043EA5A4243EA5A4243EF1F0F03D13
:105EE0009998983DB1B0B03DB1B0B03DD9D8D83D4A
:105EF0009190103E9998183EF1F0F03DA9A8A83D68
:105F0000C1C0C03DE1E0E03D8584043E8988083E93
:105F1000A9A8A83DB1B0B03D9190103EC9C8C83DF8
:105F2000B9B8B83D9998183EF9F8F83DC1C0C03DE0
:105F3000A9A8A83DD9D8D83DF1F0703DB1B0B03D89
:105F4000D9D8D83DE9E8E83D8D8C0C3E8584043EE7
:105F5000A9A8283EADAC2C3EADAC2C3EB9B8383E1D
:105F6000ADAC2C3E8180803E8B8A8A3E8180803E13
:105F7000F5F4743E9D9C9C3EB3B2B23EB9B8B83EB7
:105F8000B7B6B63EC3C2C23ECDCCCC3ECDCCCC3EE5
:105F9000CFCECE3EC7C6C63EC5C4C43EBDBCBC3EC9
:105FA000BBBABA3EB7B6B63EA5A4A43E9190903E09
:105FB0009998983E8786863EF9F8783EE5E4643EF7
:105FC000B5B4343ECDCC4C3ED5D4543EADAC2C3ED5
:105FD0009998183E9998183EBDBC3C3E9190103E51
:105FE000B1B0B03D8584043EC1C0C03D9190903DAC
:105FF000C9C8C83D8584043EB1B0B03DE1E0E03D94
:10600000A9A8A83DD1D0D03DA1A0A03DC1C0C03D10
:10601000F1F0F03DC1C0C03D8180003DF1F0703D28
:10602000C1C0403D8988883DE1E0603DE1E0E03D60
:10603000C1C0C03DB9B8B83DF9F8F83D9594143EDB
:10604000A1A0A03D8180003E8584043EE9E8E83DB2
:10605000A5A4243E9D9C1C3EE1E0603ECDCC4C3E80
:10606000D5D4543EF5F4743E8B8A8A3E9190903E8E
:106070009B9A9A3EA3A2A23EB5B4B43EBBBABA3E26
:10608000CFCECE3ED3D2D23EDDDCDC3EDBDADA3E12
:10609000DDDCDC3ED9D8D83ED3D2D23ECFCECE3E08
:1060A000C7C6C63EBBBABA3EADACAC3E9F9E9E3E96
:1060B0009796963E8786863EFDFC7C3E8988883E84
:1060C000E5E4643EB1B0303ED1D0503E9594143EEC
:1060D0009D9C1C3E8180003EA5A4243E8D8C0C3EE0
:1060E0008988883DE9E8E83DD1D0D03D8180803D78
:1060F000A9A8A83DB9B8B83DC9C8C83DD1D0D03DC0
:10610000C1C0C03D8D8C0C3EB9B8B83DE9E8E83D52
:10611000F9F8F83D8584043ED1D0D03DD9D8D83D9A
:10612000F1F0F03D9594143EF1F0F03D9998983DD2
:10613000A9A8283EE1E0E03D8988083ED9D8D83DAD
:106140008180003EF1F0F03DD1D0D03DC9C8C83DBE
:10615000B1B0303EB5B4343EB9B8383EB5B4343ED3
:10616000E1E0603EE9E8683E8D8C8C3E9F9E9E3E5D
:10617000AFAEAE3EB1B0B03EBFBEBE3ECDCCCC3E6B
:10618000D5D4D43EE5E4E43EEDECEC3EEFEEEE3E5D
:10619000E9E8E83EEBEAEA3EE1E0E03ED7D6D63E6B
:1061A000CDCCCC3EC5C4C43EB1B0B03EA9A8A83E3B
:1061B0008786863E8180803EF9F8783E8584843EDD
:1061C000FDFC7C3ED5D4543E9D9C1C3EA1A0203EAF
:1061D000B9B8383EF1F0F03D9D9C1C3E8180003EF8
:1061E000E1E0E03DF9F8F83DB9B8B83DD1D0D03D97
:1061F000B9B8B83DE9E8E83D8584043ED9D8D83D32
:10620000F9F8F83DD9D8D83DC1C0C03D8180003EE5
:106210008180803DE1E0E03DF1F0F03DE1E0E03DF6
:106220008584043EE9E8E83DB1B0B03DF9F8F83DB9
:106230009594143EF1F0F03D8584043ED9D8D83DC4
:106240009998183E9D9C1C3EA9A8A83D8180003EBF
:10625000C1C0403EE1E0603EADAC2C3EF1F0703E8E
:10626000E9E8683E8584843E9998983E9594943EEA
:10627000AFAEAE3EB5B4B43ECBCACA3EDBDADA3E10
:10628000E1E0E03EF5F4F43EFDFCFC3E8180003FA1
:10629000FBFAFA3EFDFCFC3EF5F4F43EE7E6E63E92
:1062A000DBDADA3ECBCACA3EB7B6B63EA3A2A23EFE
:1062B000A5A4A43E8F8E8E3E8584843EE5E4643E94
:1062C000E5E4643EBDBC3C3EA1A0203EC5C4443EC6
:1062D000B1B0303E8988083EF1F0F03DA5A4243EDF
:1062E000F9F8F83DF9F8F83DD1D0D03D8180003E75
:1062F000B1B0B03DE1E0E03D8180003EC1C0C03DB5
:10630000F9F8F83D9190903DC9C8C83DE1E0E03D05
:10631000A1A0203DA1A0A03DF1F0703DD1D0D03D85
:10632000E1E0E03DF1F0F03DF1F0F03DF9F8F83D4D
:10633000C1C0C03DD9D8D83DF1F0F03DF9F8F83DE5
:106340008988083EE1E0E03DE9E8E83DA9A8283E6B
:10635000D9D8583EC1C0403ED1D0503EF1F0703E39
:106360008786863E8D8C8C3E9796963E9F9E9E3E5F
:10637000B3B2B23EC5C4C43ED9D8D83EE9E8E83E7F
:10638000FBFAFA3E8382023F8988083F8C8B0B3FE1
:106390008C8B0B3F8988083F8483033FFBFAFA3ECE
:1063A000EBEAEA3ED5D4D43EC3C2C23EADACAC3E6D
:1063B000EDEC6C3EFDFC7C3E9190903EFDFC7C3E05
:1063C000F1F0703ECDCC4C3EB9B8383EB5B4343E59
:1063D000A1A0203EC9C8483E9190103E9594143E1D
:1063E0009998183EE9E8E83D9998983D9190103EBB
:1063F000C1C0C03DC1C0C03DD1D0D03DE9E8E83DFD
:106400009190103E8584043EA9A8A83DA9A8A83D66
:10641000B1B0B03D8180803D8988883DD9D8D83DD4
:10642000C1C0403D9594143EB1B0B03D9190903DB7
:10643000F9F8F83D8180003EF1F0F03D8988083E92
:10644000C9C8C83DA5A4243EADAC2C3EF9F8F83D22
:10645000A9A8283EB1B0303ED1D0503ED9D8583E40
:10646000E1E0603E9190903EA5A4A43EA5A4A43E88
:10647000BFBEBE3ECBCACA3EE1E0E03EF5F4F43E0C
:106480008584043F8E8D0D3F9493133F9897173F5B
:106490009998183F9695153F8F8E0E3F8685053F3C
:1064A000F9F8F83EE7E6E63ED7D6D63EC1C0C03E94
:1064B0008D8C8C3E9B9A9A3E9190903E8382823E38
:1064C0008988883EC5C4443ED1D0503EA1A0203E1C
:1064D0009D9C1C3EB5B4343E9594143EA9A8283E1C
:1064E000D1D0D03DC1C0C03DF1F0F03DF1F0F03D64
:1064F000C1C0C03DF9F8F83DD9D8D83D8180003EF3
:106500009594143E9594143EF1F0F03DA9A8A83D51
:106510008180003EC9C8C83DD9D8D83DD9D8D83D1A
:10652000E1E0603DB9B8B83D8180003EA5A4243EBD
:10653000A1A0A03DE1E0603DF1F0F03D9998183E4A
:10654000C1C0C03DC1C0C03DB5B4343EB1B0303EA5
:10655000A1A0203EB1B0303ED1D0503E8180803EDF
:10656000F5F4743E9594943EA9A8A83EAFAEAE3E15
:10657000C7C6C63ED9D8D83EE9E8E83E8584043F80
:106580008D8C0C3F9897173FA1A0203FA5A4243FD6
:10659000A6A5253FA2A1213F9998183F908F0F3FB4
:1065A0008584043FF1F0F03EDDDCDC3EC9C8C83E26
:1065B000BFBEBE3EA7A6A63EA3A2A23E8D8C8C3E29
:1065C0008584843EF5F4743EF1F0703EB5B4343EFB
:1065D000BDBC3C3E9D9C1C3EC1C0403EE9E8E83D40
:1065E000A1A0203E8D8C0C3EBDBC3C3E8988083E5F
:1065F000E1E0E03DA5A4243EADAC2C3EF9F8F83D29
:10660000ADAC2C3E9594143E9998183EA9A8283E0E
:106610008988883DD9D8D83D9998983DB1B0B03D8A
:10662000A9A8A83DF1F0703DB9B8B83D8180003E01
:106630009D9C1C3E8988883DD9D8D83DD9D8D83D65
:10664000A1A0203E9190103E9998183EA5A4243E0A
:106650009998183ECDCC4C3ED1D0503EF1F0703ED2
:106660009594943E9190903E9796963EBBBABA3ED2
:10667000C9C8C83EE1E0E03EFDFCFC3E8A89093F16
:106680009796163FA6A5253FB0AF2F3FB8B7373F27
:10669000B8B7373FB1B0303FA6A5253F9998183F0E
:1066A0008B8A0A3FFDFCFC3EE1E0E03ED9D8D83EB3
:1066B000BDBCBC3EA9A8A83EA3A2A23E9392923E16
:1066C000EDEC6C3EE1E0603EA1A0203EC1C0403E4A
:1066D000C5C4443EBDBC3C3E9998183ED9D8D83D6F
:1066E000C5C4443EE9E8E83DE9E8E83DA1A0203E14
:1066F000F1F0F03D8988083EC9C8C83DE1E0E03DC1
:10670000A5A4243E9594143E9D9C1C3EF9F8F83DAA
:10671000E1E0603DE1E0603DA1A0A03D8988883DC9
:106720009998983D8180803DE9E8E83DD1D0D03D01
:10673000F9F8F83D8584043EB1B0B03D9190103E2B
:10674000B1B0B03DF1F0F03D8180003EA9A8A83D78
:10675000BDBC3C3EDDDC5C3EC1C0403EE9E8683E7D
:106760009998983E9F9E9E3EA1A0A03EBBBABA3E7D
:10677000D5D4D43EEBEAEA3E8584043F9594143F99
:10678000A3A2223FB4B3333FC2C1413FCDCC4C3F63
:10679000CECD4D3FC2C1413FB3B2323FA1A0203F59
:1067A0009291113F8483033FE9E8E83ED3D2D23E81
:1067B000BFBEBE3EA7A6A63E9998983E8D8C8C3E45
:1067C0008584843EE9E8683EC5C4443ED5D4543E41
:1067D000C5C4443EC5C4443E9998183EADAC2C3E59
:1067E000A9A8283EA9A8283ED5D4543EA1A0203E61
:1067F000F9F8F83D9594143EE1E0E03DD9D8D83D54
:106800009D9C1C3E8988083E9190103EF9F8F83D09
:106810008180803D9190903D9998983DC9C8C83D30
:10682000C9C8C83DB1B0B03DA1A0A03DC1C0C03DE8
:10683000F9F8F83DE1E0E03DB1B0B03DD1D0D03D58
:106840008180803DB9B8B83DC5C4443EB5B4343E3E
:10685000C1C0403EB9B8383EC5C4443E8382823E82
:106860008D8C8C3E9B9A9A3EABAAAA3EC1C0C03E7C
:10687000D9D8D83EF3F2F23E8E8D0D3FA2A1213F32
:10688000B0AF2F3FC0BF3F3FD4D3533FE4E3633F9C
:10689000E4E3633FD3D2523FBEBD3D3FA8A7273FAD
:1068A0009695153F8584043FEDECEC3EDDDCDC3E47
:1068B000C1C0C03EA7A6A63E9796963E9B9A9A3E1A
:1068C0008988883EF1F0703EE1E0603ED5D4543EC8
:1068D000A5A4243EB5B4343EBDBC3C3EA9A8283E88
:1068E0008D8C0C3E9594143EC1C0403EA5A4243E20
:1068F0008D8C0C3EB9B8383ED1D0D03DC9C8C83D0A
:106900008584043EA1A0203EE9E8E83DB9B8B83D41
:10691000B1B0B03DD1D0D03DB1B0B03D8180803D6F
:10692000B9B8B83DA9A8A83DD1D0D03DF1F0F03D0F
:10693000F9F8F83D8988083E9D9C1C3EF1F0F03D39
:106940009594143E9998183E9594143EADAC2C3E07
:10695000CDCC4C3ED9D8583EE1E0603EF5F4743ED3
:106960008382823E9B9A9A3EB3B2B23EC9C8C83E69
:10697000D5D4D43EFBFAFA3E9392123FAAA9293FFE
:10698000B7B6363FC7C6463FDFDE5E3FF1F0703F29
:10699000EFEE6E3FDDDC5C3FC5C4443FADAC2C3F49
:1069A0009A99193F8887073FF1F0F03EDBDADA3E2B
:1069B000C5C4C43EADACAC3E9D9C9C3E9594943EFB
:1069C000EDEC6C3ED1D0503EBDBC3C3E8988083ECB
:1069D000B9B8383EA9A8283EADAC2C3E9190103EE7
:1069E0009998183EB1B0303E9D9C1C3EB5B4343EE3
:1069F0009190103E9594143EF1F0F03DB1B0B03D51
:106A0000F9F8F83DB9B8B83DB9B8B83D8180803DD6
:106A1000C9C8C83D8180803DC1C0403D9190903D36
:106A2000F1F0F03D8D8C0C3ED1D0D03DC1C0C03DC9
:106A3000E1E0603DE9E8E83DD1D0D03D8584043E09
:106A40008988083EF9F8F83DD9D8D83D8988083EAC
:106A5000BDBC3C3ED9D8583EBDBC3C3E8180803E4A
:106A60008F8E8E3E8D8C8C3EB5B4B43EC5C4C43E74
:106A7000E3E2E23EFFFEFE3E908F0F3FA5A4243FDF
:106A8000B4B3333FC6C5453FDDDC5C3FEEED6D3F43
:106A9000EEED6D3FDBDA5A3FC3C2423FACAB2B3F5A
:106AA0009998183F8685053FF1F0F03ED9D8D83E39
:106AB000BFBEBE3EB7B6B63EA1A0A03E8988883E06
:106AC000D9D8583EC5C4443EDDDC5C3EA1A0203E82
:106AD000B1B0303E9D9C1C3E9D9C1C3EADAC2C3EFE
:106AE0009190103EC9C8C83DE1E0E03D9D9C1C3E30
:106AF000D1D0D03DF1F0F03DE9E8E83D8D8C0C3E81
:106B00009998983D9190903DB1B0B03D9190903D55
:106B1000D1D0D03DE9E8E83DD9D8D83D9998983D05
:106B2000E1E0E03DD9D8D83D8988883DB9B8B83D85
:106B3000A5A4243EF1F0F03DF1F0703DF1F0F03D00
:106B4000D1D0D03D8988083E9190103E9D9C1C3E3E
:106B5000B5B4343EE5E4643EE9E8683E8584843EAD
:106B60009392923EA1A0A03EA7A6A63EC7C6C63E4F
:106B7000E1E0E03EF3F2F23E8988083F9B9A1A3F3B
:106B8000ACAB2B3FBFBE3E3FD2D1513FE0DF5F3FBA
:106B9000E0DF5F3FD0CF4F3FBDBC3C3FA8A7273FC2
:106BA0009493133F8685053FEBEAEA3ED9D8D83E59
:106BB000C7C6C63EB5B4B43E9B9A9A3EF5F4743E41
:106BC000EDEC6C3EEDEC6C3EF5F4743EE9E8683EAD
:106BD000B5B4343E9594143E9D9C1C3EA5A4243E21
:106BE000C9C8C83D8988083E9594143EA5A4243E92
:106BF0008D8C0C3EB9B8B83DB9B8B83D8D8C0C3E03
:106C00008180003EB1B0B03D9190103D8988883DB3
:106C1000C1C0C03DE9E8E83DE9E8E83D8D8C0C3EA7
:106C2000E9E8E83DF9F8F83DD1D0D03D8D8C0C3E37
:106C3000C1C0C03DE1E0E03DE9E8E83DB9B8B83D9C
:106C4000C1C0C03D8D8C0C3EA1A0A03D9594143ECA
:106C5000C9C8483EDDDC5C3E9190903E8D8C8C3EF8
:106C60008584843E9D9C9C3EADACAC3EBBBABA3E96
:106C7000D9D8D83EE7E6E63E8382023F9493133F9D
:106C8000A2A1213FB2B1313FC1C0403FCBCA4A3F70
:106C9000CAC9493FBFBE3E3FB2B1313FA1A0203F6C
:106CA0009190103F8382023FE5E4E43ED9D8D83E7C
:106CB000C3C2C23EB3B2B23E9594943EE5E4643E94
:106CC000F5F4743EE1E0603ECDCC4C3EE1E0603E48
:106CD000A9A8283EB1B0303E9D9C1C3EC5C4443E90
:106CE0008988083E9998183EF9F8F83D9D9C1C3E0D
:106CF000A5A4243EF1F0F03DB9B8B83DE9E8E83D7F
:106D0000F1F0F03D8584043ED9D8D83DA1A0A03D46
:106D1000C9C8C83DD1D0503DB1B0303DE1E0E03D03
:106D2000F9F8F83DC9C8C83DB9B8B83DB9B8B83DDB
:106D3000A9A8A83D8584043EE1E0E03DE9E8E83DFE
:106D40008D8C0C3E9998183EB1B0303EBDBC3C3E97
:106D5000B9B8383EADAC2C3EF1F0703E8988883E23
:106D60008D8C8C3E9796963EADACAC3EB9B8B83E95
:106D7000D5D4D43EE9E8E83EFDFCFC3E8D8C0C3FCA
:106D80009998183FA7A6263FB3B2323FB9B8383F0B
:106D9000B8B7373FB1B0303FA7A6263F9A99193F01
:106DA0008B8A0A3FFBFAFA3EE3E2E23ED3D2D23EBE
:106DB000B9B8B83EADACAC3E9B9A9A3E8B8A8A3E3F
:106DC000FDFC7C3EC1C0403EBDBC3C3EA9A8283E67
:106DD000D1D0503EC9C8483ED9D8583E9D9C1C3E93
:106DE0008584043EB9B8383E9998183ED9D8D83D24
:106DF000D1D0D03DA9A8A83DD1D0D03DD1D0D03D53
:106E00008988083EE9E8E83DB1B0B03D9998983DE1
:106E1000C1C0C03DB1B0303DC1C0403D8D8C0C3EC5
:106E2000D9D8D83D9594143EE1E0E03DB9B8B83DDD
:106E3000E9E8E83DF1F0F03DA9A8A83D8180003ED9
:106E40009190103E8D8C0C3EE1E0E03DC5C4443E87
:106E5000DDDC5C3ED5D4543ECDCC4C3EFDFC7C3ECE
:106E60008B8A8A3E9392923EA3A2A23EB1B0B03EDC
:106E7000C9C8C83EDFDEDE3EFBFAFA3E8887073F20
:106E80009291113F9E9D1D3FA5A4243FAAA9293F91
:106E9000AAA9293FA3A2223F9B9A1A3F908F0F3F96
:106EA0008584043FF1F0F03EDFDEDE3EC9C8C83E17
:106EB000ABAAAA3EA3A2A23EA5A4A43E8382823E80
:106EC000F1F0703EEDEC6C3EC1C0403EC9C8483E9A
:106ED000BDBC3C3EA9A8283EBDBC3C3E9190103EA6
:106EE0009190103EA5A4243E8D8C0C3EC1C0C03DA7
:106EF000D9D8D83DE9E8E83D8D8C0C3EC9C8C83DDD
:106F00009998983DE9E8E83DE1E0E03DE1E0E03DC9
:106F10009998983DD1D0D03DC9C8C83DC9C8483E10
:106F2000A9A8A83DC1C0C03DF1F0F03DF9F8F83D79
:106F30009D9C1C3EA9A8A83D8180003EB9B8B83DE3
:106F4000F9F8F83D8D8C0C3EE9E8E83D9998183E3B
:106F5000B9B8383ED5D4543ED9D8583ED5D4543E8D
:106F6000F9F8783E8988883EA9A8A83EB1B0B03E1D
:106F7000BDBCBC3EDBDADA3EF1F0F03E8180003F82
:106F80008887073F9190103F9897173F9C9B1B3F26
:106F90009B9A1A3F9796163F908F0F3F8786063F22
:106FA000FBFAFA3EE9E8E83ECFCECE3EC1C0C03E95
:106FB000B5B4B43EA1A0A03E8B8A8A3E8180803EBB
:106FC000EDEC6C3EE9E8683EC1C0403EA5A4243E1D
:106FD000C1C0403EB5B4343EA1A0203E9D9C1C3EA5
:106FE000D9D8D83D8180003E9998183E9998183E8E
:106FF0009190903DF9F8F83D9594143EB9B8B83D9C
:10700000B9B8B83DE1E0E03DD1D0D03DC9C8C83DF8
:107010008988883DE9E8E83DA9A8A83DC1C0C03DF0
:10702000B1B0B03D8180003EE9E8E83D8180003E9E
:107030009594143EC9C8C83DC1C0C03DD9D8D83DFB
:10704000F9F8F83DADAC2C3EB5B4343EA5A4243ED1
:10705000BDBC3C3EC9C8483EC5C4443EFDFC7C3E68
:107060008D8C8C3EF9F8783E9D9C9C3EAFAEAE3E3A
:10707000BDBCBC3ED7D6D63EDFDEDE3EF5F4F43EE8
:107080008180003F8786063F8D8C0C3F908F0F3F9D
:107090008F8E0E3F8C8B0B3F8887073FFFFEFE3E97
:1070A000EFEEEE3EDDDCDC3EC7C6C63EB5B4B43E18
:1070B000B7B6B63E9998983E8B8A8A3E8B8A8A3EAE
:1070C000FDFC7C3EE9E8683E9594143EC9C8483E04
:1070D000C9C8483EA9A8283EA5A4243E9998183EB0
:1070E000D9D8D83DA9A8283E8D8C0C3EB1B0B03D72
:1070F0008180803D9998983DD1D0D03DD1D0D03D70
:107100009998183E8D8C0C3ED1D0D03DE1E0E03D09
:10711000F1F0703DB1B0B03D8180803DD9D8D83D0F
:10712000F1F0F03DD1D0D03DE9E8E83DB9B8B83D47
:10713000E1E0E03DD9D8D83DB1B0B03D9998183ED6
:107140008988083E9190103E8988083E8D8C0C3EBF
:10715000A9A8283ED1D0503EB1B0303ECDCC4C3E57
:10716000EDEC6C3E8F8E8E3E8988883EA1A0A03EBD
:10717000B9B8B83EC3C2C23ED5D4D43EE1E0E03E89
:10718000EFEEEE3EFBFAFA3E8382023F8584043F37
:107190008483033FFFFEFE3EFBFAFA3EF1F0F03E31
:1071A000DBDADA3EC7C6C63EB7B6B63EA9A8A83EE9
:1071B0009D9C9C3E9392923E8B8A8A3EF1F0703E5B
:1071C000E9E8683ED9D8583EEDEC6C3EBDBC3C3E8B
:1071D000ADAC2C3ED5D4543ED1D0D03D8584043EB8
:1071E0009190103EA1A0203E8D8C0C3E8584043EE3
:1071F000E1E0E03DB9B8B83DF9F8F83D9190103EB6
:10720000F1F0703D8988883DE1E0E03D8D8C0C3ED9
:107210009190103EF1F0703DE1E0603DB9B8B83DAD
:10722000A9A8A83DA5A4243ED1D0D03D8988883DF9
:107230009190903DE9E8E83DA5A4243EA5A4243E14
:107240008180003EE1E0E03D8D8C0C3EB1B0303EEF
:107250009998183EB1B0303EC9C8483EEDEC6C3E3E
:107260008382823E8382823E8988883E9B9A9A3EB0
:10727000ABAAAA3EB7B6B63ECBCACA3ED5D4D43E18
:10728000E1E0E03EE9E8E83EEDECEC3EF1F0F03E16
:10729000EFEEEE3EEDECEC3EE7E6E63ED9D8D83E2A
:1072A000CFCECE3EC7C6C63EB7B6B63EA9A8A83E0C
:1072B0009998983E9796963E8584843ED1D0503ECC
:1072C000F5F4743EE1E0603ED1D0503E8988083E3E
:1072D0008584043EDDDC5C3E9190103E9D9C1C3E0E
:1072E000F9F8F83DA5A4243EB9B8383EE9E8E83DF0
:1072F0008988083E8988083EC1C0C03DF9F8F83D3C
:10730000E9E8E83DC9C8C83D9998983DC9C8C83D55
:10731000D9D8D83DB1B0B03DB9B8B83D9998983DED
:10732000C1C0C03DA1A0203E8D8C0C3EE1E0E03DFF
:10733000E9E8E83DE9E8E83DD9D8D83DB9B8B83D35
:10734000C9C8C83DBDBC3C3ED1D0D03D9594143E8B
:107350009D9C1C3E9D9C1C3EC5C4443ECDCC4C3ED9
:107360008786863E8382823E8D8C8C3E8D8C8C3EC1
:107370009796963EABAAAA3EBBBABA3ECDCCCC3EBF
:10738000D3D2D23ED9D8D83ED7D6D63EDDDCDC3EED
:10739000E1E0E03EDDDCDC3ED9D8D83ECFCECE3ECB
:1073A000C1C0C03EB3B2B23EABAAAA3EA3A2A23EA7
:1073B0008F8E8E3E8B8A8A3E8180803E8584843E7D
:1073C000C9C8483EBDBC3C3EB9B8383EC1C0403ECD
:1073D000D5D4543EB9B8383E9D9C1C3E8D8C0C3E95
:1073E0009998183E8584043EF9F8F83D8D8C0C3E42
:1073F000A1A0A03DA9A8A83DA1A0A03D9998983D15
:10740000E1E0E03DC1C0C03DC1C0C03DE1E0E03DC4
:10741000D1D0503DC1C0C03DB1B0B03DD9D8D83DAC
:107420009998983DB9B8B83D8584043E9998183E1E
:107430008988083E8D8C0C3EA5A4243ED9D8D83D21
:10744000E1E0603DC1C0C03DB9B8B83D9998183E73
:10745000BDBC3C3E8584043EADAC2C3EDDDC5C3ED8
:10746000E9E8683E8584843E8D8C8C3E8D8C8C3E14
:107470009D9C9C3EABAAAA3EADACAC3EB3B2B23E24
:10748000C5C4C43EC7C6C63EC7C6C63ED1D0D03EA0
:10749000D5D4D43EC7C6C63EC7C6C63EC3C2C23E8A
:1074A000A7A6A63EA1A0A03EA7A6A63EA1A0A03E3C
:1074B0008584843E8B8A8A3E8786863EFDFC7C3EA0
:1074C000D5D4543ED9D8583E9D9C1C3E9998183E20
:1074D000B5B4343EE9E8E83DBDBC3C3EF1F0F03DDA
:1074E000F9F8F83D8D8C0C3ED9D8D83D8D8C0C3EEA
:1074F000A5A4243ED9D8D83DD1D0D03DB1B0B03D1F
:10750000D1D0D03D9190903DB1B0B03D8180803DD3
:10751000A9A8A83DF1F0703D8988083EE9E8E83D5A
:10752000A1A0A03DA9A8A83DF1F0F03D9D9C1C3E66
:107530008584043E8D8C0C3EA9A8283E8180003EA7
:10754000A9A8A83DF1F0F03D8584043E8D8C0C3E49
:10755000C5C4443ED1D0503E9190103ED5D4543E47
:10756000CDCC4C3EF5F4743E8B8A8A3E8584843EB5
:107570009796963E9F9E9E3EA1A0A03EA3A2A23EAD
:10758000C1C0C03EB9B8B83EB5B4B43EBFBEBE3E41
:10759000C1C0C03EB9B8B83EB9B8B83EB1B0B03E4F
:1075A000ADACAC3EA9A8A83EA9A8A83E8988883E53
:1075B0008180803EFDFC7C3EE1E0603ED5D4543EBF
:1075C000EDEC6C3ECDCC4C3EE5E4643EA9A8283EF3
:1075D0009190103EA1A0203EA1A0203EC5C4443EF3
:1075E0008180003E8D8C0C3EF1F0F03DB9B8B83D85
:1075F0008988083ED9D8D83D8584043EB9B8B83DBD
:10760000D9D8D83D8988883DC1C0C03DC9C8C83DCA
:10761000B9B8B83DB1B0B03DA9A8A83D8180003E41
:10762000A9A8A83DA9A8A83D9190903D8988083EA9
:107630008180803D9594143EE1E0E03DB1B0B03DE5
:10764000C9C8C83D9190103E9D9C1C3EA1A0203E03
:107650008180003EE9E8E83DADAC2C3EB5B4343E57
:10766000B5B4343EF1F0703EFDFC7C3EFDFC7C3E4A
:107670008786863E8D8C8C3E9998983EA7A6A63E1E
:10768000ABAAAA3EBBBABA3EB9B8B83EB3B2B23E94
:10769000B3B2B23EB9B8B83E9F9E9E3EA5A4A43EEA
:1076A000A9A8A83EA1A0A03E8D8C8C3E8D8C8C3EBE
:1076B0008382823EFDFC7C3EF1F0703EF9F8783E1C
:1076C0008B8A8A3EF5F4743EEDEC6C3ECDCC4C3E9C
:1076D000B9B8383ECDCC4C3EE1E0603EF1F0F03D33
:1076E000A1A0203E8584043EB9B8B83DA1A0203EAB
:1076F0009998183EC1C0C03DC1C0C03D8988883D31
:107700008180803DD9D8D83D8988083EF1F0F03D90
:10771000F1F0F03DD9D8D83DA9A8A83DD1D0503D31
:10772000E1E0E03D8180003EE1E0E03D8D8C0C3EFB
:10773000B9B8B83D8D8C0C3E9D9C1C3E9594143E72
:10774000A9A8A83DE9E8E83D9190103E9594143E23
:107750009190103EADAC2C3E9594143ED1D0503E4D
:10776000D1D0503EBDBC3C3ED1D0503EDDDC5C3E75
:107770008988883EE9E8683E9594943EA3A2A23E9B
:107780009D9C9C3EA5A4A43EB1B0B03EABAAAA3E2F
:10779000AFAEAE3EABAAAA3E9D9C9C3E9998983E49
:1077A000A3A2A23E8988883E8786863EF1F0703E7D
:1077B000EDEC6C3EE1E0603E8B8A8A3E8180803E4B
:1077C000D1D0503EE9E8683E9D9C1C3E9998183EF9
:1077D000B9B8383E9998183E9D9C1C3E9998183E21
:1077E0008988083EA9A8283EB9B8383EB9B8383EBD
:1077F000B5B4343E9D9C1C3EF1F0F03D8D8C0C3EAA
:10780000B9B8B83DB1B0B03DA1A0A03D9998983DA0
:10781000F1F0F03DE1E0E03DE9E8E83DB9B8B83D20
:107820009998983DB1B0B03DF1F0F03DB9B8383E0F
:10783000F9F8F83D8584043EE9E8E83DE1E0603D83
:107840009190903DB1B0B03D8584043E8988083E5A
:107850009998183ECDCC4C3EC1C0403EB9B8383E98
:10786000A1A0203EA1A0203EC5C4443EE5E4643E64
:10787000E5E4643EF1F0703E8D8C8C3E9796963E2A
:10788000A3A2A23E8988883E8B8A8A3EA1A0A03E00
:107890009B9A9A3E9594943E9392923E9190903EFC
:1078A0009190903E8180803EEDEC6C3EEDEC6C3E24
:1078B000E9E8683ED1D0503EE1E0603EB9B8383EDC
:1078C000D1D0503E9594143EADAC2C3EC5C4443E40
:1078D000B1B0303EE1E0E03DE9E8E83DB9B8383E1E
:1078E0008988083EA1A0203EBDBC3C3ECDCC4C3E8C
:1078F0009998183EA9A8283E8988083ED9D8D83D2D
:10790000D9D8D83D8D8C0C3ED1D0D03DC9C8C83D0A
:107910008988883DE9E8E83DD9D8D83D8584043E8A
:10792000A1A0A03DC1C0C03DC9C8C83DC1C0C03DA7
:10793000C1C0403DF9F8F83D8180003EF1F0F03DD6
:10794000C1C0C03DF1F0F03DB9B8B83DE1E0E03D67
:10795000ADAC2C3E8584043EBDBC3C3E9998183E9F
:107960008D8C0C3EA1A0203EB1B0303ED5D4543E0B
:10797000B9B8383ED9D8583EE5E4643E8180803EAF
:107980008D8C8C3E8382823E8584843E9392923E8F
:107990009392923E8180803E8D8C8C3E8B8A8A3E73
:1079A0008B8A8A3E8786863EDDDC5C3EDDDC5C3E83
:1079B000C1C0403EE1E0603ECDCC4C3EB1B0303E77
:1079C000C1C0403E9594143EB9B8383EC1C0403E57
:1079D0008180003EF9F8F83D8180003E9D9C1C3E70
:1079E0009D9C1C3E9594143EADAC2C3EB9B8383EDF
:1079F000D1D0D03DE1E0E03DE1E0E03DA1A0203D7F
:107A0000E1E0E03D9998983DA9A8A83DE1E0E03D7E
:107A1000F1F0F03DE1E0E03CB1B0B03DD9D8D83D67
:107A2000A1A0A03DB1B0B03DB1B0B03DF1F0F03D8E
:107A30008988883D9594143E9594143E9190103E0B
:107A4000D9D8D83D8180003EBDBC3C3E9190103ECF
:107A50009190103E9190103EB1B0303EB1B0303EAA
:107A6000F1F0F03D9D9C1C3EDDDC5C3EE1E0603EC3
:107A7000B1B0303EADAC2C3EE9E8683EE1E0603E9E
:107A8000D1D0503E8584843E8382823E8180803E78
:107A90008584843EF1F0703EF5F4743E8786863E20
:107AA000FDFC7C3EF9F8783EC5C4443EB9B8383E8A
:107AB000E1E0603EA1A0203EA9A8283EE1E0603EB2
:107AC000B1B0303EA9A8283EBDBC3C3EB9B8383E56
:107AD000F9F8F83DC1C0C03D8D8C0C3EE9E8E83DA9
:107AE000C1C0C03DB9B8383E8180003E9998183E6B
:107AF0009998183EE1E0E03D8584043E8180003E97
:107B0000B1B0B03DF9F8F83DC9C8C83DB9B8B83D05
:107B1000B9B8B83DB9B8B83DC9C8C83DD1D0D03D55
:107B2000A9A8A83D9190903DD1D0D03DD9D8D83DBD
:107B3000D9D8D83D8584043EC9C8C83DB1B0B03D50
:107B4000E1E0603DF9F8F83DC9C8C83DC9C8C83D85
:107B50009998183EA9A8283EF9F8F83D9998183E3A
:107B6000D9D8D83D9998183EB5B4343ED1D0503EBE
:107B7000DDDC5C3EDDDC5C3EE9E8683EC5C4443EDD
:107B8000C9C8483E8988883E8382823EF5F4743EA7
:107B9000D5D4543EC1C0403EF1F0703ED1D0503EED
:107BA000E5E4643EC1C0403EB5B4343E9D9C1C3EFD
:107BB000CDCC4C3EDDDC5C3EC9C8483EA9A8283E81
:107BC000D5D4543EDDDC5C3EA9A8283E9190103E01
:107BD0008584043EF1F0F03D9190103EB1B0B03D8F
:107BE000F9F8F83D9594143E8180003EC9C8C83D1F
:107BF000F1F0703DE1E0E03D8180003E9998983DD4
:107C0000D1D0503DC9C8C83D8D8C0C3EB1B0B03DFF
:107C1000E1E0E03DE9E8E83DD1D0D03DB1B0B03D94
:107C2000F1F0703DA1A0A03D8180003E8180803DAB
:107C3000E9E8E83DE9E8E83DB9B8B83DA1A0A03DD4
:107C40008988883DF9F8F83D9998183E9190903DC3
:107C50008584043E9D9C1C3E9D9C1C3EA1A0203E14
:107C60008D8C0C3EA1A0203E8D8C0C3EBDBC3C3EBC
:107C70009594143ED5D4543EC9C8483EE5E4643ECC
:107C8000E1E0603EDDDC5C3EEDEC6C3EE9E8683E48
:107C9000A5A4243E9998183EB1B0303EF1F0703E54
:107CA000C1C0403EBDBC3C3ED9D8583EDDDC5C3E48
:107CB000DDDC5C3ED9D8583EBDBC3C3E9594143EBC
:107CC0009190103EB1B0303EA5A4243E9594143E50
:107CD0009190103EE1E0E03DADAC2C3E8180003E55
:107CE000B9B8B83DB9B8B83D8988083E9998983D6B
:107CF0009190903DB9B8B83D8180003E8988883D1B
:107D0000A1A0A03DB9B8B83DB9B8B83DD1D0D03DDB
:107D1000B9B8B83DD1D0D03DB1B0B03DA1A0A03DE3
:107D20009998983DB9B8B83DE9E8E83DC1C0C03D73
:107D3000C9C8C83DA9A8A83DA1A0A03D8584043E0E
:107D40008180003EE1E0E03DB1B0303EA9A8283E90
:107D50008584043EF9F8F83DA5A4243EADAC2C3E44
:107D6000D1D0503EA1A0203ED9D8D83D9998183EF8
:107D7000D9D8D83DCDCC4C3ED1D0503EC9C8483ED4
:107D8000EDEC6C3E9594143EC9C8483ED9D8583E97
:107D9000C9C8483EC1C0403ED1D0503ED5D4543E63
:107DA000B5B4343EDDDC5C3EDDDC5C3ED5D4543E17
:107DB0008D8C0C3EB5B4343EB9B8383E9D9C1C3E0B
:107DC000E1E0E03D9D9C1C3EF9F8F83DB9B8B83DB6
:107DD0008988083EB1B0303E9190103E8988083EB7
:107DE000C9C8C83DE1E0E03DA5A4243E9594143EF9
:107DF000A1A0A03DA1A0A03DB1B0B03DB1B0B03DAB
:107E0000F9F8F83DF1F0F03DA1A0A03DC1C0C03DA2
:107E1000E1E0E03DE1E0E03DB1B0B03D9190903D6A
:107E2000D1D0D03DF1F0703DB9B8B83D8180003E71
:107E3000E9E8E83DD9D8D83D8584043EE9E8E83D45
:107E40009190103EB9B8B83DB9B8B83DD1D0D03D49
:107E5000A1A0203EB9B8B83DE1E0E03DC1C0403E40
:107E60009998183E9998183E9998183E8584043E32
:107E70009998183EBDBC3C3E9594143E9998183E86
:107E8000DDDC5C3EADAC2C3EC9C8483ED1D0503E96
:107E9000BDBC3C3EB9B8383EF1F0703ED9D8583E32
:107EA000C9C8483EC9C8483EC9C8483EC1C0403E8E
:107EB000B9B8383EB5B4343EADAC2C3E8584043EF2
:107EC000D9D8D83DCDCC4C3EA9A8283EF9F8F83DEC
:107ED0009594143EA1A0203EE1E0E03DE1E0E03DCC
:107EE000E9E8E83D8D8C0C3EE9E8E83DE9E8E83D4D
:107EF000F1F0F03DD1D0D03DB1B0B03D8D8C0C3E15
:107F0000C9C8C83DB9B8B83D8180803DC9C8C83D21
:107F1000D9D8D83DA1A0A03DC1C0C03DB9B8B83D99
:107F2000B9B8B83DC1C0C03D8180803DA9A8A83D79
:107F3000E9E8E83DE9E8E83DA9A8A83DE1E0E03D41
:107F4000B1B0B03D8584043ED1D0D03DB9B8B83D84
:107F5000B5B4343EB9B8383E8584043E9D9C1C3E81
:107F60009190103E8D8C0C3E9190103ED1D0D03D22
:107F70008584043E9190103EBDBC3C3EB5B4343E79
:107F8000C9C8483ED1D0503EB5B4343EA9A8283E19
:107F9000B5B4343EA1A0203E9190103EC5C4443EED
:107FA000A9A8283EC1C0403ECDCC4C3ED9D8583EB1
:107FB000ADAC2C3E9594143E8988083EF9F8F83D06
:107FC000B9B8383E9998183EA9A8283E9998183E05
:107FD000E1E0E03DB1B0303E8584043E8D8C0C3E46
:107FE000D1D0D03DB9B8B83DE1E0E03D8180003E60
:107FF000B1B0303EC1C0C03DE1E0E03DF9F8F83D30
:10800000A1A0A03D8988883DC1C0403D9190903D90
:108010009998983DC1C0C03D9190903DE1E0E03D10
:10802000B9B8B83D9998983DC1C0C03DD9D8D83DA0
:10803000E1E0E03DC1C0403D8180803D9998183E1F
:10804000C9C8C83D9D9C1C3EA5A4243E8180003E1D
:10805000F1F0F03D9190103EE9E8E83D9190103E3E
:10806000A1A0203E9D9C1C3E8180003ED1D0D03DF1
:10807000A9A8283ED1D0503ED1D0503EB5B4343E10
:10808000A1A0203EF9F8F83DB9B8383E9190103ED5
:10809000C9C8483EA5A4243EB5B4343EB5B4343E68
:1080A000C5C4443EA5A4243EADAC2C3EADAC2C3E94
:1080B0008584043E8584043E9998183E9594143E28
:1080C0009998183EB9B8B83DE1E0E03D8D8C0C3E82
:1080D000D1D0D03DD1D0D03DC1C0C03DD9D8D83D00
:1080E0008584043E8584043EE9E8E83DD1D0D03D56
:1080F0009998183EC9C8C83DE1E0E03DF1F0703DF7
:10810000C9C8C83D9998983DB1B0B03DE1E0E03DA7
:10811000D1D0503D8180003DC1C0C03DC1C0C03DF7
:10812000A9A8A83DC9C8C83DE1E0E03DC9C8C83D0F
:10813000D1D0D03D9190903DF1F0703DB1B0B03DC7
:10814000B9B8B83D9D9C1C3E9190103EA9A8A83D91
:10815000E1E0E03D8180003EC9C8C83D8180003E2D
:10816000E9E8E83D9190903D8988083EC5C4443EC9
:10817000B5B4343EA9A8283E9D9C1C3EC9C8483EC3
:10818000B1B0303EF9F8F83DADAC2C3EADAC2C3E74
:108190008D8C0C3EB5B4343EA9A8283EADAC2C3E27
:1081A000A5A4243EA1A0203E9D9C1C3E8D8C0C3E8F
:1081B000DDDC5C3E9594143EE9E8E83DF1F0F03DED
:1081C000ADAC2C3EADAC2C3EB9B8383E9D9C1C3EAF
:1081D0008988083ED1D0D03DE1E0603DB9B8B83DD6
:1081E0009998983DC1C0C03DD9D8D83D8584043EFA
:1081F0008180003E8180803D9998183E9998183E74
:10820000C1C0403DC9C8C83DD1D0D03DD1D0503DFE
:10821000E1E0603D8988883DC1C0C03DC1C0403DAE
:10822000D1D0D03DD1D0D03DB9B8B83DB9B8B83D26
:10823000B9B8B83D8584043EC1C0403DF1F0703D01
:10824000C9C8C83DC1C0C03D8988083EB1B0B03D75
:10825000E9E8E83D9594143EF1F0F03DA9A8A83D69
:108260009190103EE9E8E83DA5A4243E9594143E83
:108270008584043E9D9C1C3E9190103E9D9C1C3E1E
:10828000D1D0503E9D9C1C3E8584043EB5B4343E06
:10829000A5A4243E9D9C1C3EA5A4243E9594143E7A
:1082A000A5A4243EADAC2C3EA1A0203EB5B4343EE6
:1082B000C1C0403E9998183ED9D8D83D8180003E33
:1082C000D1D0D03DA9A8283ED1D0D03DC9C8C83D05
:1082D000F1F0F03DE1E0E03DE9E8E83DE9E8E83DC6
:1082E000F1F0F03D8988083EE1E0E03DE9E8E83D55
:1082F000C9C8C83DD9D8D83DD1D0D03D8988083E1D
:10830000F1F0703D8180803D8D8C0C3EB1B0B03D70
:10831000B9B8B83DC1C0C03D9190903DC1C0C03D0D
:10832000D9D8D83D8988883DB9B8B83DB1B0303D7D
:10833000A9A8A83DD1D0D03DB1B0303DA9A8A83D55
:10834000B9B8B83DE1E0603DB1B0B03D8180003EDC
:10835000D9D8D83D9998983D8584043E9D9C1C3E73
:10836000E9E8E83DB9B8B83DBDBC3C3EA1A0203E1F
:10837000D9D8D83DF1F0F03D9190103EB9B8B83D54
:10838000ADAC2C3E9998183ED1D0D03D8584043EAA
:10839000B9B8383EA9A8283E8584043E9998183E6D
:1083A000ADAC2C3EF9F8F83D8D8C0C3EADAC2C3EBE
:1083B0009D9C1C3EA5A4243E9594143EB5B4343E29
:1083C000E9E8E83D8180003E9594143E9594143E82
:1083D000A9A8A83D9998983D8180003EB1B0B03DD4
:1083E0009190903D9998183ED9D8D83D8584043E07
:1083F000B9B8383EA1A0A03D9190903D8988883DB4
:10840000F1F0F03DA1A0A03D9998983DD9D8D83D74
:10841000C1C0C03DF1F0F03DC1C0C03DD9D8D83D8C
:10842000B9B8B83DA1A0A03DD1D0503DB9B8B83D34
:10843000F1F0F03DD9D8D83D9190903DA1A0A03D5C
:10844000B1B0B03DC1C0403DB9B8B83DF1F0F03D6C
:10845000E9E8E83D9998983DF1F0F03DA5A4243E67
:108460008D8C0C3EF1F0F03DF1F0F03DADAC2C3ECA
:10847000BDBC3C3EF1F0F03DA9A8283E8988083EED
:10848000F9F8F83D9D9C1C3E8180003E9998183E6D
:10849000B1B0303EB1B0303E9D9C1C3E8988083E54
:1084A0008988083EA9A8283EA9A8283EA1A0203E68
:1084B0008D8C0C3EC5C4443E9998183EF9F8F83DA1
:1084C000D9D8D83D8D8C0C3ECDCC4C3EA5A4243EB5
:1084D0009594143EF9F8F83DE9E8E83DD9D8D83D3F
:1084E000C9C8C83DE9E8E83D8988083EF9F8F83D83
:1084F0009190103E9D9C1C3ED1D0D03DA1A0203D2E
:108500008180803D9594143E8180003EF1F0703D65
:10851000F9F8F83DB9B8B83DA9A8A83DA9A8A83D63
:10852000E1E0E03D8180003E8180803DD1D0D03DC2
:108530009998983D8988083EF9F8F83DA1A0A03D9A
:10854000C9C8C83D8D8C0C3EF9F8F83DD9D8D83D46
:108550009998983DE1E0E03DF1F0F03DF1F0F03D1B
:10856000C1C0C03D8988083EADAC2C3EB5B4343E98
:108570009998183EB1B0303E8988083EBDBC3C3E5B
:108580009594143E9594143E9594143E9998183EF3
:108590008180003EC9C8483ECDCC4C3EA9A8283EAB
:1085A0009594143E9D9C1C3EA1A0203EA1A0203E7F
:1085B0008584043EA1A0203EA1A0203ED9D8D83D6C
:1085C0008988083E8D8C0C3EB1B0B03DF9F8F83D7D
:1085D000D9D8D83DC9C8C83DC9C8C83DC1C0C03D2B
:1085E000F1F0F03DD9D8D83DD1D0D03DE9E8E83D13
:1085F000B9B8B83D9998183E9190903DB1B0B03D52
:10860000E1E0603DA9A8A83DF1F0F03DA1A0A03DAA
:10861000C1C0403E9D9C1C3E9998183EB1B0B03DF3
:10862000D9D8D83DF1F0F03DA9A8A83DB1B0B03DF2
:10863000A1A0A03DA1A0A03D8988883DE1E0E03D4A
:10864000D9D8D83DF1F0703DF9F8F83D8988083E59
:10865000F1F0F03DC1C0C03DF9F8F83DD9D8D83DA2
:10866000A9A8A83D9998983DD9D8D83D8D8C0C3EA5
:10867000B1B0303EADAC2C3EB1B0303EC1C0403E9A
:108680009998183ED1D0D03DA5A4243E9594143E8F
:108690008584043EE9E8E83D9190103E9190103EBB
:1086A000C9C8C83D8988083E9190103E8584043E23
:1086B000BDBC3C3EF1F0F03DF1F0F03D9594143E30
:1086C0009594143ED1D0D03D9190903DC1C0C03D15
:1086D000F1F0F03D9998183EC9C8C83DD9D8D83DA9
:1086E000A9A8A83DF1F0F03DC9C8C83DB1B0B03D62
:1086F000E1E0603DC1C0C03D9594143E9998183E9C
:10870000C9C8C83DB1B0B03DF1F0703DE1E0603D99
:10871000C1C0403ED1D0D03D8988083E8180003E16
:10872000C9C8C83DF1F0F03D8180803DE1E0E03D09
:10873000D9D8D83DB9B8B83DF1F0703DD1D0503D51
:10874000F1F0F03D8180803DE1E0E03DD9D8D83DB9
:10875000A9A8A83DD1D0D03D8584043E8180003EAB
:108760008584043E8D8C0C3E8584043ED1D0D03D62
:10877000BDBC3C3ED5D4543EC9C8483E8D8C0C3E51
:108780008988083EBDBC3C3EF9F8F83DB1B0B03D2B
:108790009190103E8988083EC1C0403EA9A8283E5D
:1087A0008988083ED1D0D03DD9D8D83D8D8C0C3E9B
:1087B000ADAC2C3E9998183E9D9C1C3EC1C0403EDD
:1087C000A9A8A83D9190103E9594143E9190103E1A
:1087D0009594143EA1A0203E8584043EC1C0C03DB6
:1087E000C1C0C03DF9F8F83D8988083EF9F8F83D68
:1087F000D1D0D03DA1A0203E8584043E8180003EA2
:108800009998183EC1C0C03D8180003DC1C0C03DA7
:10881000D1D0503E9594143EE9E8E83DA9A8A83D82
:10882000C1C0C03DF9F8F83DF1F0F03DC1C0C03D18
:10883000A1A0A03DB9B8B83DD1D0D03DD1D0D03D58
:10884000B9B8B83D8988883DF1F0F03DA1A0203E3F
:10885000F9F8F83DF1F0F03D9998983DE1E0E03D00
:108860008180003ED1D0D03DD1D0D03DF1F0F03D5F
:108870008584043ED9D8583ED5D4543E9594143EB0
:108880008180003EA1A0203E9998183EC1C0C03D05
:108890008988083E9190103E8988083EF9F8F83D95
:1088A0008180003EC1C0C03DD1D0D03DA5A4243EB2
:1088B0009D9C1C3EF9F8F83DE9E8E83D8584043EBE
:1088C0009190903DF9F8F83DA1A0A03DB9B8B83D10
:1088D000D1D0D03D9594143E8988083EC9C8C83D82
:1088E000D1D0D03DE9E8E83DD1D0D03DA5A4243E8B
:1088F0008584043E8988083EB1B0303E9D9C1C3E74
:10890000A9A8A83DB1B0B03DB1B0B03DF1F0F03D87
:108910008584843EE1E0E03DA1A0A03DE9E8E83D9A
:10892000C1C0C03DF1F0703D9190103D9998983DC7
:10893000B1B0B03DA9A8A83DA9A8A83D9998983D77
:108940008988883D8180003DC9C8C83DA1A0203EDE
:108950009998183EC9C8C83D8180803DC1C0C03DBE
:108960008988883DD1D0D03DA9A8A83DA9A8283E96
:108970008988083ED5D4543EB1B0303E9D9C1C3E03
:108980008584043E8D8C0C3E8988083EE1E0E03D04
:108990008180003EA9A8283EE1E0E03DC9C8C83D6D
:1089A0008180003EE1E0E03DB9B8383E8988083E6C
:1089B0008180003E8180003EF1F0F03DE1E0E03D4D
:1089C000A9A8283E8180003EA1A0A03D8180803DD5
:1089D000C9C8C83DB1B0B03D8180003E9190903D86
:1089E000D1D0D03DE1E0E03DF9F8F83DA1A0A03DB7
:1089F0008180803D8584043EBDBC3C3EC1C0403E7C
:108A0000F9F8F83D8988883DB1B0B03DF9F8F83DF6
:108A10000000000000000000000000000000000056
:108A2000000000000000B0420000B0C20000807FE3
:108A30003BAAB83F1872313F0000803F0000003F62
:108A4000ABAA2A3EACAA2A3D8588083C0000803F9C
:108A5000000000BFACAA2A3D6A0BB6BA0000803FF6
:108A6000ABAA2ABE8588083C470C50B9DB0F4940A9
:108A7000DB0FC93FDB0FC94083F9223E0000803F76
:108A800000000040000080409EC97F7F08E53C1E3A
:0C8A90001327373D2A424C3F0000003FF6
:02000004FFFFFC
:08FFF800000004F030EF36F0C8
:040000058000000077
:00000001FF
